TicketID,CreatedDate,CustomerID,CustomerName,Region,Channel,Category,Priority,Agent,ResolutionHours,CustomerRating,Status
TKT-10001,13/09/2025,CUST-549,John Miller,South,Phone,Technical,Medium,James,30.8,5,Escalated
TKT-10002,13/03/2025,CUST-313,Sophia Anderson,North,Chat,Delivery,Medium,John,58.6,3,Pending
TKT-10003,03/01/2025,CUST-861,Sarah Khan,South,Phone,Technical,Low,Michael,4.7,5,Resolved
TKT-10004,23/08/2025,CUST-658,Daniel Thomas,North,Email,Technical,Low,Olivia,40.4,1,Escalated
TKT-10005,05/08/2025,CUST-480,Sophia Anderson,South,email,Account,High,OLIVIA,14.7,,Pending
TKT-10006,02/01/2025,CUST-536,Michael Wilson,Noth,CHAT,Delivery,Medium,James ,8.1,2,Resolved
TKT-10007,12/03/2025,CUST-613,John Miller,North,email,Billing,Medium,Sarah,7.7,3,Resolved
TKT-10008,24/03/2025,CUST-951,Emma Davis,West,Chat,Billing,Medium,James ,7.8,4,Resolved
TKT-10009,05/08/2025,CUST-845,James Taylor,West,Email,Billing,Low,Mary,45.2,5,resolved
TKT-10010,23/01/2025,CUST-579,Michael Wilson,North,Phone ,Billing,Low,Emma ,55.8,1,Resolved
TKT-10011,06/12/2025,CUST-445,Daniel Thomas,South,Email,billing,Low,Sarah,53.0,2,Open
TKT-10012,04/07/2025,CUST-973,Sarah Khan,West,Phone ,Account,Medium,James,38.7,4,Escalated
TKT-10013,18/09/2025,CUST-355,Anna Smith,West,Email,Technical,Medium,James,80.0,3,Pending
TKT-10014,10/09/2025,CUST-300,Emma Davis,North,Chat,Billing,Low,David,Pending,2,OPEN
TKT-10015,18/08/2025,CUST-705,Michael Wilson,West,Email,Technical,High,Mary,70.2,3,Resolved
TKT-10016,24/08/2025,CUST-840,Daniel Thomas,West,Email,Billing,Medium,Sarah,6.3,5,Resolved
TKT-10017,13/03/2025,CUST-392,Anna Smith,North,Phone,Billing,Low,David,69.3,1,Pending
TKT-10018,23/01/2025,CUST-664,John Miller,North,Email,Delivery,Medium,Sarah,90.0,3,Open
TKT-10019,26/04/2025,CUST-325,Olivia Moore,North,email,Account,High,Emma,N/A,4,Resolved
TKT-10020,03/06/2025,CUST-408,Olivia Moore,West,Email,billing,Medium,Michael,51.5,2,Resolved
TKT-10021,07/03/2025,CUST-549,Michael Wilson,South,Phone,Billing,High,,48.5,2,resolved
TKT-10022,11/11/2025,CUST-626,Olivia Moore,South,Chat,Account,Medium,Mary ,12.4,1,Escalated
TKT-10023,22/10/2025,CUST-632,David Brown,East,Chat,Account,Medium,Michael,75.8,5,Pending
TKT-10024,24/10/2025,CUST-645,Sophia Anderson,South,Phone,Billing,Low,Olivia,83.3,1,Open
TKT-10025,17/09/2025,CUST-186,Michael Wilson,West,Email,Billing,Medium,Sarah,27.1,5,Pending 
TKT-10026,17/01/2025,CUST-989,Michael Wilson,South,Phone ,Technical,Medium,MARY,21.5,5,Resolved
TKT-10027,26/05/2025,CUST-928,James Taylor,South,Chat,Account,Low,David ,77.0,5,Escalated
TKT-10028,26/09/2025,CUST-571,Sarah Khan,North,Phone,Billing,Low,Michael,90.2,1,Open
TKT-10029,24/06/2025,CUST-815,Anna Smith,South,Chat,Delivery,Medium,James,91.9,2,Open
TKT-10030,05/02/2025,CUST-360,Olivia Moore,West,email,TECHNICAL,Medium,David,43.5,5,Open
TKT-10031,03/09/2025,CUST-548,David Brown,Sth,Phone,Delivery,High,Sarah,77.4,,Resolved
TKT-10032,07/02/2025,CUST-470,Sophia Anderson,East,Chat,Technical,Low,Mary,2.2,5,Open
TKT-10033,12/08/2025,CUST-103,James Taylor,West,Chat,Delivery,Medium,Olivia,16.5,1,Open
TKT-10034,21/05/2025,CUST-794,Daniel Thomas,Sth,Phone,Billing,High,Sarah ,8.0,2,Resolved
TKT-10035,17/06/2025,CUST-799,Olivia Moore,South,Email,Billing,Medium,James,95.5,3,Escalated
TKT-10036,01/11/2025,CUST-454,Anna Smith,North,Chat,Billing,Medium,Olivia,49.7,1,Resolved
TKT-10037,03/05/2025,CUST-154,Michael Wilson,South,Email,Account,Low,Olivia,5.1,4,Escalated
TKT-10038,21/04/2025,CUST-898,John Miller, East,Email,Technical,Medium,Michael,17.6,2,Pending
TKT-10039,05/07/2025,CUST-718,Olivia Moore,South,Phone,Billing,Low,Michael,44.3,1,resolved
TKT-10040,22/05/2025,CUST-568,Daniel Thomas,West,Email,Technical,Medium,David,N/A,1,Resolved
TKT-10041,18/09/2025,CUST-231,Emma Davis,South,Chat,Delivery,Low,Michael ,34.3,1,Open
TKT-10042,24/07/2025,CUST-473,David Brown,North,Email,Account,High,Mary,88.7,3,Pending
TKT-10043,26/08/2025,CUST-154,Anna Smith,West,Phone,TECHNICAL,Low,Mary,97.7,2,resolved
TKT-10044,13/12/2025,CUST-644,David Brown,West,Phone,Account,Medium,Emma ,90.4,5,Resolved
TKT-10045,05/03/2025,CUST-824,Emma Davis,West,email,Technical,High,DAVID,88.6,4,Resolved
TKT-10046,09/12/2025,CUST-634,David Brown,East,Chat,Account,Medium,David,50.2,2,Open
TKT-10047,06/11/2025,CUST-742,Michael Wilson,North,CHAT,Refund,Medium,MICHAEL,97.4,1,Resolved
TKT-10048,14/10/2025,CUST-323,Emma Davis,North,email,Delivery,Medium,John,90.5,4,Pending
TKT-10049,11/08/2025,CUST-957,John Miller,West ,email,Billing,High,Emma,57.6,5,Pending
TKT-10050,14/07/2025,CUST-193,Sarah Khan,East,Email,Billing,Low,Michael,34.7,5,Resolved
TKT-10051,27/11/2026,CUST-849,Michael Wilson,West,Phone ,Technical,Medium,Sarah,31.2,2,Open
TKT-10052,24/03/2025,CUST-333,Sophia Anderson,South,email,Technical,Low,James,69.9,2,Resolved
TKT-10053,14/03/2025,CUST-141,David Brown,North,Chat,Billing,Medium,Michael,72.1,3,Open
TKT-10054,09/11/2025,CUST-288,Sophia Anderson,North,Phone ,Delivery,Low,DAVID,83.9,1,resolved
TKT-10055,12/08/2025,CUST-340,Michael Wilson,South,Phone ,Delivery,High,Emma,69.9,5,Escalated
TKT-10056,19/06/2025,CUST-178,Daniel Thomas,West,Chat,Billing,Medium,Olivia ,87.8,5,Open
TKT-10057,01/09/2025,CUST-368,Anna Smith,East,Phone,Billing,High,Mary,96.5,5,resolved
TKT-10058,05/01/2025,CUST-223,Sarah Khan,North,Chat,Technical,Low,David,15.1,4,Resolved
TKT-10059,02/05/2025,CUST-174,Sophia Anderson,West,Phone,Billing,Medium,Olivia,26.1,4,Pending
TKT-10060,01/09/2025,CUST-591,Michael Wilson,North,Phone,Delivery,Low,John ,6.2,5,Open
TKT-10061,07/03/2025,CUST-778,Emma Davis,South,Email,Account,Medium,DAVID,56.6,4,Open
TKT-10062,12/04/2025,CUST-583,Sarah Khan,North,Email,Technical,Medium,DAVID,42.7,5,Resolved
TKT-10063,07/06/2025,CUST-367,Sarah Khan,South,email,Technical,Medium,John ,Unknown,4,Open
TKT-10064,27/10/2025,CUST-572,Emma Davis,East,Phone,Delivery,High,EMMA,86.1,1,Pending
TKT-10065,03/02/2025,CUST-315,Sophia Anderson,Noth,Email,Technical,Low,Emma,84.8,3,Open
TKT-10066,23/08/2025,CUST-450,David Brown,South,Phone,Technical,High,David,1.1,5,Pending
TKT-10067,07/09/2025,CUST-656,Olivia Moore,North,Phone ,Delivery,Low,MICHAEL,58.8,1,Pending
TKT-10068,25/02/2025,CUST-474,David Brown,North,Phone,Account,Medium,David ,Pending,3,Open
TKT-10069,21/02/2025,CUST-595,Olivia Moore,West ,Email,Account,Medium,JOHN,92.4,4,Resolved
TKT-10070,16/03/2025,CUST-100,Emma Davis,West,Phone,Billing,Low,Emma ,68.4,5,Resolved
TKT-10071,15/05/2025,CUST-491,James Taylor,West,email,Delivery,Medium,David,34.6,1,Resolved
TKT-10072,20/01/2025,CUST-437,David Brown,West,Phone,Account,Low,James,52.5,,Open
TKT-10073,08/09/2025,CUST-354,Anna Smith,East,CHAT,Delivery,Low,Michael,70.7,6,Resolved
TKT-10074,22/04/2025,CUST-486,Michael Wilson,South,CHAT,Account,Low,Michael,90.6,,Resolved
TKT-10075,19/01/2025,CUST-807,Emma Davis,West,Phone,Delivery,Medium,JAMES,87.1,2,Pending
TKT-10076,27/08/2025,CUST-264,James Taylor,North,CHAT,Account,High,James,80.4,3,Resolved
TKT-10077,12/10/2025,CUST-418,David Brown,North,CHAT,Delivery,Medium,Sarah,35.7,5,Resolved
TKT-10078,08/03/2025,CUST-483,Anna Smith,West,Email,billing,Medium,Emma,Pending,5,Resolved
TKT-10079,14/03/2025,CUST-540,Olivia Moore,South,CHAT,Technical,Medium,James,23.4,4,Pending
TKT-10080,18/01/2025,CUST-512,Daniel Thomas,West,Phone ,Account,Low,Mary,92.7,2,Pending
TKT-10081,05/08/2025,CUST-641,Anna Smith,East,Phone,Delivery,High,David,3.6,3,Escalated
TKT-10082,10/06/2025,CUST-358,Anna Smith,South,Chat,Billing,Medium,John,40.4,4,Resolved
TKT-10083,27/12/2025,CUST-207,Michael Wilson,North,Phone,Account,Low,Emma,7.7,1,Escalated
TKT-10084,19/07/2025,CUST-438,Emma Davis,West,Email,Billing,Medium,John,80.7,3,Resolved
TKT-10085,24/07/2025,CUST-893,James Taylor,East,Chat,Billing,High,DAVID,55.7,1,Escalated
TKT-10086,16/08/2025,CUST-928,Olivia Moore,Noth,email,Billing,Low,Mary,Pending,1,resolved
TKT-10087,07/07/2025,CUST-337,Olivia Moore,North,Email,Delivery,Medium,JOHN,60.1,5,Pending
TKT-10088,10/02/2025,CUST-209,Sophia Anderson,West,Chat,Refund,Medium,Emma,47.4,2,Open
TKT-10089,14/07/2025,CUST-194,John Miller,West,Chat,Account,Medium,John,10.3,5,Resolved
TKT-10090,07/07/2026,CUST-941,Emma Davis,West,Phone,Technical,Low,,Pending,5,Pending
TKT-10091,04/10/2025,CUST-521,Daniel Thomas,South,Phone ,Delivery,Low,John,61.1,,Pending
TKT-10092,16/03/2025,CUST-717,Anna Smith,North,Phone,billing,Medium,,85.8,3,Escalated
TKT-10093,20/10/2025,CUST-661,David Brown,East,Email,Account,Medium,Emma,59.4,1,Open
TKT-10094,25/09/2025,CUST-896,Sarah Khan,West,Phone,Refund,Medium,Olivia,97.2,7,Open
TKT-10095,16/03/2025,CUST-499,Emma Davis,East,Email,Delivery,Medium,James,50.7,5,Resolved
TKT-10096,22/06/2025,CUST-981,Sarah Khan,South,Email,Account,Low,James,Pending,4,Escalated
TKT-10097,24/10/2025,CUST-897,David Brown,North,email,Delivery,Medium,David,60.1,3,Resolved
TKT-10098,19/07/2025,CUST-895,Olivia Moore, East,Email,Account,Medium,Michael,11.6,3,Resolved
TKT-10099,25/10/2025,CUST-554,Anna Smith,South,Chat,Delivery,Medium,David,21.9,2,Pending
TKT-10100,06/01/2025,CUST-897,Daniel Thomas,South,Email,Delivery,Low,Olivia,41.2,3,Resolved
TKT-10101,17/04/2025,CUST-884,Anna Smith,West,Phone,Delivery,Medium,John,45.2,3,resolved
TKT-10102,04/04/2025,CUST-724,John Miller,East,CHAT,Technical,Medium,James,17.1,4,Escalated
TKT-10103,25/05/2025,CUST-194,Anna Smith,East,Email,Billing,Low,Michael,17.0,1,Resolved
TKT-10104,04/05/2025,CUST-580,Olivia Moore,East,Email,Delivery,Low,James,10.0,4,Resolved
TKT-10105,08/09/2025,CUST-216,Anna Smith,Noth,Phone ,Delivery,High,Sarah ,92.6,3,Escalated
TKT-10106,01/02/2025,CUST-218,Sophia Anderson,South,Chat,Technical,Medium,MARY,78.3,1,Pending
TKT-10107,08/07/2025,CUST-573,Michael Wilson,West,Phone ,TECHNICAL,Medium,John,Pending,4,resolved
TKT-10108,19/11/2025,CUST-617,Daniel Thomas,Noth,Chat,Delivery ,High,John,45.5,2,OPEN
TKT-10109,12/12/2025,CUST-819,John Miller,South,Phone ,Billing,Medium,Emma,57.1,1,Open
TKT-10110,04/08/2025,CUST-742,Michael Wilson,West,Email,Delivery,Low,Olivia,36.1,5,Pending
TKT-10111,26/06/2025,CUST-746,Sophia Anderson,West,Chat,Delivery,Low,MARY,41.0,4,Resolved
TKT-10112,11/04/2025,CUST-424,Anna Smith,North,Email,Refund,Low,JAMES,39.5,1,Resolved
TKT-10113,27/10/2025,CUST-633,Sarah Khan,North,Phone ,Account,Low,Mary,82.4,3,Resolved
TKT-10114,18/10/2025,CUST-379,Anna Smith,East,Email,TECHNICAL,Medium,James,94.2,5,Pending
TKT-10115,01/11/2025,CUST-650,Sarah Khan,North,Chat,Delivery,Medium,Olivia ,51.4,4,Pending
TKT-10116,07/02/2025,CUST-698,Emma Davis,North,CHAT,Billing,Low,Olivia,40.9,,Resolved
TKT-10117,07/02/2025,CUST-166,Sarah Khan,West ,Email,Account,High,James,82.2,3,Pending
TKT-10118,02/06/2025,CUST-113,Olivia Moore,West,Phone,Technical,High,John,36.5,,Pending
TKT-10119,11/01/2025,CUST-340,Olivia Moore,West,Email,Account,Medium,Sarah,68.8,4,Escalated
TKT-10120,13/09/2025,CUST-436,Michael Wilson,East,email,billing,Medium,James,70.7,1,Resolved
TKT-10121,04/12/2025,CUST-401,Michael Wilson,South,Phone,Account,Medium,EMMA,32.2,4,Resolved
TKT-10122,05/08/2025,CUST-667,David Brown,South,Chat,Refund,Medium,David,53.9,3,Open
TKT-10123,11/10/2025,CUST-304,James Taylor,East,Chat,Delivery,Low,Mary,57.4,2,Resolved
TKT-10124,05/03/2025,CUST-899,Michael Wilson,South,Phone,Refund,Low,Emma,12.9,2,Open
TKT-10125,08/08/2025,CUST-212,Sarah Khan,East,Email,Billing,Low,Michael,98.6,1,Resolved
TKT-10126,28/12/2025,CUST-876,Olivia Moore,East,Phone,Refund,Medium,James,Unknown,2,Resolved
TKT-10127,23/06/2025,CUST-361,Sarah Khan,South,Email,Refund,High,David,13.5,3,resolved
TKT-10128,25/02/2025,CUST-676,Sophia Anderson,West,Chat,Technical,Low,James,38.7,5,Escalated
TKT-10129,26/01/2025,CUST-996,Emma Davis,East,Phone,Delivery,Medium,Olivia ,50.8,1,Resolved
TKT-10130,13/04/2025,CUST-190,Michael Wilson,East,CHAT,Technical,Low,David,51.8,2,Open
TKT-10131,10/11/2025,CUST-405,Daniel Thomas,East,Chat,Billing,Medium,Emma,93.7,,Open
TKT-10132,04/12/2025,CUST-125,Olivia Moore,North,Email,Delivery,Medium,David,32.7,3,Open
TKT-10133,04/07/2025,CUST-469,Michael Wilson,West,Chat,TECHNICAL,High,Sarah,56.0,1,Pending
TKT-10134,12/06/2025,CUST-784,Michael Wilson,West,CHAT,Billing,High,Emma,22.3,3,Resolved
TKT-10135,25/06/2025,CUST-459,John Miller,West,Phone,Account,Low,Michael,54.5,2,Resolved
TKT-10136,16/05/2025,CUST-548,Emma Davis,West,Chat,Technical,Medium,Emma,60.1,3,Resolved
TKT-10137,02/03/2025,CUST-344,Michael Wilson,East,Email,Refund,High,Mary,77.7,4,Resolved
TKT-10138,13/09/2025,CUST-727,Anna Smith,East,Chat,billing,Low,John,38.4,3,Resolved
TKT-10139,17/05/2025,CUST-656,Sarah Khan,West,Phone ,Technical,Medium,Michael,26.2,1,Escalated
TKT-10140,05/06/2025,CUST-391,Emma Davis,South,Email,Billing,Low,Michael,71.5,1,Resolved
TKT-10141,17/12/2025,CUST-946,Olivia Moore,North,Email,Delivery,Low,Emma,16.2,1,Pending 
TKT-10142,14/01/2025,CUST-304,Anna Smith,North,Phone ,Billing,Medium,Olivia ,37.9,4,Resolved
TKT-10143,26/04/2025,CUST-850,James Taylor,South,Email,Refund,Medium,,47.8,1,Resolved
TKT-10144,20/11/2025,CUST-676,Olivia Moore,West,Phone,billing,Medium,Michael,18.1,1,Open
TKT-10145,05/07/2025,CUST-667,John Miller,West,Chat,Delivery,Medium,OLIVIA,97.0,6,Resolved
TKT-10146,14/02/2025,CUST-199,Daniel Thomas,East,Phone,Account,High,Mary,Unknown,1,Pending
TKT-10147,12/03/2025,CUST-745,Olivia Moore,West,Chat,TECHNICAL,Low,John,N/A,2,Resolved
TKT-10148,15/09/2025,CUST-885,John Miller,West,Phone ,Billing,Low,Olivia,20.3,1,Pending 
TKT-10149,07/01/2025,CUST-869,John Miller,East,Email,Technical,Low,Sarah,28.0,1,Escalated
TKT-10150,21/03/2025,CUST-229,Emma Davis,North,Chat,Account,High,James,77.0,3,Open
TKT-10151,16/02/2025,CUST-493,Sophia Anderson,East,Chat,Delivery,High,Mary,67.6,3,Escalated
TKT-10152,17/10/2025,CUST-754,Anna Smith,West,email,Refund,Low,DAVID,74.9,3,Resolved
TKT-10153,23/02/2025,CUST-214,Anna Smith, East,email,Refund,Medium,John ,Unknown,5,Open
TKT-10154,10/08/2025,CUST-641,James Taylor,East,email,Technical,High,David,28.7,2,Escalated
TKT-10155,18/01/2025,CUST-610,Emma Davis,North,Email,Billing,High,James,97.4,1,Pending
TKT-10156,17/07/2025,CUST-517,Olivia Moore,West,Chat,Billing,Medium,Sarah,44.2,2,resolved
TKT-10157,03/08/2025,CUST-871,James Taylor,North,Phone,Account,Low,Mary,10.5,3,Open
TKT-10158,02/06/2025,CUST-656,Daniel Thomas,West,Chat,Technical,Medium,Mary,78.0,4,Escalated
TKT-10159,08/04/2025,CUST-182,John Miller,North,Email,Delivery,Medium,Emma,8.1,1,Resolved
TKT-10160,27/01/2025,CUST-267,Anna Smith,West,email,Billing,Low,James,35.6,5,OPEN
TKT-10161,08/07/2025,CUST-642,Sarah Khan,West,Chat,Delivery,High,Michael,29.4,5,resolved
TKT-10162,13/04/2025,CUST-718,David Brown,South,Chat,Refund,Medium,John,99.4,1,Open
TKT-10163,22/11/2025,CUST-646,David Brown,North,Phone,Account,Low,Sarah,8.0,,Pending
TKT-10164,18/03/2025,CUST-554,John Miller,West,email,Technical,High,Michael,86.4,1,resolved
TKT-10165,09/09/2025,CUST-420,Emma Davis,North,Chat,Technical,Medium,Emma,31.7,1,Pending
TKT-10166,24/06/2025,CUST-155,Sophia Anderson,East,Phone,Account,Medium,Sarah,Pending,4,Resolved
TKT-10167,06/10/2025,CUST-836,Sarah Khan,East,Email,Billing,Medium,John,94.0,0,Open
TKT-10168,02/05/2025,CUST-372,Olivia Moore,East,Email,Technical,Medium,SARAH,15.9,0,Open
TKT-10169,18/02/2025,CUST-527,David Brown,East,Phone,Billing,Low,David,8.3,1,Resolved
TKT-10170,03/10/2025,CUST-328,Sophia Anderson,East,Phone,Refund,High,Olivia,62.2,5,Resolved
TKT-10171,20/10/2026,CUST-675,Michael Wilson,South,Phone,Delivery,Low,John,92.2,1,Pending
TKT-10172,07/02/2025,CUST-510,Anna Smith,West,Email,Account,Medium,John ,78.1,1,Pending
TKT-10173,04/04/2025,CUST-778,Sophia Anderson,West,Phone,Account,Low,DAVID,11.2,4,resolved
TKT-10174,22/02/2025,CUST-751,Sarah Khan,South,Phone,Delivery,Medium,James,30.1,3,Pending
TKT-10175,13/10/2025,CUST-233,David Brown,West,Chat,TECHNICAL,Low,,3.9,3,Pending
TKT-10176,14/12/2025,CUST-436,Anna Smith,East,Email,Account,High,David,85.6,5,Resolved
TKT-10177,05/06/2025,CUST-347,John Miller,South,Email,Account,Medium,David ,54.2,3,Open
TKT-10178,06/12/2025,CUST-847,Anna Smith,South,Phone,Technical,Medium,James,79.5,,Open
TKT-10179,13/03/2025,CUST-560,Daniel Thomas,East,Phone,Billing,Medium,,26.4,1,Pending
TKT-10180,07/11/2025,CUST-887,Olivia Moore,North,Chat,Billing,Low,Emma,75.8,5,Pending
TKT-10181,15/10/2025,CUST-736,Sophia Anderson,West,Email,Refund,Medium,James,40.9,,Pending
TKT-10182,23/06/2025,CUST-372,Olivia Moore,East,Phone,Delivery,Low,Sarah ,2.7,4,Resolved
TKT-10183,05/07/2025,CUST-369,Olivia Moore,Noth,Phone,Billing,Medium,EMMA,43.2,1,Pending
TKT-10184,21/04/2025,CUST-511,James Taylor,West,Phone,Delivery,Medium,James,Unknown,2,Resolved
TKT-10185,23/11/2025,CUST-399,Sophia Anderson,West,Phone,Delivery,Low,Mary,92.1,5,Open
TKT-10186,22/04/2025,CUST-847,Michael Wilson,South,email,Billing,Medium,Mary,N/A,1,Escalated
TKT-10187,01/08/2025,CUST-833,John Miller,East,Email,Technical,Low,Emma,1.9,4,Pending
TKT-10188,01/03/2025,CUST-787,Emma Davis,West ,Chat,Technical,Medium,Emma,90.3,1,Resolved
TKT-10189,16/12/2026,CUST-902,Sophia Anderson,North,Chat,Refund,Low,David,27.1,3,Pending
TKT-10190,20/05/2025,CUST-195,Sarah Khan,East,Email,Delivery,Medium,OLIVIA,28.8,2,Pending
TKT-10191,04/11/2025,CUST-120,James Taylor, East,email,Account,Medium,Mary,44.6,2,Pending 
TKT-10192,26/12/2025,CUST-704,James Taylor,South,Chat,Delivery,Medium,Sarah,41.2,,Resolved
TKT-10193,06/03/2025,CUST-393,John Miller,North,Email,Refund,High,John,5.1,4,Resolved
TKT-10194,11/07/2025,CUST-171,Olivia Moore,West,Phone,Delivery,Low,John,8.7,2,Open
TKT-10195,17/02/2025,CUST-781,Daniel Thomas,East,Phone,Delivery,Medium,David,59.3,5,Open
TKT-10196,16/06/2025,CUST-225,Daniel Thomas,South,Chat,billing,Medium,David,52.0,1,Pending 
TKT-10197,13/05/2025,CUST-908,John Miller,East,Chat,Account,Low,James,38.1,2,Open
TKT-10198,02/07/2025,CUST-750,Sophia Anderson,East,Chat,Delivery,Low,Emma,96.3,5,Open
TKT-10199,25/09/2025,CUST-530,Sophia Anderson,South,Chat,Refund,Medium,David,61.8,1,resolved
TKT-10200,27/09/2025,CUST-328,David Brown,South,Phone,Billing,High,Olivia,4.5,5,Open
TKT-10201,09/02/2025,CUST-429,Anna Smith,Sth,Email,billing,Low,Michael,89.4,3,Pending
TKT-10202,14/06/2025,CUST-727,Emma Davis,West,Email,Technical,Low,DAVID,65.1,5,Resolved
TKT-10203,02/01/2025,CUST-937,James Taylor,North,Phone,Technical,Medium,Olivia,N/A,2,Resolved
TKT-10204,03/05/2026,CUST-445,James Taylor,West,Phone,Refund,Low,MARY,Unknown,4,Resolved
TKT-10205,05/09/2025,CUST-684,Daniel Thomas,South,Email,Delivery,Medium,Michael,96.9,2,Resolved
TKT-10206,12/04/2025,CUST-196,Sophia Anderson,West,Phone,Billing,Medium,JOHN,63.1,3,Pending
TKT-10207,08/09/2025,CUST-591,Emma Davis,West,email,Delivery ,Medium,EMMA,66.3,2,Pending
TKT-10208,01/03/2025,CUST-351,Sarah Khan,East,Phone,Delivery,High,Mary,4.9,2,Open
TKT-10209,21/10/2025,CUST-848,David Brown,North,email,Account,Low,Michael,60.5,1,Pending
TKT-10210,20/04/2025,CUST-708,John Miller,South,Phone ,billing,Low,Olivia ,Unknown,5,Escalated
TKT-10211,09/05/2025,CUST-101,John Miller,West,Phone,Refund,Medium,Sarah,64.0,4,Pending
TKT-10212,04/05/2025,CUST-605,David Brown,East,CHAT,Account,Low,John,77.9,5,Pending
TKT-10213,16/03/2025,CUST-742,Emma Davis,South,Phone,Technical,Medium,Emma,76.6,4,Resolved
TKT-10214,11/09/2025,CUST-709,Olivia Moore,South,email,Technical,High,John,75.1,2,Pending
TKT-10215,21/02/2025,CUST-841,Olivia Moore,West,Chat,Technical,Medium,David ,84.1,1,Pending
TKT-10216,02/04/2025,CUST-877,Sarah Khan,West,Email,Technical,Low,James,59.8,2,Open
TKT-10217,11/12/2025,CUST-821,John Miller,West,Chat,Refund,Low,Mary,13.8,1,OPEN
TKT-10218,27/11/2025,CUST-257,Sarah Khan,South,Email,Billing,High,James,38.7,4,Resolved
TKT-10219,28/07/2025,CUST-801,Michael Wilson,Sth,CHAT,Account,Medium,Emma ,32.9,1,Resolved
TKT-10220,10/02/2025,CUST-963,John Miller,South,Chat,Billing,High,JAMES,54.7,4,Pending
TKT-10221,26/03/2025,CUST-304,Michael Wilson,West ,Phone,Refund,Low,David,61.4,1,Open
TKT-10222,23/02/2025,CUST-823,Olivia Moore,Sth,Phone ,Billing,Medium,Mary,8.0,5,Resolved
TKT-10223,19/09/2025,CUST-776,John Miller,Sth,Email,billing,Medium,Michael ,62.0,3,Open
TKT-10224,02/05/2025,CUST-264,Anna Smith,East,CHAT,Technical,Medium,Emma,10.9,2,Open
TKT-10225,08/02/2025,CUST-638,John Miller,East,Email,Delivery,Low,Michael,46.5,3,resolved
TKT-10226,19/04/2025,CUST-538,James Taylor,South,email,Refund,Medium,,53.2,5,Pending 
TKT-10227,27/11/2025,CUST-771,James Taylor,Noth,Chat,Billing,Medium,MARY,90.3,1,Pending
TKT-10228,03/12/2025,CUST-129,Anna Smith,West,CHAT,Delivery ,Medium,MICHAEL,68.5,1,Open
TKT-10229,11/04/2025,CUST-375,David Brown,South,Phone,Technical,Medium,MICHAEL,31.7,2,Open
TKT-10230,01/05/2025,CUST-104,James Taylor,East,email,Account,Low,John,99.0,2,Resolved
TKT-10231,20/07/2025,CUST-614,James Taylor,South,Email,Account,Medium,Mary,77.5,5,Pending
TKT-10232,14/01/2025,CUST-452,Sophia Anderson,West,Phone,Delivery ,Medium,EMMA,54.4,5,resolved
TKT-10233,25/02/2025,CUST-206,Michael Wilson,South,Phone ,Technical,Medium,Michael,75.2,2,OPEN
TKT-10234,17/04/2025,CUST-877,Sophia Anderson,South,Phone,Account,Low,Olivia,3.9,3,Resolved
TKT-10235,12/07/2025,CUST-976,David Brown,North,Phone,Account,Medium,EMMA,95.6,5,OPEN
TKT-10236,10/11/2025,CUST-413,Anna Smith,South,Chat,billing,Medium,Michael,63.0,4,Resolved
TKT-10237,17/01/2025,CUST-583,Daniel Thomas,East,Chat,Technical,Medium,David,85.3,1,Escalated
TKT-10238,17/11/2025,CUST-164,Olivia Moore,West,CHAT,Technical,High,Sarah,8.9,2,Open
TKT-10239,10/07/2025,CUST-775,Daniel Thomas,East,email,Delivery ,Low,Emma,38.2,,Pending
TKT-10240,26/02/2025,CUST-388,Michael Wilson,West,Chat,Delivery,Medium,Mary,8.1,5,Open
TKT-10241,24/10/2025,CUST-338,Sophia Anderson,East,Email,Delivery,Medium,Emma,Pending,5,resolved
TKT-10242,05/12/2025,CUST-320,Anna Smith,West,Phone,Delivery,Medium,John,41.7,2,Escalated
TKT-10243,27/04/2025,CUST-929,James Taylor,South,Chat,Account,High,John,8.3,,Open
TKT-10244,20/06/2025,CUST-122,John Miller,Noth,Email,Technical,Low,David,68.0,4,Pending
TKT-10245,17/11/2025,CUST-740,Emma Davis,West,Phone,Delivery,Low,David,16.9,5,Resolved
TKT-10246,27/09/2025,CUST-630,Emma Davis,East,Phone,Account,Low,Sarah,11.7,3,Resolved
TKT-10247,04/10/2025,CUST-284,Emma Davis,North,Phone ,Delivery,High,Emma,75.9,,Escalated
TKT-10248,10/12/2025,CUST-273,Anna Smith,West,Chat,Account,Medium,SARAH,48.7,1,Open
TKT-10249,05/10/2025,CUST-617,James Taylor,East,Chat,Technical,High,David,43.1,4,Escalated
TKT-10250,19/03/2025,CUST-506,Sarah Khan,East,email,Account,High,David,10.3,4,Pending
TKT-10251,19/12/2025,CUST-289,Anna Smith,West,Phone,Billing,Low,Michael,92.3,1,Resolved
TKT-10252,26/02/2025,CUST-803,James Taylor,West ,Phone,Technical,Medium,Emma,42.9,5,Open
TKT-10253,05/11/2025,CUST-552,James Taylor,South,Chat,Delivery,Medium,Emma,84.2,5,Escalated
TKT-10254,26/03/2025,CUST-630,James Taylor,West,Email,Billing,Low,Olivia,39.8,4,Resolved
TKT-10255,27/04/2025,CUST-943,James Taylor,North,Phone ,Account,Medium,Mary,46.8,3,Escalated
TKT-10256,24/05/2025,CUST-305,Anna Smith,Sth,email,Billing,Low,John,33.4,1,Open
TKT-10257,05/02/2025,CUST-600,James Taylor,West,Phone,Account,Low,OLIVIA,26.0,5,Open
TKT-10258,08/05/2025,CUST-134,John Miller,South,Chat,Account,Low,Michael,8.4,2,Open
TKT-10259,12/09/2025,CUST-221,Daniel Thomas,Sth,Email,Technical,Medium,Sarah,59.4,1,Resolved
TKT-10260,08/08/2025,CUST-682,Michael Wilson,East,Phone ,Billing,Medium,Sarah,36.3,2,Resolved
TKT-10261,13/04/2025,CUST-642,John Miller, East,Email,Delivery,Medium,Mary,75.6,5,OPEN
TKT-10262,28/08/2025,CUST-563,Michael Wilson,West,Chat,Refund,Low,DAVID,38.5,3,Resolved
TKT-10263,17/02/2025,CUST-741,David Brown,East,Chat,Delivery,Low,Michael,Unknown,5,Open
TKT-10264,12/10/2025,CUST-464,Sophia Anderson,North,Chat,Delivery ,Low,DAVID,Pending,4,Resolved
TKT-10265,20/12/2025,CUST-533,Anna Smith,West,Phone ,Billing,Low,Mary,34.6,5,resolved
TKT-10266,10/03/2025,CUST-403,Olivia Moore,South,Email,Account,Medium,DAVID,16.1,2,Pending
TKT-10267,03/06/2025,CUST-104,Sarah Khan,South,email,Technical,Low,John ,43.0,1,Resolved
TKT-10268,16/07/2025,CUST-827,Michael Wilson,North,Email,Technical,Medium,Sarah ,90.9,,Resolved
TKT-10269,20/01/2025,CUST-182,James Taylor, East,Phone,Delivery ,Medium,Emma,84.6,1,Escalated
TKT-10270,27/10/2025,CUST-859,Daniel Thomas,South,Chat,Delivery,High,Michael,29.4,4,Resolved
TKT-10271,13/02/2025,CUST-552,Anna Smith,West,Chat,Delivery,Medium,Sarah,49.5,2,Resolved
TKT-10272,07/03/2025,CUST-744,Sophia Anderson,West,Email,Delivery,Low,Emma,88.6,1,OPEN
TKT-10273,27/01/2025,CUST-611,Daniel Thomas,West,email,Billing,Medium,Emma ,Pending,1,Pending
TKT-10274,12/05/2025,CUST-704,Emma Davis, East,email,Technical,Low,Michael ,36.0,3,Pending
TKT-10275,09/06/2025,CUST-767,David Brown,West,CHAT,billing,Medium,Mary,28.6,1,Pending
TKT-10276,04/11/2025,CUST-492,James Taylor,North,Phone,Delivery,Low,John ,79.7,5,Open
TKT-10277,25/10/2025,CUST-490,Olivia Moore,West,Email,Delivery,Low,Olivia ,46.4,2,Open
TKT-10278,03/08/2025,CUST-140,John Miller,East,Email,Account,Medium,Sarah,1.8,2,Resolved
TKT-10279,25/10/2025,CUST-264,John Miller,Sth,Email,Delivery,Low,Sarah,58.1,,Resolved
TKT-10280,11/09/2025,CUST-739,Olivia Moore,West,Phone ,Delivery,High,Sarah,54.2,5,Open
TKT-10281,26/07/2025,CUST-400,John Miller,North,CHAT,Billing,Medium,John,Pending,2,Escalated
TKT-10282,02/06/2025,CUST-462,Sophia Anderson,East,CHAT,Account,Medium,Sarah ,98.8,1,Pending
TKT-10283,14/09/2025,CUST-469,John Miller,East,Phone,Account,Low,Emma,1.7,5,Resolved
TKT-10284,09/04/2025,CUST-979,Daniel Thomas,East,CHAT,Billing,Medium,John,92.1,1,Open
TKT-10285,25/10/2025,CUST-144,Daniel Thomas,Noth,Email,TECHNICAL,High,Michael,56.6,2,Resolved
TKT-10286,18/02/2025,CUST-579,Emma Davis,West,CHAT,Delivery,High,Sarah,68.2,3,OPEN
TKT-10287,25/07/2025,CUST-378,Olivia Moore,South,Phone,Delivery ,Medium,John,61.2,,resolved
TKT-10288,13/07/2025,CUST-945,John Miller,East,CHAT,Refund,Low,John,80.6,3,Resolved
TKT-10289,05/11/2025,CUST-101,Daniel Thomas,North,Email,Account,Medium,James,28.5,3,Resolved
TKT-10290,18/11/2025,CUST-917,James Taylor,West,Phone ,Billing,Low,Sarah,28.1,1,Pending
TKT-10291,01/09/2025,CUST-966,Sarah Khan,South,Phone,Account,Medium,Sarah,65.3,,Pending
TKT-10292,03/09/2025,CUST-346,James Taylor,East,Phone,Billing,Low,John,95.8,1,Escalated
TKT-10293,10/03/2025,CUST-595,John Miller,East,Email,Delivery,Low,Olivia,91.8,5,Escalated
TKT-10294,12/08/2025,CUST-565,Anna Smith,West,CHAT,Delivery,High,JOHN,53.1,4,Escalated
TKT-10295,11/08/2025,CUST-604,James Taylor,North,Phone,Billing,Low,Michael,84.9,5,Pending
TKT-10296,27/06/2025,CUST-942,Emma Davis,North,Chat,Billing,Medium,James,37.7,1,Open
TKT-10297,28/06/2025,CUST-346,James Taylor,South,CHAT,Account,Medium,Sarah ,51.2,,Pending
TKT-10298,07/03/2025,CUST-246,John Miller,East,Chat,Billing,High,Sarah,55.0,2,Open
TKT-10299,28/10/2025,CUST-117,John Miller,North,Phone,Account,Low,James,14.7,3,Resolved
TKT-10300,26/02/2025,CUST-170,Sarah Khan,South,Chat,Technical,High,JOHN,89.3,1,Resolved
TKT-10301,24/04/2025,CUST-667,David Brown,East,Chat,Account,Low,Emma,Pending,4,Pending
TKT-10302,07/12/2025,CUST-729,James Taylor,South,Chat,TECHNICAL,Medium,Emma,59.1,4,Open
TKT-10303,08/12/2025,CUST-665,Sophia Anderson,Sth,Email,Technical,Medium,OLIVIA,71.4,,Pending
TKT-10304,11/11/2025,CUST-116,James Taylor,North,Chat,Technical,High,Emma ,46.9,5,Open
TKT-10305,04/07/2025,CUST-605,John Miller,East,Chat,Refund,Medium,James,27.3,3,Resolved
TKT-10306,12/05/2025,CUST-745,Daniel Thomas,North,Phone ,Delivery,Medium,Emma,42.2,2,Open
TKT-10307,17/05/2025,CUST-105,Anna Smith,East,Chat,Account,Medium,Mary,78.6,4,Open
TKT-10308,26/03/2025,CUST-117,Michael Wilson,North,CHAT,Delivery,Medium,John ,93.6,5,Open
TKT-10309,15/10/2025,CUST-180,Sophia Anderson,East,email,Billing,High,David,65.7,2,Resolved
TKT-10310,01/04/2025,CUST-921,Anna Smith,West ,Email,Account,Low,James,93.0,5,Resolved
TKT-10311,12/12/2025,CUST-813,David Brown,Sth,Phone ,Delivery,High,John,93.7,4,Open
TKT-10312,22/07/2025,CUST-178,John Miller,North,CHAT,Delivery,Low,Michael,7.8,5,Pending
TKT-10313,10/11/2025,CUST-671,James Taylor,West,Email,Delivery,High,Olivia,90.7,1,Resolved
TKT-10314,25/09/2025,CUST-167,Sarah Khan,East,Chat,Delivery ,Low,Mary,52.9,1,Resolved
TKT-10315,13/08/2025,CUST-814,David Brown,North,email,Technical,Medium,Olivia,10.9,5,Resolved
TKT-10316,24/06/2025,CUST-633,Olivia Moore,East,Phone,billing,Medium,John,3.9,1,Escalated
TKT-10317,09/07/2025,CUST-482,Sophia Anderson,West,Email,billing,Medium,Mary,5.7,5,Escalated
TKT-10318,20/08/2025,CUST-814,Sophia Anderson,East,Phone,Refund,Medium,Mary,5.4,1,OPEN
TKT-10319,11/03/2025,CUST-683,Michael Wilson,North,CHAT,Refund,Medium,Sarah ,50.4,3,Resolved
TKT-10320,12/09/2025,CUST-788,Daniel Thomas,South,Phone ,Delivery,Low,David,93.7,3,Pending 
TKT-10321,28/03/2025,CUST-226,Sophia Anderson,East,Phone,Technical,Medium,James,85.9,5,Open
TKT-10322,08/08/2025,CUST-764,Olivia Moore,West,Email,Account,Low,Mary ,40.1,3,Escalated
TKT-10323,17/10/2025,CUST-543,Sarah Khan,West,email,Billing,Medium,JAMES,48.2,2,Resolved
TKT-10324,04/12/2025,CUST-164,Olivia Moore,North,Chat,Account,Medium,Michael ,74.8,2,Open
TKT-10325,19/11/2025,CUST-772,Emma Davis,East,Email,Billing,High,Sarah,Unknown,1,Resolved
TKT-10326,15/10/2025,CUST-889,James Taylor,East,Email,Billing,Medium,JAMES,61.9,4,Pending
TKT-10327,28/12/2025,CUST-753,David Brown,North,Phone,Delivery,Low,OLIVIA,22.9,3,Resolved
TKT-10328,22/01/2025,CUST-149,John Miller,South,Chat,TECHNICAL,Low,Sarah,52.1,4,Resolved
TKT-10329,01/04/2025,CUST-625,Emma Davis,Noth,Phone,Delivery,Low,Mary,73.1,1,Resolved
TKT-10330,25/12/2025,CUST-528,David Brown,South,CHAT,Technical,Medium,Emma,54.0,4,Pending
TKT-10331,03/11/2026,CUST-757,Sophia Anderson,West,Phone,Delivery,High,Mary,71.9,4,Open
TKT-10332,19/01/2025,CUST-986,Anna Smith,East,Chat,Account,Medium,Mary,25.5,1,Resolved
TKT-10333,27/08/2025,CUST-612,Daniel Thomas,Sth,Phone,Account,Medium,MARY,83.3,4,Pending
TKT-10334,11/10/2025,CUST-921,James Taylor,South,Phone,billing,Medium,Sarah,Unknown,2,Resolved
TKT-10335,16/08/2025,CUST-969,James Taylor,Sth,Chat,Account,Low,JAMES,13.4,2,Open
TKT-10336,24/07/2025,CUST-914,Olivia Moore,East,Chat,Billing,Medium,Michael,83.5,2,Resolved
TKT-10337,13/06/2025,CUST-404,Anna Smith,East,Phone ,Delivery,Medium,David,27.2,2,Open
TKT-10338,10/09/2025,CUST-907,Sarah Khan,West,CHAT,Account,Low,Emma,49.3,5,Resolved
TKT-10339,19/06/2025,CUST-505,Michael Wilson,South,Phone,Delivery,High,Emma,56.6,3,Open
TKT-10340,07/12/2025,CUST-499,James Taylor,North,Email,Refund,Medium,Michael ,97.2,4,Resolved
TKT-10341,14/11/2025,CUST-273,Emma Davis,East,Chat,Technical,Low,James,20.8,5,Pending
TKT-10342,15/04/2025,CUST-165,Daniel Thomas,East,email,Technical,High,JOHN,49.5,5,Resolved
TKT-10343,09/01/2025,CUST-277,Daniel Thomas,West,Chat,Billing,Medium,John,60.7,5,Pending
TKT-10344,01/08/2025,CUST-998,Emma Davis,West,Chat,Billing,Medium,Olivia,83.6,4,Escalated
TKT-10345,02/06/2026,CUST-509,John Miller,East,Email,Delivery,Medium,Sarah,59.5,2,Pending
TKT-10346,28/12/2025,CUST-973,James Taylor,North,CHAT,Refund,Low,JAMES,83.5,2,Open
TKT-10347,11/08/2025,CUST-356,David Brown,South,Phone,billing,High,David,10.6,3,Resolved
TKT-10348,08/06/2025,CUST-335,John Miller,East,Phone,Technical,Low,Emma,7.7,4,Resolved
TKT-10349,18/12/2025,CUST-686,James Taylor,North,Phone,Technical,High,Sarah,92.6,4,Resolved
TKT-10350,08/03/2025,CUST-259,Michael Wilson,North,Phone,Billing,Medium,Michael,92.3,3,Pending
TKT-10351,16/07/2025,CUST-565,James Taylor,West,Email,Delivery,Medium,Sarah,92.6,5,Escalated
TKT-10352,23/02/2025,CUST-146,Anna Smith,North,Email,Billing,Medium,David,88.0,,Resolved
TKT-10353,09/11/2025,CUST-726,Anna Smith,East,Email,Refund,Medium,Mary ,14.1,3,Pending
TKT-10354,17/12/2026,CUST-388,Sarah Khan,Noth,Chat,Technical,Medium,David,44.2,1,Pending
TKT-10355,19/12/2025,CUST-668,Sarah Khan,North,Phone,Account,Medium,James,6.4,5,Pending
TKT-10356,05/09/2025,CUST-869,Michael Wilson,North,email,Billing,Medium,Olivia,56.1,,Pending
TKT-10357,22/02/2025,CUST-820,James Taylor,East,Phone ,Account,Medium,JOHN,22.4,5,Pending
TKT-10358,17/10/2025,CUST-410,Emma Davis,South,Phone,Account,Low,Sarah,59.5,4,Resolved
TKT-10359,24/08/2025,CUST-127,David Brown,South,Chat,Technical,Medium,Olivia,15.3,3,Resolved
TKT-10360,08/03/2025,CUST-945,David Brown,West,Chat,Delivery ,Low,John,64.3,1,Resolved
TKT-10361,14/03/2025,CUST-916,Olivia Moore,North,Email,Technical,Low,Olivia,28.3,3,resolved
TKT-10362,08/11/2025,CUST-439,Emma Davis,South,Chat,Refund,Low,David ,53.0,4,Resolved
TKT-10363,07/03/2025,CUST-945,James Taylor,North,Email,Delivery,Medium,,75.4,,Resolved
TKT-10364,05/06/2025,CUST-574,Michael Wilson,South,Phone ,Account,Low,,40.1,3,Pending 
TKT-10365,12/11/2025,CUST-584,David Brown,West,Phone,Account,Medium,Olivia,56.4,5,Escalated
TKT-10366,25/11/2025,CUST-438,Anna Smith,West,Phone,billing,Medium,Emma,80.6,1,Resolved
TKT-10367,05/01/2025,CUST-151,David Brown,North,CHAT,Delivery,Low,MARY,25.7,4,Pending 
TKT-10368,19/01/2025,CUST-643,David Brown,South,Phone,Account,High,Michael,68.6,2,Resolved
TKT-10369,25/06/2025,CUST-292,James Taylor,East,email,Technical,Medium,David,35.7,5,Open
TKT-10370,05/12/2025,CUST-330,Daniel Thomas,West,Phone,Delivery ,Medium,Michael,67.3,7,Open
TKT-10371,17/08/2025,CUST-201,Michael Wilson,East,Chat,Billing,Medium,James,9.6,1,Resolved
TKT-10372,09/09/2025,CUST-286,James Taylor,North,Email,Refund,Medium,Mary,55.4,1,Resolved
TKT-10373,02/12/2025,CUST-845,Daniel Thomas,South,Chat,Technical,High,Olivia,32.2,4,Resolved
TKT-10374,26/11/2025,CUST-615,Michael Wilson,West,Chat,Technical,High,Michael,5.9,5,Pending
TKT-10375,25/12/2025,CUST-564,Olivia Moore,South,Chat,Billing,High,Sarah,46.1,5,Open
TKT-10376,08/03/2025,CUST-502,Daniel Thomas,North,Email,Account,Medium,James ,Unknown,2,Resolved
TKT-10377,12/01/2025,CUST-572,David Brown,West,Chat,Technical,Medium,Olivia ,1.7,4,Pending
TKT-10378,05/08/2025,CUST-906,Sophia Anderson,East,CHAT,Delivery,Low,Michael,62.1,1,Open
TKT-10379,05/06/2025,CUST-953,Sophia Anderson,West,Email,Delivery,Medium,James,N/A,1,Resolved
TKT-10380,04/04/2025,CUST-766,Sarah Khan,West,Chat,Technical,Low,John,85.0,2,Resolved
TKT-10381,23/05/2025,CUST-128,Daniel Thomas,North,CHAT,Billing,Medium,David,92.4,3,Resolved
TKT-10382,05/12/2025,CUST-956,Sarah Khan,East,Phone,Refund,Medium,John,86.1,4,Pending 
TKT-10383,10/04/2025,CUST-574,Daniel Thomas,East,CHAT,Billing,Medium,Olivia,75.1,5,Open
TKT-10384,03/10/2025,CUST-662,David Brown,Sth,email,Delivery,High,John ,50.3,2,Pending
TKT-10385,23/02/2025,CUST-247,Daniel Thomas,East,Email,TECHNICAL,Low,EMMA,N/A,4,Open
TKT-10386,09/05/2025,CUST-933,David Brown,North,Phone ,Refund,Low,Michael,91.3,2,Resolved
TKT-10387,16/08/2025,CUST-801,Daniel Thomas,West,Email,Refund,Medium,JAMES,73.3,5,Resolved
TKT-10388,20/09/2025,CUST-975,John Miller,North,CHAT,Account,Medium,Emma,51.8,2,Resolved
TKT-10389,08/11/2025,CUST-691,Olivia Moore,East,Phone ,Account,High,Olivia ,52.2,2,Open
TKT-10390,05/07/2025,CUST-317,Sophia Anderson,East,Phone ,TECHNICAL,Medium,Emma,4.9,4,Open
TKT-10391,21/01/2025,CUST-570,Michael Wilson,West,Chat,Delivery ,High,Olivia,79.0,2,Resolved
TKT-10392,15/06/2025,CUST-258,James Taylor,South,Chat,billing,Medium,John,96.4,2,Resolved
TKT-10393,21/08/2025,CUST-776,James Taylor,North,Chat,Delivery ,High,Michael,44.2,4,Pending
TKT-10394,06/05/2025,CUST-383,Michael Wilson,North,Email,Technical,Medium,Olivia,66.7,,Escalated
TKT-10395,26/02/2025,CUST-782,Emma Davis,East,Email,Account,Low,EMMA,39.6,5,Open
TKT-10396,02/04/2025,CUST-141,Anna Smith,North,Email,Billing,High,David,16.2,5,OPEN
TKT-10397,18/01/2025,CUST-131,Michael Wilson,West,Email,Delivery,Low,MICHAEL,76.5,2,Resolved
TKT-10398,16/12/2025,CUST-529,Emma Davis,West,Phone,Account,Low,David,Unknown,2,Resolved
TKT-10399,19/12/2025,CUST-490,Anna Smith,West,Email,Billing,High,David,95.8,1,Open
TKT-10400,03/11/2025,CUST-477,David Brown,East,Chat,Billing,High,David,14.1,1,resolved
TKT-10401,17/11/2025,CUST-520,Michael Wilson,Sth,Phone,Billing,Low,John,88.7,5,Resolved
TKT-10402,06/02/2025,CUST-877,John Miller,South,Phone,Technical,Low,Sarah,50.0,2,Pending
TKT-10403,04/09/2025,CUST-297,James Taylor,West,Email,Technical,Medium,James,18.5,4,Open
TKT-10404,12/03/2025,CUST-923,Sophia Anderson,Sth,Email,Account,Low,Michael ,68.5,1,Resolved
TKT-10405,11/11/2025,CUST-118,David Brown,East,Phone,Account,Medium,James,52.7,1,Resolved
TKT-10406,20/05/2025,CUST-779,Sophia Anderson,West,Phone,Delivery,Low,David,81.7,1,Resolved
TKT-10407,25/02/2025,CUST-860,Sophia Anderson,West,Email,Refund,Low,James,34.5,1,Resolved
TKT-10408,04/06/2025,CUST-970,Sarah Khan,North,CHAT,Account,Medium,Olivia,17.7,4,Resolved
TKT-10409,14/12/2025,CUST-195,Emma Davis,South,Email,Delivery,High,Mary ,55.5,5,Resolved
TKT-10410,06/02/2025,CUST-742,James Taylor,West,Phone,Technical,Low,Michael,75.9,1,Pending
TKT-10411,05/12/2025,CUST-537,David Brown,West,Email,Technical,Medium,Michael,79.6,,Open
TKT-10412,16/10/2025,CUST-303,Emma Davis,North,Chat,Account,Medium,,47.9,3,Pending
TKT-10413,14/03/2025,CUST-819,Anna Smith,North,Chat,Billing,Medium,,41.5,3,Resolved
TKT-10414,12/03/2025,CUST-570,Emma Davis,North,Chat,Delivery,Low,David,53.6,1,Open
TKT-10415,04/07/2025,CUST-896,Sophia Anderson,North,Chat,Refund,Medium,John,52.0,3,Resolved
TKT-10416,19/12/2025,CUST-323,Sophia Anderson,South,CHAT,Delivery,Low,John,76.0,5,Open
TKT-10417,18/08/2025,CUST-907,Sophia Anderson,South,Phone,billing,Medium,Michael,95.8,3,Resolved
TKT-10418,20/09/2025,CUST-683,James Taylor,West,Phone,Delivery,Medium,Olivia,9.8,3,resolved
TKT-10419,11/09/2025,CUST-347,James Taylor,East,CHAT,TECHNICAL,High,John,80.8,2,Open
TKT-10420,22/06/2025,CUST-360,Anna Smith,East,email,Delivery,Medium,Mary,49.3,,Open
TKT-10421,23/07/2025,CUST-843,Sophia Anderson,South,Phone ,Billing,Low,OLIVIA,Pending,4,Open
TKT-10422,08/12/2025,CUST-436,David Brown,East,email,Technical,Low,Sarah,11.7,5,Pending
TKT-10423,09/03/2025,CUST-223,Michael Wilson,West ,Chat,Account,Low,David,92.5,3,Resolved
TKT-10424,07/07/2025,CUST-982,Olivia Moore,West,Email,Delivery,Low,Michael,73.1,3,Resolved
TKT-10425,22/07/2025,CUST-257,Sophia Anderson,West ,CHAT,Delivery,Low,Olivia ,74.1,4,Open
TKT-10426,04/04/2025,CUST-304,James Taylor,West,Chat,Billing,High,Olivia,19.6,2,Pending
TKT-10427,11/03/2025,CUST-564,Sarah Khan,Sth,Phone,Delivery,High,David,89.7,4,Open
TKT-10428,15/12/2025,CUST-586,Daniel Thomas,South,Email,Technical,Medium,David ,19.7,3,Resolved
TKT-10429,07/09/2025,CUST-550,Michael Wilson,Noth,Phone,Billing,Low,SARAH,51.2,4,Open
TKT-10430,18/03/2025,CUST-843,Olivia Moore,South,Chat,Delivery,High,Emma,21.4,1,Pending
TKT-10431,16/10/2025,CUST-226,Emma Davis,South,Phone,Billing,Medium,Mary,6.4,2,Resolved
TKT-10432,24/10/2025,CUST-693,Emma Davis,South,Chat,Billing,Medium,MICHAEL,53.9,3,Resolved
TKT-10433,11/01/2025,CUST-921,David Brown,West,email,Refund,Low,MARY,78.7,3,Pending
TKT-10434,18/02/2025,CUST-138,Anna Smith,South,Email,Delivery,Medium,Sarah,3.2,3,Resolved
TKT-10435,08/11/2025,CUST-335,Daniel Thomas,North,Email,Refund,High,Olivia,18.0,2,Open
TKT-10436,20/09/2025,CUST-386,Emma Davis,West,Email,Billing,Low,Mary,Unknown,4,Resolved
TKT-10437,06/11/2025,CUST-127,Anna Smith, East,Phone ,Refund,High,John,27.1,2,Escalated
TKT-10438,04/01/2025,CUST-688,Michael Wilson,North,Email,Account,Medium,Olivia,N/A,4,Resolved
TKT-10439,06/03/2025,CUST-922,Sophia Anderson,West,Phone,Account,Low,James,49.3,3,Pending
TKT-10440,14/03/2025,CUST-230,James Taylor,West,Email,Technical,Low,Olivia,81.6,4,Escalated
TKT-10441,03/05/2025,CUST-247,Olivia Moore,North,Phone,TECHNICAL,Low,OLIVIA,45.8,3,Pending
TKT-10442,24/10/2025,CUST-517,Michael Wilson,South,Phone ,Delivery,Medium,Sarah,42.7,2,Open
TKT-10443,09/02/2025,CUST-585,Sophia Anderson,Sth,email,billing,High,MARY,25.1,4,Open
TKT-10444,02/08/2025,CUST-670,Sarah Khan,South,Chat,Billing,Low,James,76.3,3,Open
TKT-10445,01/06/2025,CUST-578,Anna Smith,North,Chat,billing,Medium,Mary,53.5,1,Pending 
TKT-10446,06/10/2025,CUST-297,Anna Smith,South,Email,Technical,Low,,N/A,5,Resolved
TKT-10447,17/09/2025,CUST-131,Sophia Anderson,North,Email,Account,Medium,John,Pending,,Pending
TKT-10448,12/11/2025,CUST-191,Sarah Khan,South,Phone,Refund,High,EMMA,5.9,5,Resolved
TKT-10449,09/02/2025,CUST-511,David Brown,South,Email,Technical,Medium,Emma,98.1,4,Resolved
TKT-10450,14/08/2025,CUST-137,Emma Davis,South,email,Account,Low,Mary,75.2,1,OPEN
TKT-10451,27/03/2025,CUST-234,Anna Smith,South,Phone,Refund,High,Emma,13.7,3,Open
TKT-10452,21/10/2025,CUST-234,Emma Davis,South,Chat,Account,Medium,Sarah,85.5,7,Resolved
TKT-10453,13/09/2025,CUST-179,Olivia Moore,South,Phone ,Account,Medium,OLIVIA,50.4,2,Resolved
TKT-10454,06/01/2025,CUST-651,John Miller,East,Email,Refund,Medium,Mary,29.3,5,Pending 
TKT-10455,02/08/2025,CUST-284,David Brown,Noth,Email,Account,Low,Olivia,44.3,2,Resolved
TKT-10456,16/04/2025,CUST-935,Olivia Moore,East,CHAT,Account,Low,James ,87.4,4,Resolved
TKT-10457,06/04/2025,CUST-354,Sarah Khan,South,CHAT,TECHNICAL,Medium,Mary,24.2,5,Resolved
TKT-10458,09/11/2025,CUST-655,Anna Smith,South,Email,Billing,Medium,Emma ,87.3,4,Escalated
TKT-10459,24/04/2025,CUST-579,Daniel Thomas,West,Email,Account,Medium,Emma,7.8,4,Resolved
TKT-10460,26/04/2025,CUST-898,John Miller,Sth,Chat,Delivery,Medium,Emma,15.9,4,Pending
TKT-10461,17/11/2025,CUST-365,John Miller,North,CHAT,Billing,Medium,Sarah,66.0,3,Pending 
TKT-10462,28/05/2025,CUST-171,David Brown,Sth,Chat,Account,Low,,70.8,4,Open
TKT-10463,13/01/2025,CUST-980,Anna Smith,South,Phone,billing,Low,Michael,49.4,2,Open
TKT-10464,13/02/2025,CUST-836,David Brown,West,Phone,Billing,Medium,Sarah,67.7,1,OPEN
TKT-10465,17/10/2025,CUST-119,Anna Smith,South,Phone,Technical,Medium,James,Unknown,2,Pending
TKT-10466,20/02/2025,CUST-955,David Brown,North,Phone,Account,Low,Sarah,79.9,4,OPEN
TKT-10467,26/06/2025,CUST-797,Michael Wilson,South,CHAT,Account,Medium,,32.7,4,Resolved
TKT-10468,25/02/2025,CUST-971,Sophia Anderson,South,Email,Technical,Medium,Michael,55.2,3,Pending
TKT-10469,08/02/2025,CUST-334,John Miller,North,email,Billing,High,Sarah,6.9,2,Open
TKT-10470,22/11/2025,CUST-824,Michael Wilson,East,Phone,Refund,Low,Michael,87.9,4,resolved
TKT-10471,16/04/2025,CUST-586,Olivia Moore,Noth,Email,Technical,Low,Emma,53.4,2,Resolved
TKT-10472,07/03/2025,CUST-844,Olivia Moore,Sth,Chat,Billing,Medium,,84.5,1,Resolved
TKT-10473,20/12/2025,CUST-711,Daniel Thomas,South,Phone,Account,Medium,Michael ,70.1,4,resolved
TKT-10474,26/05/2025,CUST-648,Daniel Thomas,East,Phone,Delivery,Medium,Emma,43.3,1,Resolved
TKT-10475,01/01/2025,CUST-590,Michael Wilson,South,Chat,Delivery,Medium,David,89.1,2,Resolved
TKT-10476,19/12/2025,CUST-944,Olivia Moore,Noth,Phone ,Delivery,Medium,James,Unknown,1,Open
TKT-10477,07/12/2025,CUST-528,Sarah Khan,East,Chat,Account,High,James,31.6,4,Resolved
TKT-10478,13/12/2025,CUST-375,Olivia Moore,West,Phone,Billing,Low,JAMES,74.4,5,Pending
TKT-10479,27/09/2024,CUST-114,James Taylor,Sth,Chat,Technical,Low,Olivia,88.9,5,Open
TKT-10480,21/08/2025,CUST-859,Olivia Moore,South,Phone,Technical,Low,,16.5,5,Resolved
TKT-10481,10/05/2025,CUST-307,James Taylor,South,Email,Billing,Low,James,70.5,3,Pending
TKT-10482,25/04/2025,CUST-378,James Taylor,Sth,email,Account,Low,David ,Pending,2,Open
TKT-10483,27/01/2024,CUST-589,Emma Davis,North,CHAT,billing,Medium,Emma,32.1,2,Resolved
TKT-10484,17/02/2025,CUST-133,David Brown,North,Phone,Account,Low,James,67.3,2,Escalated
TKT-10485,19/07/2025,CUST-937,James Taylor,North,Chat,Billing,Low,Mary,Unknown,,Pending
TKT-10486,08/05/2025,CUST-524,Michael Wilson,East,email,Billing,Medium,Emma,47.6,4,Pending
TKT-10487,16/12/2025,CUST-206,Sarah Khan,North,Chat,Account,Low,Mary,78.3,2,Resolved
TKT-10488,11/05/2025,CUST-757,Daniel Thomas,East,Phone,Refund,Low,Mary,50.8,2,Resolved
TKT-10489,24/02/2025,CUST-204,Sarah Khan,West,Chat,Technical,Medium,Olivia,87.9,1,Escalated
TKT-10490,23/10/2025,CUST-254,Sarah Khan,West,Phone,Account,Low,MICHAEL,47.9,5,Open
TKT-10491,11/12/2025,CUST-698,Olivia Moore,East,Email,Delivery,High,Michael,76.1,1,Escalated
TKT-10492,07/05/2026,CUST-106,Anna Smith,East,CHAT,billing,Low,Michael,44.6,3,Open
TKT-10493,23/07/2025,CUST-392,Olivia Moore,West,Phone ,Refund,Medium,John,6.4,1,Resolved
TKT-10494,18/06/2025,CUST-506,David Brown,East,Phone,Billing,Medium,James,50.5,5,Resolved
TKT-10495,05/02/2025,CUST-708,Sarah Khan,North,Phone,Account,Medium,John,50.6,3,Resolved
TKT-10496,05/08/2025,CUST-395,Anna Smith,North,Phone,Delivery,Medium,Olivia,22.8,5,Pending 
TKT-10497,23/01/2025,CUST-606,Olivia Moore,East,Chat,Account,Medium,Sarah,48.1,1,Pending
TKT-10498,04/10/2025,CUST-936,Sophia Anderson,South,Email,Billing,Medium,Olivia,30.8,3,Pending
TKT-10499,10/07/2025,CUST-612,Sophia Anderson,West,Email,Technical,Low,Michael,80.0,5,Pending
TKT-10500,07/05/2025,CUST-216,Sarah Khan,West,Email,billing,High,Sarah,51.2,,Pending
TKT-10501,05/04/2025,CUST-604,David Brown,West,Email,Delivery,High,DAVID,2.1,3,Open
TKT-10502,04/07/2025,CUST-662,David Brown,West,Chat,Delivery,High,MARY,90.6,5,Open
TKT-10503,21/01/2025,CUST-953,Olivia Moore,East,Chat,Account,Low,Mary,19.3,1,Open
TKT-10504,23/04/2025,CUST-790,Anna Smith,North,Phone,billing,High,John ,67.0,5,Resolved
TKT-10505,13/08/2025,CUST-632,James Taylor,East,Chat,Billing,Medium,Mary,97.0,3,Escalated
TKT-10506,10/09/2025,CUST-139,Emma Davis,West,Email,Technical,Low,Michael,39.3,4,Resolved
TKT-10507,19/04/2025,CUST-343,Michael Wilson,North,Phone,Account,High,Mary ,1.1,5,Resolved
TKT-10508,22/04/2025,CUST-891,Sophia Anderson,West,Email,Delivery,Low,Olivia,88.0,2,Open
TKT-10509,21/07/2025,CUST-800,David Brown,West,Email,Account,High,DAVID,42.5,5,Resolved
TKT-10510,03/09/2025,CUST-222,Daniel Thomas,West,Phone,Account,High,David,58.4,1,resolved
TKT-10511,13/08/2025,CUST-195,Sophia Anderson,West ,Email,Billing,Low,David,12.4,1,Resolved
TKT-10512,12/06/2025,CUST-281,Michael Wilson,West,Email,Delivery,Low,Mary,Unknown,1,Resolved
TKT-10513,09/09/2025,CUST-974,James Taylor,East,Email,Delivery,Low,Olivia,33.0,1,Resolved
TKT-10514,13/09/2025,CUST-138,John Miller,East,Email,Delivery,Low,Mary,12.7,5,Resolved
TKT-10515,09/03/2025,CUST-469,Daniel Thomas,South,Phone,billing,Low,Sarah,92.5,3,Resolved
TKT-10516,14/09/2025,CUST-601,James Taylor,Sth,Email,Refund,Low,Emma,97.8,1,Pending
TKT-10517,19/03/2025,CUST-149,Michael Wilson,West,Phone,Technical,Medium,David,15.0,5,Open
TKT-10518,01/05/2025,CUST-567,Anna Smith,West,Email,Billing,Low,Emma,59.4,3,Resolved
TKT-10519,03/11/2025,CUST-388,Daniel Thomas,South,Email,Technical,Medium,Olivia,14.5,2,Open
TKT-10520,04/03/2025,CUST-592,James Taylor,East,Phone,Account,Medium,Michael,28.5,0,Pending
TKT-10521,13/09/2025,CUST-923,Sophia Anderson,South,Phone ,Billing,Medium,JAMES,30.9,2,Resolved
TKT-10522,23/01/2025,CUST-647,Sophia Anderson,West,email,TECHNICAL,Medium,Sarah,6.8,2,Resolved
TKT-10523,22/04/2025,CUST-337,Emma Davis,South,Phone,Delivery,High,Sarah,24.6,2,Pending
TKT-10524,13/05/2025,CUST-609,Sarah Khan,North,Email,Billing,Low,David,25.0,3,Escalated
TKT-10525,08/01/2026,CUST-260,Michael Wilson,East,Phone,Account,Medium,Michael ,19.6,1,OPEN
TKT-10526,17/05/2025,CUST-519,Olivia Moore,North,Chat,Refund,Medium,Olivia,98.9,3,Resolved
TKT-10527,13/03/2025,CUST-711,Sophia Anderson,West,Email,Billing,Medium,Michael,60.8,4,Resolved
TKT-10528,22/08/2025,CUST-507,Sarah Khan,North,CHAT,Billing,High,Emma,13.8,2,Open
TKT-10529,25/08/2025,CUST-990,James Taylor,South,Chat,Account,Low,John,99.2,1,Resolved
TKT-10530,15/11/2025,CUST-333,David Brown,North,CHAT,billing,High,Sarah,64.4,2,Resolved
TKT-10531,22/02/2025,CUST-244,David Brown,South,Phone,Refund,Low,David ,40.1,3,Escalated
TKT-10532,16/03/2025,CUST-225,Emma Davis,East,CHAT,Technical,Low,John,89.2,2,Resolved
TKT-10533,02/06/2025,CUST-826,David Brown,Sth,Chat,Technical,High,Michael,67.5,3,Resolved
TKT-10534,05/10/2025,CUST-243,Emma Davis,North,Phone,Account,Low,SARAH,93.8,5,Escalated
TKT-10535,26/11/2025,CUST-549,Anna Smith, East,Email,Delivery,Medium,,80.8,4,Resolved
TKT-10536,10/12/2025,CUST-822,Daniel Thomas,Noth,Email,Account,High,Sarah,23.1,5,Escalated
TKT-10537,09/06/2025,CUST-596,Olivia Moore,North,Email,Delivery,Low,Sarah,52.3,3,Resolved
TKT-10538,18/03/2025,CUST-453,David Brown,South,Chat,Account,Medium,James,25.8,2,Resolved
TKT-10539,27/08/2025,CUST-972,David Brown,North,Email,Account,Low,SARAH,32.0,1,Open
TKT-10540,25/10/2025,CUST-621,Sophia Anderson,East,Phone,Delivery,Low,OLIVIA,69.1,4,Open
TKT-10541,27/07/2025,CUST-737,Daniel Thomas,West,Email,Account,Low,David,33.7,3,Resolved
TKT-10542,11/06/2025,CUST-369,James Taylor,Noth,Email,Delivery,Low,David,28.2,4,OPEN
TKT-10543,23/01/2025,CUST-533,John Miller,North,Email,Technical,High,David,31.7,3,Resolved
TKT-10544,22/03/2025,CUST-745,Emma Davis,East,Phone,Account,High,John,81.5,3,Resolved
TKT-10545,16/04/2025,CUST-639,John Miller,Noth,Chat,Delivery,Medium,David,58.7,6,Pending 
TKT-10546,10/08/2025,CUST-787,Daniel Thomas,West ,Email,Account,Low,James,78.2,2,Resolved
TKT-10547,26/09/2025,CUST-666,Daniel Thomas,North,Email,Delivery,Medium,James,30.6,4,Pending 
TKT-10548,26/11/2025,CUST-946,John Miller,South,Email,Delivery ,Medium,Emma,19.2,4,Pending
TKT-10549,10/10/2025,CUST-395,David Brown,South,Chat,billing,Medium,John,Unknown,2,Escalated
TKT-10550,21/08/2025,CUST-799,David Brown,West,email,Refund,Low,Emma,69.7,1,Open
TKT-10551,02/03/2025,CUST-119,Daniel Thomas,South,Phone,billing,Medium,Michael,24.5,2,Open
TKT-10552,16/12/2025,CUST-908,Anna Smith,South,Email,Technical,Low,Olivia,11.0,3,Open
TKT-10553,19/09/2025,CUST-483,Olivia Moore,East,Phone,Technical,Medium,Emma,35.2,2,resolved
TKT-10554,04/10/2025,CUST-483,Michael Wilson,East,Phone ,Account,Medium,John,76.8,4,Resolved
TKT-10555,26/01/2025,CUST-641,Sarah Khan,West,Chat,Delivery,High,Michael,Unknown,5,OPEN
TKT-10556,12/03/2025,CUST-394,Michael Wilson,South,Phone,Account,Low,John,N/A,4,Resolved
TKT-10557,16/08/2025,CUST-841,James Taylor,North,Email,Account,Low,MICHAEL,Unknown,3,Open
TKT-10558,05/11/2025,CUST-683,Anna Smith,South,Phone,Delivery,Low,OLIVIA,25.3,4,Resolved
TKT-10559,18/01/2025,CUST-282,Daniel Thomas,North,Phone ,Account,Medium,James,Pending,4,OPEN
TKT-10560,11/02/2025,CUST-469,David Brown,East,Chat,Technical,Low,Michael,21.6,3,Escalated
TKT-10561,11/01/2025,CUST-113,Sarah Khan,North,email,Technical,Low,Michael,71.4,3,Escalated
TKT-10562,03/01/2025,CUST-980,Sarah Khan,West,Chat,Billing,Medium,Emma,28.6,5,Resolved
TKT-10563,21/05/2025,CUST-233,Daniel Thomas,West,CHAT,billing,Low,Sarah,24.9,2,Open
TKT-10564,19/04/2025,CUST-162,Sarah Khan,South,Email,Account,Medium,Michael,51.8,5,Open
TKT-10565,11/09/2025,CUST-368,Daniel Thomas,South,Chat,Account,Low,Emma,33.9,3,resolved
TKT-10566,12/09/2025,CUST-644,Anna Smith,South,Chat,Technical,High,Sarah ,69.7,3,Pending
TKT-10567,04/10/2025,CUST-136,Sophia Anderson,Sth,Chat,Technical,Medium,Sarah,44.4,2,Resolved
TKT-10568,02/11/2025,CUST-633,Sophia Anderson,North,Chat,billing,High,John,5.4,2,Open
TKT-10569,28/06/2025,CUST-375,Sarah Khan,North,Chat,Delivery,Low,David,21.6,1,Open
TKT-10570,27/08/2025,CUST-417,Anna Smith,East,Phone,Billing,Medium,Michael,60.4,3,Resolved
TKT-10571,11/12/2025,CUST-331,James Taylor,North,Phone ,Billing,High,MICHAEL,5.0,5,Open
TKT-10572,13/02/2025,CUST-984,Michael Wilson,North,Chat,Billing,Low,Mary,78.1,,Pending
TKT-10573,06/03/2025,CUST-726,Daniel Thomas,South,Chat,Technical,Medium,David ,72.9,4,Open
TKT-10574,05/04/2025,CUST-551,Sophia Anderson,East,Chat,Technical,Medium,Olivia ,34.4,3,Escalated
TKT-10575,15/12/2025,CUST-637,James Taylor,East,Phone ,Technical,Medium,John,1.1,5,Resolved
TKT-10576,20/01/2025,CUST-305,Sarah Khan,West,Chat,Refund,Low,Emma,15.6,,Pending
TKT-10577,07/06/2025,CUST-481,David Brown, East,Email,Billing,Medium,Sarah,70.1,4,Escalated
TKT-10578,05/12/2025,CUST-175,Daniel Thomas,West,Email,Refund,Low,Olivia,26.4,1,Open
TKT-10579,20/05/2026,CUST-278,Sarah Khan,North,Email,Delivery,Medium,Emma,40.0,4,Resolved
TKT-10580,09/01/2025,CUST-226,Anna Smith,East,Phone,billing,Low,,87.0,2,Open
TKT-10581,12/05/2025,CUST-818,David Brown,North,Phone ,Delivery,Low,David,75.4,4,Resolved
TKT-10582,14/06/2025,CUST-870,Anna Smith,East,Phone,Account,Medium,David,62.5,2,Resolved
TKT-10583,13/03/2025,CUST-573,John Miller,West,CHAT,Refund,Medium,James,51.4,4,Resolved
TKT-10584,13/12/2025,CUST-900,Anna Smith,South,email,Billing,Medium,Emma,93.9,1,OPEN
TKT-10585,06/06/2025,CUST-698,James Taylor,South,Phone,Account,Medium,James,54.9,3,Open
TKT-10586,04/05/2025,CUST-295,Daniel Thomas,South,Phone,Account,Medium,John,49.7,4,Pending
TKT-10587,14/02/2025,CUST-806,Anna Smith,North,email,Technical,High,Emma,91.1,4,Open
TKT-10588,16/05/2025,CUST-356,Sarah Khan,West,Chat,Delivery,Medium,EMMA,82.0,2,Open
TKT-10589,17/01/2025,CUST-340,Olivia Moore,South,email,Billing,Low,Mary,26.9,5,Open
TKT-10590,22/06/2025,CUST-887,David Brown,East,Phone ,Account,High,David,61.8,3,resolved
TKT-10591,28/10/2025,CUST-922,John Miller,South,Phone,Account,Low,JOHN,29.3,3,Pending
TKT-10592,15/03/2025,CUST-407,Emma Davis,North,Chat,Account,Medium,David,29.3,1,Open
TKT-10593,10/06/2025,CUST-831,John Miller,South,Phone ,Account,High,Mary ,13.7,1,Escalated
TKT-10594,24/07/2025,CUST-625,Anna Smith,South,Email,Billing,Medium,Mary,72.3,4,Pending 
TKT-10595,24/08/2025,CUST-961,Michael Wilson,West,Phone ,Delivery,Medium,Michael ,24.0,3,Open
TKT-10596,27/02/2025,CUST-212,Anna Smith,South,Email,Technical,Medium,David,76.8,1,Open
TKT-10597,13/12/2025,CUST-275,Anna Smith,North,Phone,Delivery,Medium,Michael,97.2,3,resolved
TKT-10598,04/01/2025,CUST-494,John Miller,North,CHAT,Technical,High,JAMES,21.7,1,Resolved
TKT-10599,23/10/2025,CUST-807,Olivia Moore,North,Phone,Technical,Low,David,23.3,1,Pending
TKT-10600,01/11/2025,CUST-272,Michael Wilson,North,Phone,Delivery,Medium,Sarah ,29.4,2,Resolved
TKT-10601,09/05/2025,CUST-273,Daniel Thomas,West,Phone,Delivery,Medium,Sarah,19.3,1,Escalated
TKT-10602,27/08/2025,CUST-727,David Brown,Noth,Email,Delivery,Low,Mary,8.2,5,Open
TKT-10603,27/06/2025,CUST-387,Olivia Moore,West,Phone,billing,Medium,Mary,18.6,2,Pending
TKT-10604,23/09/2025,CUST-438,Emma Davis,West,CHAT,Technical,Low,Michael,32.8,5,Open
TKT-10605,07/07/2025,CUST-389,David Brown,West ,Phone ,Billing,Medium,Olivia,97.2,5,Resolved
TKT-10606,14/08/2025,CUST-795,James Taylor,North,Email,Technical,Low,John,45.1,5,Pending
TKT-10607,07/01/2026,CUST-263,Daniel Thomas,South,Phone,Technical,Medium,David,13.8,3,Open
TKT-10608,03/03/2025,CUST-655,Sophia Anderson,East,Email,Account,Low,,85.3,2,Resolved
TKT-10609,26/08/2025,CUST-175,Olivia Moore,South,Phone,Delivery ,Medium,Mary ,41.3,2,Pending
TKT-10610,03/10/2025,CUST-999,Michael Wilson,South,Chat,Account,Low,DAVID,51.3,3,Resolved
TKT-10611,25/08/2025,CUST-637,Daniel Thomas,East,CHAT,Account,High,Olivia,63.2,4,Escalated
TKT-10612,25/07/2025,CUST-879,Olivia Moore,North,Phone,Account,Medium,James ,49.7,4,Open
TKT-10613,03/09/2025,CUST-739,Olivia Moore,Noth,Email,Billing,Medium,MICHAEL,88.9,5,Pending
TKT-10614,04/06/2025,CUST-163,Daniel Thomas,South,Chat,billing,Low,Michael,60.2,5,Resolved
TKT-10615,16/05/2025,CUST-261,Sophia Anderson,West,Email,Refund,Low,Sarah,81.8,2,Resolved
TKT-10616,17/04/2025,CUST-953,John Miller,West,Email,Account,High,David,6.6,2,Open
TKT-10617,15/05/2025,CUST-242,Olivia Moore,North,Email,Billing,Medium,SARAH,57.3,2,Resolved
TKT-10618,27/03/2025,CUST-225,Michael Wilson,East,Phone,billing,Low,John,72.5,4,Resolved
TKT-10619,22/10/2025,CUST-685,David Brown,North,Phone,billing,Medium,Sarah,N/A,4,Pending
TKT-10620,04/04/2025,CUST-995,James Taylor,West,Phone ,Delivery,Low,James,Unknown,3,Resolved
TKT-10621,10/08/2025,CUST-372,Olivia Moore,South,Chat,Billing,High,Mary,29.6,3,Pending
TKT-10622,09/04/2025,CUST-767,Sarah Khan,South,Phone,Refund,Low,John,21.4,3,Open
TKT-10623,15/07/2025,CUST-970,Anna Smith,West,Chat,Account,Medium,Sarah,88.6,5,Pending
TKT-10624,26/09/2025,CUST-612,John Miller,West,Phone,Technical,High,David,48.0,3,Pending
TKT-10625,13/01/2025,CUST-864,Sarah Khan,Sth,email,Account,Medium,Sarah,N/A,4,Open
TKT-10626,23/07/2025,CUST-405,Michael Wilson,West,Phone,Account,Low,,46.2,,Resolved
TKT-10627,09/10/2025,CUST-844,Daniel Thomas,South,email,Billing,High,David,50.8,4,Open
TKT-10628,20/05/2025,CUST-194,Michael Wilson,East,email,Billing,Medium,SARAH,32.1,5,Pending
TKT-10629,06/11/2025,CUST-112,John Miller,West,Chat,Account,Low,Michael ,48.7,4,Open
TKT-10630,20/02/2025,CUST-763,Daniel Thomas,East,CHAT,Delivery ,High,Emma,59.7,5,Pending
TKT-10631,11/11/2025,CUST-249,James Taylor,East,Email,Delivery,Low,,94.6,3,Resolved
TKT-10632,07/09/2025,CUST-116,Olivia Moore,North,email,Delivery,Medium,Olivia,50.1,4,Resolved
TKT-10633,15/09/2025,CUST-909,Emma Davis,East,Chat,Delivery,Medium,Michael,60.8,0,Pending
TKT-10634,20/05/2025,CUST-731,David Brown,South,Email,Account,Medium,James,27.0,3,Pending
TKT-10635,21/07/2025,CUST-648,Anna Smith,North,Chat,billing,Low,Michael,42.1,5,Pending
TKT-10636,26/07/2025,CUST-831,Daniel Thomas,South,Email,Account,Medium,MARY,59.2,4,Open
TKT-10637,01/04/2025,CUST-362,Anna Smith,South,Email,Delivery,High,Mary,54.9,,Escalated
TKT-10638,15/02/2025,CUST-113,Emma Davis,East,Email,Billing,Medium,DAVID,Unknown,5,Open
TKT-10639,26/11/2025,CUST-121,James Taylor,East,Chat,Delivery,Low,John,39.1,2,Open
TKT-10640,04/08/2025,CUST-824,Olivia Moore,South,Chat,Account,Medium,James,Pending,5,Escalated
TKT-10641,25/10/2025,CUST-641,Emma Davis,East,Phone,Delivery,Medium,James,79.1,1,Pending
TKT-10642,08/12/2025,CUST-287,David Brown,West,email,Delivery ,Medium,David,N/A,3,Pending
TKT-10643,07/03/2025,CUST-287,James Taylor,East,Phone ,Technical,High,EMMA,59.1,5,Resolved
TKT-10644,01/12/2025,CUST-242,John Miller,East,Chat,Billing,Medium,James,N/A,4,Open
TKT-10645,23/09/2025,CUST-937,Daniel Thomas, East,CHAT,Delivery,High,James,55.9,4,Open
TKT-10646,02/06/2025,CUST-346,Michael Wilson,West,Phone,Delivery,Low,Michael,69.9,2,Resolved
TKT-10647,27/11/2025,CUST-366,Sarah Khan,East,Email,Billing,Medium,Michael,79.6,3,Open
TKT-10648,18/09/2025,CUST-229,Olivia Moore,West,Email,Delivery,High,Olivia,Pending,4,Open
TKT-10649,09/03/2025,CUST-228,John Miller,South,CHAT,Account,Low,JOHN,35.6,1,Escalated
TKT-10650,25/04/2026,CUST-925,Sarah Khan,North,Phone,Technical,Low,John ,Pending,4,resolved
TKT-10651,28/02/2025,CUST-140,Sarah Khan,East,Phone,Delivery,Medium,,20.5,4,Pending
TKT-10652,22/07/2025,CUST-941,Anna Smith,North,Email,Refund,Medium,David,21.5,5,Resolved
TKT-10653,28/09/2025,CUST-774,Sophia Anderson,Sth,Email,Account,Low,Mary,21.2,5,Resolved
TKT-10654,05/12/2025,CUST-645,David Brown,West ,Email,Account,Medium,DAVID,34.8,2,Resolved
TKT-10655,10/09/2025,CUST-929,David Brown,East,Email,Account,Medium,David,41.2,1,Resolved
TKT-10656,09/02/2025,CUST-440,Sarah Khan,North,Phone ,Account,Medium,Mary,Unknown,2,Escalated
TKT-10657,04/08/2025,CUST-781,Anna Smith,North,Phone,Delivery,High,John,13.6,,resolved
TKT-10658,07/11/2025,CUST-264,Daniel Thomas,North,Chat,Delivery ,Medium,David,59.8,5,Resolved
TKT-10659,08/05/2025,CUST-406,Michael Wilson,South,Phone,TECHNICAL,High,Olivia,2.2,4,Resolved
TKT-10660,25/09/2025,CUST-522,Sarah Khan,East,Email,Account,Low,Emma ,92.0,2,Pending
TKT-10661,26/10/2025,CUST-221,Sophia Anderson,West ,Email,Billing,High,David,94.3,,OPEN
TKT-10662,24/03/2025,CUST-599,Anna Smith,South,email,Billing,Low,JAMES,38.7,3,Open
TKT-10663,19/10/2025,CUST-175,Sophia Anderson,South,Chat,Technical,High,David,53.1,4,Open
TKT-10664,22/09/2025,CUST-175,Michael Wilson,South,Email,Technical,High,Emma,16.6,2,Pending
TKT-10665,23/03/2025,CUST-584,Daniel Thomas,West,Chat,Account,High,John,3.0,1,Resolved
TKT-10666,27/01/2025,CUST-118,Sophia Anderson,East,Phone,Refund,Low,John,Unknown,4,OPEN
TKT-10667,27/12/2025,CUST-490,Sophia Anderson,East,Phone ,Technical,Low,Olivia,1.8,2,Open
TKT-10668,01/09/2025,CUST-751,Olivia Moore,North,Phone,Technical,Low,Sarah,Pending,,OPEN
TKT-10669,12/11/2025,CUST-176,Daniel Thomas,South,Chat,Billing,Low,Emma,26.2,3,Pending
TKT-10670,11/12/2025,CUST-823,Olivia Moore,West ,Chat,Technical,Medium,Mary,Unknown,5,Open
TKT-10671,19/12/2025,CUST-548,Anna Smith,North,Phone,Refund,Low,MICHAEL,75.6,5,resolved
TKT-10672,02/04/2025,CUST-104,Daniel Thomas,West,Phone,Refund,High,Sarah,62.2,4,Resolved
TKT-10673,15/08/2025,CUST-376,David Brown,West,Chat,TECHNICAL,High,David,59.5,2,Resolved
TKT-10674,04/09/2025,CUST-267,Anna Smith,West,Phone,Technical,Low,EMMA,37.2,,Open
TKT-10675,25/04/2025,CUST-619,Anna Smith,North,Phone,Account,Medium,Mary,57.6,4,Resolved
TKT-10676,10/03/2025,CUST-405,Daniel Thomas,West,Phone ,Delivery,High,David,50.3,1,Pending
TKT-10677,04/03/2025,CUST-410,Olivia Moore,Noth,Chat,Technical,Low,Michael,21.4,4,Resolved
TKT-10678,05/11/2025,CUST-217,David Brown,North,email,Account,Low,Olivia,93.8,5,Open
TKT-10679,16/04/2025,CUST-919,David Brown,North,Phone,Technical,Low,David,85.6,5,Resolved
TKT-10680,19/11/2025,CUST-595,Olivia Moore,East,Phone,Billing,Medium,MARY,97.1,2,Resolved
TKT-10681,27/10/2025,CUST-972,Michael Wilson,West,Email,Account,High,Sarah,23.5,2,Resolved
TKT-10682,23/05/2025,CUST-267,Emma Davis,South,Email,Billing,Medium,John,58.8,2,Resolved
TKT-10683,07/12/2025,CUST-534,Michael Wilson,East,Chat,billing,Low,Olivia,Unknown,5,Open
TKT-10684,09/09/2025,CUST-675,David Brown,West,Email,Delivery,Medium,OLIVIA,75.7,5,Escalated
TKT-10685,18/05/2024,CUST-402,Michael Wilson,East,Phone,Delivery,Low,MICHAEL,Unknown,4,Open
TKT-10686,09/08/2025,CUST-574,David Brown,East,Email,Delivery ,Low,David,32.3,,Open
TKT-10687,04/01/2025,CUST-860,David Brown,East,Phone,Account,High,David,N/A,1,Pending
TKT-10688,22/05/2025,CUST-929,John Miller,North,Phone ,Delivery,Medium,Mary,60.7,1,Escalated
TKT-10689,21/10/2025,CUST-419,Michael Wilson,Noth,Email,Technical,Medium,John,53.7,2,Pending
TKT-10690,28/03/2025,CUST-387,James Taylor,East,Phone,Account,Low,Michael,28.5,4,Pending
TKT-10691,20/12/2025,CUST-146,Sarah Khan,West,CHAT,Delivery ,Medium,Emma,6.8,1,Pending
TKT-10692,28/12/2025,CUST-103,John Miller,West,Phone,Delivery,Low,James,26.1,1,Open
TKT-10693,13/03/2025,CUST-769,Sarah Khan,West,Phone,Delivery,Low,David,98.4,4,Pending
TKT-10694,13/03/2025,CUST-552,Olivia Moore,West,Email,Account,Medium,David,70.7,4,Resolved
TKT-10695,04/11/2025,CUST-850,Sarah Khan,North,Phone,Delivery,Medium,Michael,88.1,4,Open
TKT-10696,02/07/2025,CUST-194,James Taylor,West,Email,Technical,High,Mary,13.1,4,Pending
TKT-10697,26/04/2025,CUST-811,Sarah Khan,South,Chat,Delivery,High,Emma,35.2,2,Pending
TKT-10698,28/10/2025,CUST-804,Sarah Khan,East,Phone,Technical,Medium,Olivia,81.1,1,Pending
TKT-10699,26/02/2025,CUST-275,Emma Davis,South,Phone ,Delivery,Low,Michael ,28.2,4,Open
TKT-10700,13/01/2025,CUST-450,David Brown,East,Phone,TECHNICAL,Low,David,N/A,5,Pending
TKT-10701,08/09/2025,CUST-936,John Miller,West,Chat,Billing,Medium,Sarah,61.7,5,Open
TKT-10702,17/07/2025,CUST-964,James Taylor,North,Chat,TECHNICAL,Medium,DAVID,55.8,5,Escalated
TKT-10703,15/12/2025,CUST-904,Sarah Khan,West,Chat,Technical,Medium,Emma,47.5,2,Pending
TKT-10704,11/06/2025,CUST-419,Daniel Thomas,North,Email,Delivery,Low,Emma ,59.7,3,Pending
TKT-10705,25/09/2025,CUST-248,Sophia Anderson,North,Chat,Account,Medium,Sarah,98.3,,Resolved
TKT-10706,12/03/2025,CUST-689,Michael Wilson,East,CHAT,Technical,High,Mary,64.5,4,Open
TKT-10707,18/07/2025,CUST-585,Daniel Thomas,East,Email,Technical,Medium,John,61.4,5,Escalated
TKT-10708,05/05/2025,CUST-702,David Brown,West,Phone,Delivery,Medium,Sarah ,Pending,2,Pending
TKT-10709,17/07/2025,CUST-853,James Taylor,South,Email,Refund,Medium,JOHN,56.7,3,Pending
TKT-10710,04/11/2025,CUST-750,Olivia Moore,East,Email,Technical,Low,Olivia,95.9,4,Pending
TKT-10711,23/05/2025,CUST-991,Michael Wilson,South,Phone,Billing,Medium,Michael,34.7,1,Resolved
TKT-10712,25/07/2025,CUST-765,Olivia Moore,North,Email,Delivery ,Medium,OLIVIA,66.2,5,Open
TKT-10713,27/12/2025,CUST-493,John Miller,West,Email,Billing,Medium,Emma,10.7,5,Pending
TKT-10714,20/09/2025,CUST-640,Sarah Khan,North,Chat,Delivery,Medium,Sarah,Unknown,1,Resolved
TKT-10715,01/06/2025,CUST-377,James Taylor,South,Phone,Technical,Medium,David,53.8,5,Open
TKT-10716,02/09/2025,CUST-673,Anna Smith,South,Chat,Refund,Medium,Emma,50.0,4,Open
TKT-10717,21/09/2025,CUST-410,Sophia Anderson,East,Phone,billing,Medium,Mary,56.9,1,Escalated
TKT-10718,28/05/2025,CUST-735,John Miller,East,Phone ,Technical,Low,Sarah,2.8,3,Escalated
TKT-10719,08/05/2025,CUST-822,Daniel Thomas,South,Phone,Account,High,James,75.9,4,Open
TKT-10720,12/07/2025,CUST-578,Anna Smith,South,Phone,Delivery,Low,John,Unknown,5,Pending
TKT-10721,06/03/2025,CUST-318,Anna Smith,South,email,Delivery ,Medium,SARAH,91.8,1,Pending
TKT-10722,23/08/2025,CUST-876,Michael Wilson,East,Chat,Refund,Medium,Emma,84.5,1,OPEN
TKT-10723,27/04/2026,CUST-563,James Taylor,Sth,Phone,Technical,Low,John,2.1,2,OPEN
TKT-10724,20/11/2025,CUST-232,Emma Davis,North,email,Billing,Medium,Sarah ,86.6,2,Resolved
TKT-10725,18/07/2025,CUST-202,John Miller,South,Phone ,Billing,Medium,Michael,72.3,4,Resolved
TKT-10726,09/11/2025,CUST-297,James Taylor,South,Email,Refund,Low,Emma,23.7,5,Open
TKT-10727,14/10/2025,CUST-535,John Miller,North,Email,Billing,Medium,Mary,20.7,1,Pending
TKT-10728,06/10/2025,CUST-803,Sophia Anderson,West,Chat,Delivery,High,SARAH,30.1,4,Pending
TKT-10729,27/03/2025,CUST-444,David Brown,North,Chat,Delivery,Medium,Mary,46.5,3,Escalated
TKT-10730,21/01/2025,CUST-265,David Brown,North,email,Technical,Medium,Michael,36.5,2,Open
TKT-10731,11/11/2025,CUST-556,David Brown,South,Phone,Technical,Medium,Mary,29.8,4,Pending
TKT-10732,11/10/2025,CUST-151,Anna Smith,West,Email,Refund,High,Emma,33.9,3,Escalated
TKT-10733,01/07/2025,CUST-898,John Miller,North,Phone ,Technical,High,Sarah,Pending,4,Resolved
TKT-10734,07/12/2025,CUST-851,Daniel Thomas,East,Email,Account,Low,Sarah ,50.8,1,Escalated
TKT-10735,24/05/2025,CUST-540,Olivia Moore,West,Email,Billing,Medium,Michael,32.6,1,Open
TKT-10736,09/11/2025,CUST-460,Michael Wilson,North,Phone,TECHNICAL,Low,David,Unknown,5,Open
TKT-10737,14/03/2025,CUST-936,Anna Smith,East,CHAT,billing,Low,Emma,50.3,4,Resolved
TKT-10738,25/10/2025,CUST-970,Sarah Khan,Noth,Phone,Account,Low,David,96.5,1,Open
TKT-10739,22/10/2025,CUST-305,Emma Davis,East,Phone,Delivery,Medium,John,17.9,4,resolved
TKT-10740,05/01/2025,CUST-841,John Miller,East,Email,Account,Low,John,41.6,5,Resolved
TKT-10741,07/06/2025,CUST-485,Olivia Moore,South,Chat,Account,Medium,Mary,86.3,3,Open
TKT-10742,25/05/2025,CUST-610,Anna Smith,West,Phone,Technical,Low,Olivia,48.5,2,Resolved
TKT-10743,10/06/2025,CUST-803,John Miller,East,email,Refund,Medium,Michael,45.5,,Open
TKT-10744,09/07/2025,CUST-937,John Miller,West,Email,Account,Low,SARAH,60.3,3,Open
TKT-10745,09/01/2025,CUST-386,Emma Davis,West,Phone ,Delivery,Medium,Mary,65.4,4,Resolved
TKT-10746,16/10/2025,CUST-883,Anna Smith,South,CHAT,Billing,Medium,John ,96.7,5,Pending
TKT-10747,19/08/2025,CUST-877,Michael Wilson,West,Chat,Account,Medium,MICHAEL,96.1,2,Pending
TKT-10748,27/02/2025,CUST-501,Sophia Anderson,East,Phone,Technical,High,James,54.7,3,OPEN
TKT-10749,02/01/2025,CUST-564,Sophia Anderson,South,email,Delivery,Low,JAMES,31.1,1,Pending
TKT-10750,13/01/2025,CUST-260,James Taylor,North,Phone,Delivery,Low,Michael,96.9,4,Open
TKT-10751,25/12/2025,CUST-372,Emma Davis,West,Chat,Delivery,Medium,Emma,27.8,1,Open
TKT-10752,13/12/2025,CUST-714,Emma Davis,North,CHAT,Billing,Medium,DAVID,Pending,4,Open
TKT-10753,03/12/2025,CUST-768,Emma Davis,Sth,Phone,Delivery,High,Mary,87.1,4,Open
TKT-10754,13/04/2025,CUST-811,Michael Wilson,West,Chat,Technical,Medium,John,Pending,4,Open
TKT-10755,20/12/2025,CUST-638,Michael Wilson,West,Chat,Billing,Medium,Michael ,48.2,4,Resolved
TKT-10756,28/10/2025,CUST-636,Sophia Anderson,North,Chat,Technical,Low,David ,20.4,,Open
TKT-10757,08/12/2025,CUST-361,James Taylor,West,Phone,Billing,Low,Olivia,20.0,5,Pending
TKT-10758,15/11/2025,CUST-842,James Taylor,West,Email,Technical,Low,Emma,39.0,5,resolved
TKT-10759,28/06/2025,CUST-341,John Miller,South,CHAT,Delivery,Medium,Sarah ,15.7,2,Pending
TKT-10760,03/11/2025,CUST-400,Emma Davis,Sth,Phone,Account,Medium,James ,35.4,3,Open
TKT-10761,23/08/2025,CUST-121,Sophia Anderson,East,Chat,Billing,Low,Mary,81.2,2,Resolved
TKT-10762,18/10/2025,CUST-194,John Miller,West,CHAT,billing,High,Olivia,41.3,3,Pending 
TKT-10763,04/07/2025,CUST-907,David Brown,East,Email,Billing,Low,Emma,68.9,3,Open
TKT-10764,05/10/2025,CUST-406,Anna Smith,East,Phone,Billing,Low,James,Unknown,3,Resolved
TKT-10765,21/01/2025,CUST-849,Michael Wilson,East,Phone,Billing,Medium,,31.1,5,Escalated
TKT-10766,23/09/2025,CUST-393,Sarah Khan,South,Email,TECHNICAL,Low,David,42.1,4,Pending
TKT-10767,10/02/2025,CUST-233,David Brown,Sth,Email,Delivery,Medium,John,71.1,2,Resolved
TKT-10768,12/06/2025,CUST-383,Emma Davis,Noth,Phone,Account,Medium,Michael,73.7,5,resolved
TKT-10769,14/02/2025,CUST-877,Emma Davis,North,Chat,Billing,High,Emma ,31.9,5,Resolved
TKT-10770,28/12/2025,CUST-847,Michael Wilson,West,Email,Account,Medium,Mary,1.3,5,Pending
TKT-10771,26/05/2025,CUST-270,David Brown,West,Chat,Billing,High,Mary,78.2,2,Resolved
TKT-10772,05/11/2024,CUST-470,Sarah Khan,West,Email,Billing,Low,,85.6,,Escalated
TKT-10773,21/11/2025,CUST-128,Daniel Thomas,Sth,Email,Delivery,Low,DAVID,N/A,1,Resolved
TKT-10774,03/04/2025,CUST-278,John Miller,South,Email,billing,Low,JAMES,9.5,4,Open
TKT-10775,12/06/2025,CUST-714,Daniel Thomas,South,Phone,Account,High,Sarah,Pending,4,Resolved
TKT-10776,09/09/2025,CUST-916,James Taylor,West,Phone,Technical,Medium,John,Unknown,5,Pending
TKT-10777,12/05/2025,CUST-644,Olivia Moore,South,CHAT,Delivery ,High,DAVID,95.0,1,Pending
TKT-10778,19/10/2025,CUST-535,John Miller, East,Phone,billing,Medium,Mary,34.8,5,Open
TKT-10779,05/08/2025,CUST-772,Olivia Moore,East,Phone,Billing,Medium,Sarah,61.9,3,Resolved
TKT-10780,14/07/2025,CUST-838,Emma Davis,West,Phone,billing,Medium,Emma,19.7,4,Open
TKT-10781,07/09/2025,CUST-751,Anna Smith,West,email,Technical,High,James,81.6,5,Resolved
TKT-10782,19/05/2025,CUST-222,Daniel Thomas,West,Chat,Account,Medium,DAVID,28.0,,Open
TKT-10783,02/02/2025,CUST-400,Michael Wilson,Noth,Email,Account,Medium,Olivia,62.4,1,Resolved
TKT-10784,28/05/2025,CUST-412,Daniel Thomas,East,Chat,Billing,Low,Mary,45.4,5,Resolved
TKT-10785,01/09/2025,CUST-672,Michael Wilson,East,Phone ,Delivery,Medium,James,62.2,5,Pending 
TKT-10786,24/01/2025,CUST-493,David Brown,South,Email,Account,Medium,Olivia,71.2,3,Pending 
TKT-10787,08/02/2025,CUST-450,Emma Davis,North,email,Delivery,Medium,Sarah,68.8,1,resolved
TKT-10788,19/04/2025,CUST-835,Michael Wilson,North,Phone,Billing,Medium,Emma,97.6,1,Resolved
TKT-10789,11/09/2025,CUST-996,Daniel Thomas,East,Phone,Account,Low,SARAH,32.0,1,Open
TKT-10790,17/08/2025,CUST-759,David Brown,North,Phone ,TECHNICAL,Low,Olivia,82.1,4,Escalated
TKT-10791,07/07/2025,CUST-869,James Taylor,East,Chat,Account,Medium,John,4.9,5,Resolved
TKT-10792,03/06/2025,CUST-509,John Miller,South,email,Account,Medium,Sarah,91.1,5,resolved
TKT-10793,26/12/2025,CUST-980,Michael Wilson,Sth,email,Billing,Medium,James,86.7,1,Pending
TKT-10794,25/03/2025,CUST-560,David Brown,Sth,Chat,Account,High,James,56.8,3,Pending
TKT-10795,20/06/2025,CUST-862,Anna Smith,North,Phone,Billing,High,David,N/A,5,Open
TKT-10796,04/03/2025,CUST-627,David Brown,North,Email,Refund,Medium,David,79.8,3,Pending
TKT-10797,11/05/2025,CUST-575,Anna Smith,South,Phone,Refund,Medium,OLIVIA,55.1,,Open
TKT-10798,25/07/2025,CUST-713,Sophia Anderson,North,Email,Refund,High,David,13.4,5,Open
TKT-10799,15/03/2025,CUST-675,Emma Davis,South,Phone ,Technical,Low,John,93.5,1,Open
TKT-10800,19/03/2025,CUST-870,Emma Davis,South,Chat,Technical,Low,David,31.7,1,Resolved
TKT-10801,17/07/2025,CUST-133,Michael Wilson,South,CHAT,Account,Low,OLIVIA,48.3,2,Open
TKT-10802,25/04/2025,CUST-371,Emma Davis,South,Chat,Refund,Low,SARAH,Unknown,3,Open
TKT-10803,04/04/2025,CUST-298,Olivia Moore,West,Chat,Technical,Low,Olivia,75.4,5,resolved
TKT-10804,12/03/2025,CUST-179,Olivia Moore,South,Phone,Billing,Medium,David,Pending,2,Pending
TKT-10805,26/11/2025,CUST-570,John Miller,North,Chat,Billing,Medium,James,Pending,4,Resolved
TKT-10806,26/01/2025,CUST-565,Emma Davis,South,Chat,Billing,Low,Sarah,53.8,2,Pending
TKT-10807,23/04/2025,CUST-983,James Taylor,South,email,Billing,Medium,Emma,57.6,5,Open
TKT-10808,18/05/2025,CUST-775,Michael Wilson,West ,Phone,Account,Low,Michael,84.7,1,Resolved
TKT-10809,14/08/2025,CUST-152,James Taylor,South,Email,Account,High,Olivia,Unknown,1,Resolved
TKT-10810,01/08/2025,CUST-892,David Brown,South,Email,Technical,Low,Emma ,23.2,4,Escalated
TKT-10811,21/02/2025,CUST-834,Anna Smith,South,Email,Account,Medium,DAVID,62.8,5,Escalated
TKT-10812,03/10/2025,CUST-762,Sarah Khan,North,Phone,Account,High,Mary,20.2,3,Pending
TKT-10813,13/08/2025,CUST-524,Michael Wilson, East,Phone ,Delivery,Low,James,12.7,3,Resolved
TKT-10814,14/12/2025,CUST-623,John Miller,East,Email,Delivery,Low,John,31.1,1,resolved
TKT-10815,06/08/2025,CUST-247,John Miller,East,Email,Refund,High,Michael,51.5,1,OPEN
TKT-10816,20/11/2025,CUST-636,Anna Smith,East,Phone,Technical,Medium,Mary ,52.1,2,Resolved
TKT-10817,23/11/2025,CUST-433,Olivia Moore,Sth,Phone,Account,Low,OLIVIA,99.8,5,Open
TKT-10818,04/12/2025,CUST-667,Sophia Anderson,South,Phone,Billing,Medium,Michael,1.0,5,Open
TKT-10819,11/03/2025,CUST-701,Daniel Thomas,East,Chat,Billing,High,MARY,34.9,5,Open
TKT-10820,24/08/2025,CUST-191,John Miller,West,Phone,Technical,Medium,Michael,89.1,3,Escalated
TKT-10821,16/10/2025,CUST-242,Daniel Thomas,West,Phone ,Delivery,Low,JOHN,45.0,3,Pending
TKT-10822,16/02/2025,CUST-152,Anna Smith,South,Phone,Delivery,Low,Olivia,94.8,,Open
TKT-10823,16/04/2025,CUST-908,Sarah Khan,East,Email,Delivery,Low,David,69.5,3,Pending
TKT-10824,03/01/2025,CUST-708,Daniel Thomas, East,Chat,Account,Low,Sarah,92.2,5,Pending
TKT-10825,01/09/2025,CUST-292,Sophia Anderson,West,Phone,Billing,Low,JAMES,42.4,3,Resolved
TKT-10826,10/07/2025,CUST-387,Sophia Anderson,East,Phone,Delivery,Medium,JOHN,6.0,1,Open
TKT-10827,26/03/2025,CUST-274,Sophia Anderson,Noth,Email,billing,Medium,JAMES,88.6,1,Resolved
TKT-10828,19/04/2025,CUST-657,Daniel Thomas,South,Phone,Technical,High,Emma,78.5,6,Resolved
TKT-10829,01/03/2025,CUST-766,Anna Smith,West,CHAT,Billing,High,Emma,19.0,6,Open
TKT-10830,13/08/2025,CUST-439,Sophia Anderson,West,Phone,Refund,Low,Mary,66.6,1,Resolved
TKT-10831,04/12/2025,CUST-214,Emma Davis,West,Phone,Delivery,Medium,Olivia ,46.4,5,Open
TKT-10832,22/01/2025,CUST-130,James Taylor,South,Phone,Delivery,Medium,Olivia,N/A,3,Escalated
TKT-10833,28/03/2025,CUST-611,Sophia Anderson,North,Chat,Billing,Medium,John,68.1,5,Resolved
TKT-10834,04/03/2025,CUST-282,Olivia Moore,South,email,Technical,Low,James,47.2,,Escalated
TKT-10835,16/05/2025,CUST-624,Anna Smith,West,Phone ,Refund,Medium,Emma,4.1,5,Escalated
TKT-10836,15/03/2025,CUST-294,Olivia Moore,South,Phone,Billing,Low,Olivia,Pending,1,OPEN
TKT-10837,20/08/2025,CUST-643,John Miller,East,Chat,Account,Medium,John ,39.6,2,Open
TKT-10838,03/09/2025,CUST-734,Emma Davis,South,Email,Billing,Medium,Sarah,40.1,4,Pending
TKT-10839,07/10/2025,CUST-180,Daniel Thomas,North,Chat,Account,Low,Mary,18.7,5,resolved
TKT-10840,26/10/2025,CUST-550,Sarah Khan, East,Phone,Billing,Medium,Michael,N/A,1,Open
TKT-10841,12/09/2025,CUST-913,Michael Wilson,East,Phone ,billing,Medium,Michael,74.7,1,Resolved
TKT-10842,04/04/2025,CUST-518,Olivia Moore,West,Phone,Technical,Medium,James,76.7,1,Open
TKT-10843,06/07/2025,CUST-423,John Miller,South,Phone,Billing,Medium,Olivia ,15.1,2,Resolved
TKT-10844,04/08/2025,CUST-151,Sarah Khan,South,Phone,billing,Low,Michael,43.2,3,OPEN
TKT-10845,06/12/2025,CUST-311,Anna Smith,West,Phone,Technical,High,Emma,44.1,,Pending
TKT-10846,18/12/2025,CUST-199,John Miller,West,Chat,billing,High,Michael,79.3,5,Resolved
TKT-10847,27/09/2025,CUST-796,John Miller,West,Email,Billing,High,James,76.8,5,Escalated
TKT-10848,20/06/2026,CUST-389,Anna Smith,West,Chat,Delivery,Low,Olivia,66.0,3,Resolved
TKT-10849,24/10/2025,CUST-275,James Taylor,West,Phone ,TECHNICAL,High,JOHN,13.0,6,Pending
TKT-10850,12/11/2025,CUST-617,Anna Smith,South,CHAT,Refund,Low,Michael,63.4,3,Resolved
TKT-10851,02/05/2025,CUST-909,Anna Smith, East,Phone,Account,Low,EMMA,74.0,4,Resolved
TKT-10852,04/11/2025,CUST-814,Daniel Thomas,North,Phone,Delivery,Low,David,80.6,1,Open
TKT-10853,13/10/2025,CUST-320,David Brown,West,Phone ,Account,Low,David,16.1,5,resolved
TKT-10854,17/04/2025,CUST-224,Emma Davis,Sth,Phone ,Billing,High,Sarah,86.2,3,Pending 
TKT-10855,27/03/2024,CUST-183,Michael Wilson,West,Phone,Delivery,High,SARAH,37.7,5,Resolved
TKT-10856,21/08/2025,CUST-748,Daniel Thomas,East,Chat,Billing,Medium,Emma ,18.1,1,Resolved
TKT-10857,12/03/2026,CUST-567,Sophia Anderson,North,Chat,Delivery,Low,John,85.8,,Resolved
TKT-10858,05/11/2025,CUST-610,Daniel Thomas,North,Email,Account,Medium,James,31.3,4,Open
TKT-10859,23/08/2025,CUST-262,David Brown,South,Email,Billing,Medium,Emma,43.0,1,Resolved
TKT-10860,22/01/2025,CUST-426,Emma Davis,East,Phone,Refund,Low,John,N/A,5,Resolved
TKT-10861,20/11/2025,CUST-278,Olivia Moore,East,Email,Refund,High,,49.9,3,Pending 
TKT-10862,22/04/2025,CUST-994,Daniel Thomas,South,email,Technical,Low,Mary,2.0,1,Resolved
TKT-10863,25/02/2025,CUST-873,Daniel Thomas,West,CHAT,Technical,Medium,MARY,46.0,3,resolved
TKT-10864,21/07/2025,CUST-611,John Miller,North,Email,Billing,Low,MICHAEL,11.2,5,Open
TKT-10865,14/06/2025,CUST-344,Daniel Thomas,North,CHAT,Delivery,Low,MARY,74.6,2,Open
TKT-10866,03/06/2025,CUST-988,Michael Wilson,North,CHAT,Technical,Medium,Emma,74.7,2,Resolved
TKT-10867,23/07/2025,CUST-273,Anna Smith,South,Email,Delivery,Medium,Emma ,23.7,1,Open
TKT-10868,01/11/2025,CUST-659,James Taylor,South,Phone,Billing,Low,James ,46.0,4,Open
TKT-10869,25/08/2025,CUST-433,Sarah Khan,South,Chat,Technical,High,James,71.8,5,Resolved
TKT-10870,24/04/2025,CUST-785,David Brown,East,Phone ,Delivery,Medium,Olivia,31.5,2,Open
TKT-10871,09/10/2025,CUST-537,Sarah Khan,North,Chat,Technical,High,Mary,34.9,3,Resolved
TKT-10872,10/04/2025,CUST-140,Sophia Anderson,West ,Email,Account,Medium,John,44.4,4,Pending
TKT-10873,05/02/2025,CUST-325,Daniel Thomas,West,Chat,Billing,Low,James,74.9,2,resolved
TKT-10874,20/09/2025,CUST-516,Olivia Moore,Noth,CHAT,Billing,Medium,Michael,48.4,,Open
TKT-10875,08/12/2025,CUST-730,Sophia Anderson,South,Email,Technical,Medium,Olivia,40.4,5,Resolved
TKT-10876,22/08/2025,CUST-544,Daniel Thomas,East,Email,Account,Low,John,Pending,5,Resolved
TKT-10877,15/06/2025,CUST-715,Sarah Khan,North,Email,Delivery ,Medium,John,70.4,4,resolved
TKT-10878,04/08/2025,CUST-522,David Brown,Noth,CHAT,Technical,High,Olivia,50.5,4,Resolved
TKT-10879,12/05/2025,CUST-634,David Brown,West,email,Billing,Low,Olivia,65.1,5,resolved
TKT-10880,25/07/2025,CUST-119,Olivia Moore,West,Phone,Account,Low,EMMA,Unknown,5,Pending
TKT-10881,17/03/2025,CUST-867,James Taylor,West,Phone ,Technical,Medium,Olivia,88.3,4,resolved
TKT-10882,23/05/2025,CUST-500,Sarah Khan,East,Chat,Billing,Medium,John,10.9,5,Resolved
TKT-10883,19/01/2025,CUST-912,Emma Davis,Sth,Email,Billing,High,John,89.8,1,OPEN
TKT-10884,26/07/2025,CUST-303,John Miller,North,Phone ,Technical,Low,Mary,45.1,5,Escalated
TKT-10885,21/07/2025,CUST-765,James Taylor,East,Chat,Technical,Medium,EMMA,29.9,3,Resolved
TKT-10886,13/01/2025,CUST-809,Daniel Thomas,Sth,email,Billing,Medium,James,20.2,5,OPEN
TKT-10887,16/04/2025,CUST-871,Michael Wilson,East,Phone,Technical,Medium,James,80.2,1,Open
TKT-10888,26/07/2025,CUST-762,Sophia Anderson, East,Phone,Technical,High,James ,55.8,2,Pending
TKT-10889,08/10/2025,CUST-592,Emma Davis,Sth,email,Delivery,Medium,EMMA,50.2,4,Resolved
TKT-10890,26/02/2025,CUST-217,Daniel Thomas,North,Chat,Refund,Medium,Emma,47.2,3,Open
TKT-10891,23/07/2025,CUST-428,James Taylor,East,Chat,Account,High,James ,86.0,3,Resolved
TKT-10892,15/08/2025,CUST-358,Sophia Anderson,South,Chat,Technical,Low,David,89.5,5,Open
TKT-10893,12/05/2025,CUST-554,Michael Wilson,East,Chat,Billing,Medium,Olivia,Pending,1,Pending
TKT-10894,25/12/2025,CUST-985,Emma Davis,East,Email,Account,Medium,Olivia,80.6,1,Escalated
TKT-10895,02/03/2025,CUST-426,Emma Davis,West,Phone ,Technical,Medium,Sarah,89.3,4,Resolved
TKT-10896,13/09/2025,CUST-836,Olivia Moore,East,Email,Delivery,Medium,Sarah ,90.7,1,Resolved
TKT-10897,16/01/2025,CUST-701,Olivia Moore,North,Phone,Billing,Medium,JOHN,Unknown,,Open
TKT-10898,05/06/2025,CUST-193,David Brown,North,Phone,Delivery,Medium,Michael,73.1,1,Resolved
TKT-10899,24/01/2025,CUST-920,Emma Davis,West ,Phone ,Billing,Medium,MICHAEL,60.0,2,Resolved
TKT-10900,09/11/2025,CUST-791,Daniel Thomas,North,Email,billing,Medium,,97.0,5,Escalated
TKT-10901,25/09/2025,CUST-712,Sophia Anderson,East,Email,Technical,High,John,55.0,4,Pending
TKT-10902,26/03/2025,CUST-449,Olivia Moore,South,Phone,billing,Medium,Sarah,15.5,3,Resolved
TKT-10903,28/07/2025,CUST-874,David Brown,North,Chat,TECHNICAL,Medium,Sarah,27.1,3,Pending
TKT-10904,13/02/2025,CUST-242,John Miller,East,Email,Account,Low,David,46.6,3,Pending
TKT-10905,26/05/2025,CUST-969,Anna Smith,North,Phone,Account,Low,Sarah,84.1,1,Open
TKT-10906,14/02/2025,CUST-365,Sophia Anderson,West,email,Account,Medium,John,75.2,4,Open
TKT-10907,11/02/2025,CUST-189,Daniel Thomas,West,Phone ,Refund,Low,John,Pending,3,Resolved
TKT-10908,19/01/2025,CUST-326,James Taylor,East,Email,Refund,High,Mary ,Unknown,4,Pending
TKT-10909,12/07/2025,CUST-727,Michael Wilson,West ,CHAT,Delivery,Low,Emma,59.4,3,Open
TKT-10910,21/10/2025,CUST-695,Sophia Anderson,Sth,Phone,Billing,Medium,James,32.7,5,Open
TKT-10911,13/09/2025,CUST-464,James Taylor,North,Email,Account,Medium,David,30.3,2,Resolved
TKT-10912,15/12/2025,CUST-434,Olivia Moore,West ,CHAT,billing,Medium,John,38.4,5,Resolved
TKT-10913,17/01/2025,CUST-419,Michael Wilson,West,Phone,Account,High,MICHAEL,62.1,4,Pending
TKT-10914,10/09/2025,CUST-656,Olivia Moore,West,Email,Delivery,High,Emma,60.1,5,Resolved
TKT-10915,04/09/2025,CUST-869,Sarah Khan,East,email,Account,High,Emma,91.6,1,Resolved
TKT-10916,21/08/2025,CUST-418,James Taylor,South,CHAT,Account,Medium,Emma ,72.2,5,Resolved
TKT-10917,13/11/2025,CUST-835,Olivia Moore,South,Chat,TECHNICAL,High,Emma,15.8,3,Resolved
TKT-10918,16/09/2025,CUST-968,Emma Davis,South,Chat,TECHNICAL,High,Mary,10.4,1,Open
TKT-10919,22/10/2025,CUST-159,Michael Wilson,West,Phone ,Delivery,High,John,10.0,3,Open
TKT-10920,04/01/2025,CUST-425,Sophia Anderson,Noth,Chat,Account,Low,James,94.3,5,Resolved
TKT-10921,11/06/2025,CUST-638,Michael Wilson,West,email,Account,Medium,DAVID,90.6,2,Pending
TKT-10922,04/12/2025,CUST-125,Emma Davis,North,Chat,Account,Low,John,32.3,,Pending
TKT-10923,18/10/2025,CUST-461,Anna Smith,North,email,Technical,Low,Michael ,48.0,2,Pending
TKT-10924,28/06/2025,CUST-328,Sophia Anderson,West,email,Billing,Low,Mary,54.1,1,Open
TKT-10925,15/04/2025,CUST-628,Daniel Thomas,South,email,billing,High,Sarah,Unknown,4,resolved
TKT-10926,20/05/2025,CUST-755,David Brown,North,Chat,Billing,Medium,James,41.2,1,Pending
TKT-10927,12/09/2025,CUST-998,James Taylor,North,Chat,Account,High,Sarah,35.6,3,Resolved
TKT-10928,04/02/2025,CUST-551,Sophia Anderson,Noth,Phone ,Technical,Low,John,52.5,1,resolved
TKT-10929,05/08/2025,CUST-757,Michael Wilson,East,Chat,TECHNICAL,Low,Mary,71.7,,Open
TKT-10930,04/12/2025,CUST-710,John Miller,North,Phone,Delivery ,Low,James,17.9,2,Open
TKT-10931,27/11/2025,CUST-313,Sophia Anderson,West,email,Billing,Medium,James,11.0,5,Resolved
TKT-10932,16/03/2025,CUST-536,John Miller,East,Phone,Billing,Low,MICHAEL,Unknown,5,Resolved
TKT-10933,01/08/2025,CUST-968,Olivia Moore,South,Chat,billing,Low,MARY,87.9,2,Resolved
TKT-10934,09/05/2025,CUST-879,Sophia Anderson,East,email,Account,Medium,James,29.7,1,Open
TKT-10935,16/11/2025,CUST-250,Michael Wilson,West,Phone,Account,Low,MICHAEL,63.5,2,resolved
TKT-10936,26/12/2025,CUST-626,Daniel Thomas,South,Email,TECHNICAL,Medium,James ,62.2,3,Open
TKT-10937,06/12/2025,CUST-905,Sophia Anderson,West,Phone,Delivery,Medium,James,11.5,6,Pending
TKT-10938,10/03/2025,CUST-644,James Taylor,West,Chat,Account,Low,David ,84.0,5,Resolved
TKT-10939,08/06/2025,CUST-749,Sophia Anderson,East,Chat,Technical,Medium,James,34.3,2,Resolved
TKT-10940,16/01/2025,CUST-417,John Miller,North,Chat,Technical,Low,Michael,69.5,2,Open
TKT-10941,05/01/2025,CUST-247,Daniel Thomas, East,Phone,Billing,Medium,SARAH,15.9,2,Open
TKT-10942,10/12/2025,CUST-898,Sophia Anderson,South,Phone,Account,Medium,Michael,88.1,2,Resolved
TKT-10943,14/09/2025,CUST-714,Emma Davis,East,Chat,Refund,Medium,James,86.6,3,Resolved
TKT-10944,26/08/2025,CUST-270,James Taylor,North,Chat,Technical,Medium,James,26.6,1,Resolved
TKT-10945,08/05/2025,CUST-852,John Miller,West,Phone,Account,High,MARY,16.7,1,Resolved
TKT-10946,16/04/2025,CUST-544,Sophia Anderson,East,Chat,Delivery,Low,James,3.7,5,Open
TKT-10947,20/05/2025,CUST-837,John Miller,East,Phone ,Delivery,Medium,Mary,23.7,4,Open
TKT-10948,19/09/2025,CUST-897,Sarah Khan,North,Email,Technical,Low,EMMA,40.1,,Pending 
TKT-10949,15/03/2025,CUST-500,John Miller,Sth,Phone,Account,Low,Sarah,64.6,4,Escalated
TKT-10950,03/10/2025,CUST-665,Olivia Moore,South,Chat,Technical,High,Michael,73.5,5,Pending
TKT-10951,27/03/2025,CUST-356,Anna Smith,South,Phone,Billing,Medium,James,Pending,2,Resolved
TKT-10952,22/08/2025,CUST-646,Anna Smith,South,Phone ,Technical,Medium,,29.4,2,Escalated
TKT-10953,05/05/2025,CUST-754,Anna Smith,West,Phone,Refund,Medium,Sarah,50.2,5,Open
TKT-10954,01/10/2025,CUST-707,Michael Wilson,North,Phone,Delivery,High,Sarah,69.2,3,Resolved
TKT-10955,15/12/2025,CUST-308,Emma Davis,West,Phone ,Delivery,Low,John,73.5,1,Resolved
TKT-10956,23/05/2025,CUST-451,Daniel Thomas,South,Email,Technical,Medium,EMMA,20.7,4,Resolved
TKT-10957,11/04/2025,CUST-705,Olivia Moore,South,CHAT,Account,Medium,Mary ,46.7,5,Pending
TKT-10958,16/01/2025,CUST-945,Emma Davis,West,Phone,Technical,Low,Olivia,28.5,3,Open
TKT-10959,24/08/2025,CUST-578,Daniel Thomas,North,Email,Delivery,High,SARAH,24.6,5,Resolved
TKT-10960,05/12/2025,CUST-582,David Brown,North,Phone,Technical,Medium,Mary,87.0,,Escalated
TKT-10961,25/07/2025,CUST-467,Anna Smith,South,Phone,Billing,Medium,Emma,84.7,5,resolved
TKT-10962,10/10/2025,CUST-200,Daniel Thomas,West,email,Technical,Medium,Sarah,8.9,1,Open
TKT-10963,24/07/2025,CUST-579,Sarah Khan, East,Phone,Account,Medium,Mary,71.0,1,Open
TKT-10964,12/03/2025,CUST-525,Sophia Anderson,South,Phone,Billing,Medium,James,40.8,5,Resolved
TKT-10965,16/10/2025,CUST-572,Emma Davis,East,Phone,Delivery,Low,David,92.6,4,resolved
TKT-10966,02/03/2025,CUST-822,James Taylor,South,Phone,Technical,High,Mary,Unknown,3,Pending
TKT-10967,02/12/2025,CUST-292,Sarah Khan,South,Email,Delivery,Low,James,55.5,1,Resolved
TKT-10968,11/03/2025,CUST-787,Emma Davis,East,Email,Billing,Low,Emma,98.5,5,Open
TKT-10969,24/03/2025,CUST-275,Daniel Thomas,East,Phone,Account,Medium,SARAH,8.4,1,Pending 
TKT-10970,04/05/2025,CUST-381,David Brown,West,Chat,Billing,Medium,Mary,88.5,4,Open
TKT-10971,23/07/2025,CUST-922,James Taylor,North,Email,Billing,Low,Emma,Pending,1,Resolved
TKT-10972,10/11/2025,CUST-421,Michael Wilson,South,Email,Account,Medium,James,Pending,2,Pending
TKT-10973,22/08/2025,CUST-505,David Brown,South,email,billing,Medium,Mary,86.2,3,Pending
TKT-10974,22/03/2025,CUST-333,David Brown,North,Phone,TECHNICAL,Medium,Mary,46.6,2,Resolved
TKT-10975,15/04/2025,CUST-478,David Brown,North,Phone,Technical,Medium,John,91.9,3,Resolved
TKT-10976,02/09/2025,CUST-143,Sophia Anderson,South,Chat,billing,Medium,Michael,Pending,1,Resolved
TKT-10977,21/02/2025,CUST-163,Emma Davis,East,Email,Billing,Medium,John,58.0,2,Resolved
TKT-10978,19/09/2025,CUST-668,Daniel Thomas,South,CHAT,Technical,Medium,Michael,Pending,2,OPEN
TKT-10979,17/11/2025,CUST-411,Michael Wilson,South,Phone,Account,Medium,Sarah,87.9,4,Open
TKT-10980,27/12/2025,CUST-332,James Taylor,East,Chat,Delivery,Low,John,61.5,2,Open
TKT-10981,28/06/2025,CUST-319,Sarah Khan,South,Chat,Account,Low,Sarah,65.9,5,Escalated
TKT-10982,27/09/2025,CUST-753,Michael Wilson,East,Phone ,Billing,Low,JOHN,85.3,1,Resolved
TKT-10983,25/01/2025,CUST-937,Sophia Anderson, East,Email,Account,Low,Emma ,Pending,4,OPEN
TKT-10984,19/01/2025,CUST-807,Emma Davis,East,CHAT,Account,Medium,David,54.1,2,Escalated
TKT-10985,26/07/2025,CUST-713,John Miller,East,Phone,Billing,High,Sarah,22.9,3,Resolved
TKT-10986,22/12/2025,CUST-513,John Miller,East,Email,Delivery,Medium,Olivia,64.4,3,Open
TKT-10987,19/04/2025,CUST-187,James Taylor,North,Email,Account,Low,Emma,70.9,1,Open
TKT-10988,10/11/2025,CUST-310,Sarah Khan,North,Chat,Technical,Low,David,85.9,1,Pending
TKT-10989,21/08/2025,CUST-950,James Taylor,East,Chat,Account,Low,Olivia,49.9,2,Pending
TKT-10990,23/04/2025,CUST-878,Olivia Moore,North,Email,Delivery,Low,David,75.5,3,Resolved
TKT-10991,07/09/2025,CUST-461,David Brown, East,CHAT,Technical,Medium,Mary ,83.9,5,Escalated
TKT-10992,05/08/2025,CUST-603,Olivia Moore,North,Phone,Account,Low,John,37.1,5,Open
TKT-10993,22/07/2025,CUST-273,James Taylor,Sth,Email,Refund,Medium,Emma,61.0,4,Escalated
TKT-10994,01/03/2025,CUST-174,Sarah Khan,North,Email,billing,Medium,,98.6,5,Escalated
TKT-10995,15/02/2025,CUST-247,David Brown,South,Phone ,Billing,Low,David,N/A,4,Escalated
TKT-10996,02/06/2025,CUST-374,Anna Smith,North,Phone ,Account,High,John,50.1,5,Resolved
TKT-10997,26/02/2025,CUST-123,John Miller,South,CHAT,Billing,Low,David,63.8,5,Pending
TKT-10998,13/06/2025,CUST-268,Sophia Anderson,Noth,Email,Account,High,EMMA,32.1,3,Resolved
TKT-10999,20/08/2025,CUST-331,James Taylor,East,CHAT,Technical,Medium,Sarah,3.6,4,Open
TKT-11000,20/05/2025,CUST-452,Olivia Moore,South,Chat,Billing,Low,Michael,95.5,1,Resolved
TKT-11001,14/06/2025,CUST-846,Sophia Anderson,East,Chat,Delivery ,Low,Mary,36.4,5,Pending
TKT-11002,12/04/2025,CUST-588,James Taylor,West,Phone,Delivery,Low,James,8.3,,Open
TKT-11003,22/07/2025,CUST-711,James Taylor,East,Email,Delivery,Medium,John ,34.3,2,Resolved
TKT-11004,17/11/2025,CUST-733,David Brown,East,Email,Delivery,High,Michael,27.6,,Pending
TKT-11005,07/07/2025,CUST-328,Emma Davis,East,Chat,Account,Medium,David ,50.4,1,Open
TKT-11006,24/11/2025,CUST-741,Sophia Anderson,South,Email,Account,High,John ,15.4,3,Open
TKT-11007,26/02/2025,CUST-447,Daniel Thomas,East,email,Account,Low,Sarah,93.2,4,Escalated
TKT-11008,28/12/2025,CUST-711,David Brown,North,Chat,billing,High,Olivia,71.2,3,Open
TKT-11009,06/04/2025,CUST-791,James Taylor,West,Chat,Delivery,High,John,49.5,4,Open
TKT-11010,11/10/2025,CUST-551,Michael Wilson,North,email,Delivery,Low,Olivia,33.5,1,Open
TKT-11011,23/03/2025,CUST-802,Olivia Moore,Noth,Phone,Account,Low,Mary,11.9,3,Escalated
TKT-11012,26/03/2025,CUST-597,Sarah Khan,North,Chat,Technical,Low,James,27.4,4,Pending
TKT-11013,11/07/2025,CUST-687,John Miller,West,Chat,Technical,High,Sarah,Pending,2,Open
TKT-11014,07/01/2025,CUST-501,Sarah Khan,West,Chat,Account,Medium,James,39.1,3,Escalated
TKT-11015,09/03/2025,CUST-980,John Miller,East,Phone,Technical,High,Olivia,2.3,5,Pending
TKT-11016,28/02/2025,CUST-293,Michael Wilson,East,Phone,Account,High,Mary,78.6,4,Resolved
TKT-11017,07/06/2025,CUST-943,Sophia Anderson,West,Chat,Account,Low,James,73.4,3,resolved
TKT-11018,26/03/2025,CUST-431,Sophia Anderson,North,email,Delivery ,Medium,Sarah,21.7,5,Pending
TKT-11019,18/02/2025,CUST-545,James Taylor,North,Email,Billing,Medium,Emma,38.0,5,OPEN
TKT-11020,21/06/2025,CUST-197,Olivia Moore,South,Phone,Delivery,Medium,James,19.4,1,Open
TKT-11021,08/09/2025,CUST-925,Anna Smith,South,email,Account,Low,David,39.9,3,Resolved
TKT-11022,23/09/2025,CUST-389,James Taylor,West,Phone,Technical,Medium,David,23.4,3,Resolved
TKT-11023,07/06/2025,CUST-713,James Taylor, East,CHAT,Billing,Medium,Sarah,77.6,1,OPEN
TKT-11024,05/03/2025,CUST-276,Sophia Anderson,West,Phone,Delivery,High,Emma,24.9,5,resolved
TKT-11025,22/04/2025,CUST-740,Michael Wilson,West,Phone,Account,Medium,Mary ,97.1,4,Pending
TKT-11026,23/08/2025,CUST-503,Anna Smith,West,Chat,Technical,Low,Emma,57.3,5,Resolved
TKT-11027,24/05/2025,CUST-522,Daniel Thomas,West,email,Account,Medium,Michael,79.3,3,resolved
TKT-11028,26/10/2025,CUST-230,Emma Davis,South,Phone,billing,Medium,David,6.9,4,Resolved
TKT-11029,06/04/2025,CUST-785,James Taylor,North,Email,Delivery,Low,Emma ,7.7,4,resolved
TKT-11030,02/07/2025,CUST-294,John Miller,Sth,Email,Billing,Low,Sarah,33.0,3,Pending
TKT-11031,02/09/2025,CUST-869,Michael Wilson,South,Phone ,Delivery,Low,David,73.5,1,Pending
TKT-11032,26/07/2025,CUST-349,Anna Smith,East,Phone ,Technical,High,Sarah,46.0,7,Escalated
TKT-11033,09/01/2025,CUST-299,Sophia Anderson,West,Phone ,Technical,High,Olivia,Pending,2,Resolved
TKT-11034,11/05/2025,CUST-893,David Brown,East,Phone ,Billing,Low,Emma,76.2,2,Pending
TKT-11035,16/06/2025,CUST-533,Sarah Khan,North,Phone,Account,Low,JOHN,74.2,2,Pending
TKT-11036,06/08/2025,CUST-999,Sarah Khan,East,Email,Technical,Low,James,39.6,5,Open
TKT-11037,09/11/2025,CUST-823,Sarah Khan,North,Chat,Billing,Low,John,9.3,5,Resolved
TKT-11038,20/07/2025,CUST-324,Sophia Anderson,West,Email,Delivery,Medium,Emma,17.6,1,resolved
TKT-11039,09/07/2025,CUST-237,Daniel Thomas,South,Phone,TECHNICAL,Medium,David,13.4,2,Resolved
TKT-11040,20/03/2025,CUST-587,Sophia Anderson,East,email,Technical,High,MICHAEL,57.1,4,Resolved
TKT-11041,22/01/2025,CUST-589,Sarah Khan,West,Chat,Technical,Medium,Emma,3.1,5,Open
TKT-11042,01/06/2025,CUST-541,Olivia Moore,West,Phone,Billing,Medium,Michael,75.2,5,Resolved
TKT-11043,11/01/2025,CUST-634,Sarah Khan,North,Phone ,Delivery,Medium,EMMA,5.2,1,Open
TKT-11044,05/12/2025,CUST-797,Emma Davis,North,CHAT,Delivery,Low,John,73.5,,Open
TKT-11045,03/10/2025,CUST-155,Olivia Moore,East,Email,Delivery,Medium,David,29.4,3,Pending
TKT-11046,11/09/2025,CUST-473,Sarah Khan,West,Email,Refund,High,Sarah,9.9,1,Resolved
TKT-11047,15/04/2025,CUST-979,Michael Wilson,South,Phone ,TECHNICAL,Medium,Mary,Unknown,1,Escalated
TKT-11048,09/04/2025,CUST-938,David Brown,South,Chat,Technical,Medium,John,39.2,,resolved
TKT-11049,24/08/2025,CUST-137,John Miller,North,Phone,Refund,Medium,Emma,70.0,3,resolved
TKT-11050,21/08/2025,CUST-428,Emma Davis, East,Chat,Refund,Low,Sarah,89.0,5,Escalated
TKT-11051,14/10/2025,CUST-211,Emma Davis,South,Chat,Billing,Low,Olivia,47.2,1,Escalated
TKT-11052,11/08/2025,CUST-276,Sophia Anderson,South,Chat,Technical,High,John,49.8,1,Resolved
TKT-11053,25/01/2025,CUST-602,John Miller,West,Phone,Billing,Medium,Emma,96.3,1,Open
TKT-11054,11/10/2025,CUST-458,Olivia Moore,West,Email,Delivery,High,JAMES,87.5,5,Open
TKT-11055,17/10/2025,CUST-940,David Brown,East,Phone,Technical,Low,James ,23.8,2,Pending
TKT-11056,12/01/2025,CUST-547,Olivia Moore,West,Phone,Billing,Medium,MICHAEL,94.5,4,Escalated
TKT-11057,26/02/2025,CUST-579,Olivia Moore,South,Chat,Technical,Medium,Sarah,39.7,2,Open
TKT-11058,23/05/2025,CUST-461,Emma Davis,West,CHAT,Account,High,David ,96.4,2,Open
TKT-11059,06/09/2025,CUST-676,Anna Smith,South,Phone ,Billing,High,Mary,42.0,5,Resolved
TKT-11060,07/01/2025,CUST-766,James Taylor,East,Email,Refund,Low,Olivia,55.7,,Escalated
TKT-11061,07/04/2025,CUST-311,Sophia Anderson,South,Email,Billing,Medium,Michael,63.3,,Resolved
TKT-11062,06/01/2025,CUST-847,James Taylor,North,Phone ,Delivery ,Medium,John ,36.5,4,Resolved
TKT-11063,28/07/2025,CUST-241,Anna Smith,South,Chat,Account,Medium,Sarah ,Pending,4,Resolved
TKT-11064,26/02/2025,CUST-152,Michael Wilson,West,Phone,Account,Low,DAVID,Unknown,2,resolved
TKT-11065,09/10/2025,CUST-274,David Brown,East,Phone ,Billing,Low,Emma,3.3,4,Resolved
TKT-11066,14/07/2025,CUST-205,Olivia Moore,West ,Email,Delivery ,High,Olivia,68.9,,Resolved
TKT-11067,24/11/2025,CUST-970,Olivia Moore,East,Phone,Account,Low,Michael,81.8,2,Resolved
TKT-11068,11/03/2025,CUST-871,James Taylor,North,Chat,Delivery,Medium,Emma,49.3,3,resolved
TKT-11069,12/03/2025,CUST-220,James Taylor,West,Phone,Account,High,DAVID,Unknown,5,Resolved
TKT-11070,07/07/2025,CUST-318,Emma Davis,South,Chat,Technical,Medium,Mary,54.7,1,Resolved
TKT-11071,12/10/2025,CUST-248,Emma Davis,North,CHAT,Billing,Low,David,46.8,3,Open
TKT-11072,24/06/2025,CUST-358,Emma Davis,West,Chat,Delivery,High,John,13.1,1,resolved
TKT-11073,16/03/2025,CUST-827,David Brown,East,email,Account,Medium,Sarah,9.7,5,OPEN
TKT-11074,14/04/2025,CUST-785,Sophia Anderson,North,email,Technical,Low,Michael,90.1,5,Escalated
TKT-11075,22/02/2025,CUST-775,David Brown,South,Email,Billing,Low,John,28.9,,Resolved
TKT-11076,23/01/2025,CUST-598,James Taylor,South,Phone,Billing,Low,Michael,35.7,1,Pending
TKT-11077,02/02/2025,CUST-443,Emma Davis,East,Phone,Account,Low,Olivia,77.3,4,Resolved
TKT-11078,18/06/2025,CUST-874,Sarah Khan,West,Phone ,Delivery,Low,EMMA,46.1,4,Pending
TKT-11079,21/09/2025,CUST-443,David Brown,Sth,Email,Technical,Low,Mary,4.7,,Open
TKT-11080,17/01/2025,CUST-330,James Taylor,West ,Chat,Technical,Low,John ,35.4,5,Open
TKT-11081,14/07/2025,CUST-407,David Brown,West,email,Delivery,Medium,Michael,57.3,1,Pending
TKT-11082,19/01/2025,CUST-713,James Taylor,North,Phone,Billing,Medium,Olivia,7.2,3,Resolved
TKT-11083,18/04/2025,CUST-347,Anna Smith,West,Phone ,Technical,Medium,Olivia,74.6,2,Open
TKT-11084,13/03/2025,CUST-549,John Miller,West,CHAT,Billing,Medium,Emma,97.5,1,Pending
TKT-11085,15/10/2025,CUST-311,Sarah Khan,North,Email,Billing,Low,Michael,15.5,4,Escalated
TKT-11086,27/08/2025,CUST-663,Daniel Thomas,South,Phone ,Billing,Medium,MICHAEL,2.4,2,Pending
TKT-11087,20/08/2025,CUST-241,Daniel Thomas,West,Chat,Technical,Medium,Sarah,29.3,3,Open
TKT-11088,01/12/2025,CUST-684,Daniel Thomas,South,Phone,Technical,Low,Mary,16.5,1,resolved
TKT-11089,03/05/2025,CUST-999,Anna Smith,East,Chat,Delivery,Low,Sarah,77.3,2,Open
TKT-11090,18/04/2025,CUST-792,David Brown,North,Chat,Delivery,Low,Sarah ,47.6,1,Open
TKT-11091,21/04/2025,CUST-842,Olivia Moore,North,CHAT,Technical,High,David ,16.1,5,Resolved
TKT-11092,28/03/2025,CUST-842,Olivia Moore,East,Phone,TECHNICAL,Low,Olivia,N/A,3,Pending
TKT-11093,02/12/2025,CUST-108,David Brown,East,Chat,Account,High,John,28.5,3,Escalated
TKT-11094,07/11/2025,CUST-363,James Taylor,North,Chat,Delivery,Medium,MICHAEL,61.7,4,Pending
TKT-11095,13/11/2025,CUST-796,Olivia Moore,Sth,Phone,Account,Low,James,15.1,5,Escalated
TKT-11096,20/06/2025,CUST-890,Sophia Anderson,North,Phone,Account,Medium,James,Unknown,5,Open
TKT-11097,08/03/2025,CUST-730,John Miller,East,Chat,Account,Low,Emma,49.3,5,Escalated
TKT-11098,21/04/2025,CUST-700,John Miller,East,Chat,Delivery ,Low,Emma ,10.3,3,Resolved
TKT-11099,12/09/2025,CUST-855,John Miller,East,email,Technical,Medium,Olivia,52.9,4,Resolved
TKT-11100,03/06/2025,CUST-348,Anna Smith,West,Email,Delivery,Low,Olivia,4.6,,Escalated
TKT-11101,01/12/2025,CUST-151,Sarah Khan,North,email,TECHNICAL,Medium,Sarah,84.6,3,resolved
TKT-11102,25/02/2025,CUST-719,Anna Smith,Noth,Email,Technical,Low,John,44.0,3,Open
TKT-11103,03/02/2025,CUST-530,Olivia Moore,West,Chat,TECHNICAL,Medium,OLIVIA,9.6,3,resolved
TKT-11104,22/01/2025,CUST-755,James Taylor,Sth,Phone,billing,Medium,Michael,92.2,3,Open
TKT-11105,14/09/2025,CUST-552,Sophia Anderson,North,Phone,Refund,Medium,Olivia,82.7,,Open
TKT-11106,26/06/2025,CUST-210,Michael Wilson,East,Phone,Billing,High,DAVID,5.4,5,Open
TKT-11107,19/12/2025,CUST-498,David Brown,East,Chat,Delivery,Medium,Sarah,29.3,4,Resolved
TKT-11108,22/01/2025,CUST-636,Daniel Thomas,East,Email,Billing,Low,Olivia,50.0,1,Pending
TKT-11109,26/06/2025,CUST-859,David Brown,South,Phone,Delivery,Medium,Michael ,48.3,4,Open
TKT-11110,14/02/2025,CUST-147,Daniel Thomas,West,Chat,Technical,High,Mary,63.6,3,Resolved
TKT-11111,12/02/2025,CUST-812,Emma Davis,West,Email,Delivery,Low,David,12.3,2,Resolved
TKT-11112,15/07/2025,CUST-634,Daniel Thomas,South,CHAT,Billing,Medium,Sarah ,17.3,5,Open
TKT-11113,04/01/2025,CUST-238,Anna Smith,East,Email,Billing,Medium,David,58.9,4,Pending
TKT-11114,21/04/2025,CUST-574,Emma Davis,East,Email,Billing,High,Emma ,22.0,3,Open
TKT-11115,26/08/2025,CUST-666,Olivia Moore,South,Chat,Technical,High,David,64.0,2,Open
TKT-11116,23/10/2025,CUST-500,Sarah Khan,South,Chat,Refund,Medium,Sarah,15.9,3,Pending 
TKT-11117,18/12/2025,CUST-118,Sarah Khan,South,Phone,Technical,Low,Emma,Pending,1,Resolved
TKT-11118,09/05/2025,CUST-747,Olivia Moore,East,Chat,TECHNICAL,Medium,Mary,57.9,3,Open
TKT-11119,28/03/2025,CUST-340,James Taylor, East,Email,Billing,Medium,Emma ,18.4,3,Open
TKT-11120,21/11/2025,CUST-197,John Miller,South,email,Refund,Low,Emma,52.2,4,Pending
TKT-11121,04/12/2025,CUST-986,Sophia Anderson,North,Chat,Delivery,High,James,77.6,3,Open
TKT-11122,21/12/2025,CUST-272,Michael Wilson,South,Email,Account,High,MICHAEL,22.9,3,Resolved
TKT-11123,14/04/2025,CUST-640,Emma Davis, East,Email,TECHNICAL,Low,Emma,16.0,2,Escalated
TKT-11124,27/05/2025,CUST-807,Sophia Anderson,West,CHAT,Billing,Medium,JOHN,1.9,,Pending
TKT-11125,03/12/2025,CUST-176,Daniel Thomas,West,Phone,Refund,Medium,John,10.7,3,Escalated
TKT-11126,01/04/2025,CUST-905,Daniel Thomas,South,Chat,Delivery,Medium,Emma,37.2,1,Resolved
TKT-11127,10/04/2025,CUST-779,Michael Wilson,North,Email,Technical,Low,Sarah,79.1,1,Resolved
TKT-11128,17/07/2025,CUST-185,Michael Wilson,West,Phone ,Billing,Low,MICHAEL,89.1,5,Pending
TKT-11129,02/07/2025,CUST-107,Sarah Khan,South,CHAT,Account,Medium,MICHAEL,37.3,4,Pending
TKT-11130,17/03/2025,CUST-842,Sophia Anderson,West,Email,Technical,Medium,Emma,9.9,1,Open
TKT-11131,01/12/2025,CUST-594,Anna Smith,West,Email,Billing,Low,David,93.8,1,Pending 
TKT-11132,26/05/2025,CUST-902,Sarah Khan,East,Phone,Technical,Medium,Mary ,8.7,4,Resolved
TKT-11133,10/07/2025,CUST-412,Daniel Thomas,West ,Email,Delivery,Low,Mary,80.5,5,Resolved
TKT-11134,13/07/2025,CUST-839,Olivia Moore,South,Email,Account,Low,Sarah ,97.7,2,resolved
TKT-11135,27/09/2025,CUST-773,James Taylor,North,Chat,Refund,Medium,Michael,85.7,2,Open
TKT-11136,28/10/2025,CUST-649,Emma Davis,West,Phone,Refund,Low,James,22.0,5,resolved
TKT-11137,17/08/2025,CUST-424,Anna Smith,West,Chat,billing,Low,Emma,45.8,2,Resolved
TKT-11138,16/02/2025,CUST-375,Sarah Khan,East,Email,Technical,Low,Olivia,91.6,,Open
TKT-11139,27/07/2025,CUST-459,Anna Smith,East,Phone ,Delivery,High,MARY,42.5,1,Resolved
TKT-11140,17/06/2025,CUST-155,Olivia Moore,South,Phone,Account,Low,Sarah,93.7,1,Open
TKT-11141,04/04/2025,CUST-481,Sarah Khan,West,Chat,Delivery,Medium,James,45.7,1,Open
TKT-11142,22/06/2025,CUST-837,David Brown,North,Phone,Technical,Low,Olivia,93.8,4,Open
TKT-11143,04/04/2025,CUST-830,Sophia Anderson,South,Phone,Billing,Low,JAMES,39.1,4,Resolved
TKT-11144,16/09/2025,CUST-602,Daniel Thomas,Sth,Phone ,Billing,Medium,Sarah,95.0,4,Escalated
TKT-11145,23/08/2025,CUST-804,Michael Wilson,West ,Chat,Billing,Low,Michael,70.6,5,Resolved
TKT-11146,21/09/2025,CUST-168,Daniel Thomas,North,Phone ,Delivery,High,,96.0,1,Open
TKT-11147,18/06/2025,CUST-366,Michael Wilson,East,Phone ,Technical,Medium,Emma,10.8,3,Open
TKT-11148,20/04/2025,CUST-392,Anna Smith,West,CHAT,Account,Medium,Mary,Pending,1,Open
TKT-11149,10/07/2025,CUST-350,Daniel Thomas,South,Phone,Billing,Low,Emma,82.5,5,Open
TKT-11150,20/11/2025,CUST-274,James Taylor,East,Phone,Delivery,Medium,James,Unknown,1,Open
TKT-11151,02/09/2025,CUST-349,Daniel Thomas,East,Phone,Delivery,High,Mary,100.0,1,Pending
TKT-11152,19/11/2025,CUST-495,David Brown,South,Phone,Delivery,Low,Michael ,23.5,5,Resolved
TKT-11153,27/03/2025,CUST-553,Emma Davis,North,Email,Billing,Medium,Emma,40.6,1,Open
TKT-11154,22/03/2025,CUST-771,Sarah Khan,North,CHAT,Technical,Medium,James,72.0,1,Pending
TKT-11155,20/03/2025,CUST-429,David Brown,East,Phone,Refund,Medium,James,81.9,2,Resolved
TKT-11156,14/06/2025,CUST-868,Sophia Anderson,North,Phone ,Account,Low,Sarah,Unknown,4,Open
TKT-11157,04/05/2025,CUST-285,Michael Wilson,West,Email,Billing,High,Sarah,17.4,2,resolved
TKT-11158,16/11/2025,CUST-595,Michael Wilson,North,Phone,Delivery,Low,David,37.8,1,Pending
TKT-11159,20/09/2025,CUST-868,Anna Smith, East,Chat,billing,Medium,John,75.1,3,Open
TKT-11160,21/12/2025,CUST-818,Sarah Khan,West,CHAT,Technical,Medium,James,73.8,2,Open
TKT-11161,15/06/2025,CUST-148,Michael Wilson,West,Email,Account,Low,John,88.3,2,Open
TKT-11162,01/07/2026,CUST-843,Olivia Moore,East,CHAT,Billing,Low,James,17.4,1,Open
TKT-11163,12/12/2025,CUST-425,David Brown,West,email,Delivery,Low,,28.6,4,Escalated
TKT-11164,26/03/2025,CUST-928,James Taylor,West,Chat,Billing,Low,Olivia,20.1,7,Escalated
TKT-11165,08/03/2026,CUST-794,Anna Smith,West,CHAT,Account,Low,Emma ,78.1,3,Pending
TKT-11166,19/04/2025,CUST-290,Michael Wilson,East,Chat,Technical,Medium,Emma,99.3,2,Open
TKT-11167,26/12/2025,CUST-512,Olivia Moore,Sth,Phone,Technical,Medium,James,69.8,5,Open
TKT-11168,02/01/2025,CUST-323,David Brown,East,Phone ,Technical,High,Sarah,10.2,5,Open
TKT-11169,04/10/2025,CUST-124,Emma Davis,Sth,CHAT,Technical,Medium,David,Pending,1,resolved
TKT-11170,09/10/2025,CUST-197,James Taylor,North,Email,Technical,Medium,David,92.2,,Open
TKT-11171,05/02/2025,CUST-689,Olivia Moore,East,Email,Technical,Medium,Sarah,88.7,4,Pending
TKT-11172,13/10/2025,CUST-522,James Taylor,West,Phone,Technical,Low,,63.2,1,Resolved
TKT-11173,05/04/2025,CUST-853,David Brown,West,Phone ,Technical,High,David,41.2,5,Resolved
TKT-11174,28/09/2025,CUST-368,James Taylor,East,Phone,Billing,Medium,Emma ,47.7,2,Open
TKT-11175,24/04/2025,CUST-181,Michael Wilson,South,Chat,Delivery,Medium,David,36.6,1,Pending
TKT-11176,07/12/2025,CUST-299,Olivia Moore,South,Phone,Delivery,Low,JAMES,15.4,5,Pending
TKT-11177,07/09/2026,CUST-551,Olivia Moore,Sth,Chat,Technical,High,John,56.1,,Open
TKT-11178,11/03/2025,CUST-284,Olivia Moore,South,Phone,Billing,Medium,James,61.0,2,Pending 
TKT-11179,07/10/2025,CUST-330,James Taylor,West,Chat,Delivery ,Medium,Emma,6.9,2,Resolved
TKT-11180,21/07/2025,CUST-704,Michael Wilson,South,Chat,Refund,Low,John,77.5,1,Resolved
TKT-11181,06/01/2025,CUST-126,John Miller,North,CHAT,Technical,Medium,EMMA,19.9,5,Open
TKT-11182,06/09/2025,CUST-780,James Taylor,South,Email,Technical,Medium,Olivia,21.6,5,Pending
TKT-11183,07/06/2025,CUST-195,Sarah Khan,West,Email,Refund,Low,Olivia,70.9,4,OPEN
TKT-11184,04/07/2025,CUST-924,Olivia Moore,North,Chat,Account,Medium,Sarah,2.9,5,Resolved
TKT-11185,24/06/2025,CUST-266,Sophia Anderson,North,Phone ,Refund,High,,35.2,4,Pending
TKT-11186,12/01/2025,CUST-521,John Miller,West,Email,Billing,High,James ,9.5,5,Pending
TKT-11187,06/02/2025,CUST-730,Sophia Anderson,West,Chat,Delivery ,Medium,Emma,40.2,4,Pending
TKT-11188,02/10/2025,CUST-277,Emma Davis,East,Email,Delivery,Medium,James,22.2,2,Open
TKT-11189,20/04/2025,CUST-790,Sophia Anderson,North,Phone,Billing,Medium,Olivia ,38.1,4,Open
TKT-11190,05/03/2025,CUST-949,James Taylor,East,Email,Account,Low,OLIVIA,47.2,3,Open
TKT-11191,26/11/2025,CUST-756,Daniel Thomas,East,CHAT,Technical,Medium,Emma,69.5,3,Resolved
TKT-11192,28/01/2025,CUST-595,John Miller,South,Email,Account,Medium,David,Pending,2,Open
TKT-11193,22/11/2025,CUST-710,Daniel Thomas,West,email,Technical,Medium,Olivia ,81.6,5,Escalated
TKT-11194,05/11/2025,CUST-365,Anna Smith,Noth,CHAT,Delivery,Medium,Michael,1.8,,Escalated
TKT-11195,13/04/2025,CUST-363,James Taylor,North,Phone,Refund,Medium,DAVID,7.7,5,Open
TKT-11196,10/04/2025,CUST-776,John Miller,East,Chat,Delivery,High,,16.3,2,Pending
TKT-11197,08/05/2025,CUST-458,Sarah Khan,East,Phone,billing,Medium,DAVID,69.8,3,Resolved
TKT-11198,26/04/2025,CUST-864,Olivia Moore,East,CHAT,Technical,Low,David,32.6,5,Open
TKT-11199,27/07/2025,CUST-453,Daniel Thomas,North,Phone,Refund,Low,Mary,42.9,5,Open
TKT-11200,03/04/2025,CUST-947,Daniel Thomas,North,CHAT,Technical,High,Emma,Unknown,3,Pending
TKT-11201,04/07/2025,CUST-162,David Brown,West ,Phone,Refund,High,Olivia,9.4,5,Escalated
TKT-11202,27/12/2025,CUST-785,Sophia Anderson,East,Phone,Technical,Medium,John,Unknown,2,Open
TKT-11203,07/10/2025,CUST-750,Daniel Thomas,Noth,Email,Delivery,Low,JOHN,42.7,3,resolved
TKT-11204,09/05/2025,CUST-826,Olivia Moore,South,Chat,Billing,Medium,Emma,85.5,,Open
TKT-11205,16/01/2025,CUST-651,John Miller,West,Phone,Billing,High,Michael,23.2,4,Pending
TKT-11206,23/02/2025,CUST-226,Olivia Moore,South,Email,Account,Low,David ,47.5,1,Open
TKT-11207,23/12/2025,CUST-889,John Miller,North,Chat,Technical,Medium,Mary,13.4,5,Open
TKT-11208,20/01/2025,CUST-595,Sarah Khan,West,Phone,Billing,High,David,36.9,3,Open
TKT-11209,13/02/2025,CUST-500,Daniel Thomas, East,Chat,Billing,Low,John,1.1,4,Resolved
TKT-11210,25/01/2025,CUST-772,Sarah Khan,North,Email,Technical,High,Sarah ,62.1,1,Pending 
TKT-11211,26/05/2025,CUST-527,Sophia Anderson,South,Phone ,Billing,Medium,Sarah,38.2,5,OPEN
TKT-11212,14/11/2025,CUST-635,John Miller,South,Phone,Delivery,Low,Michael,Unknown,3,Resolved
TKT-11213,27/02/2025,CUST-108,Olivia Moore,North,Phone,Delivery,High,Olivia,19.1,3,Resolved
TKT-11214,24/08/2025,CUST-573,James Taylor,South,Email,Delivery,Medium,Mary,98.1,1,Pending
TKT-11215,23/05/2025,CUST-122,Daniel Thomas,North,Email,Refund,Medium,Michael,41.5,3,OPEN
TKT-11216,27/03/2025,CUST-280,David Brown,West,Phone,Delivery,Medium,James ,Pending,1,Pending
TKT-11217,24/10/2025,CUST-551,David Brown,West,Chat,Billing,Low,Mary ,99.8,,Escalated
TKT-11218,26/08/2025,CUST-764,Sarah Khan,South,Phone,Account,Low,Emma,53.5,,Resolved
TKT-11219,05/04/2025,CUST-994,Sophia Anderson,West,Chat,Account,Medium,Olivia,99.1,,Open
TKT-11220,25/01/2025,CUST-793,Daniel Thomas,East,Phone ,billing,Low,David,36.0,1,Resolved
TKT-11221,20/04/2025,CUST-813,John Miller,South,Phone,Delivery,Low,John,2.3,4,Resolved
TKT-11222,18/06/2025,CUST-315,Anna Smith,West,Chat,Technical,Low,,16.4,5,Resolved
TKT-11223,28/06/2025,CUST-248,Emma Davis,North,email,Billing,Low,John,22.1,4,Resolved
TKT-11224,02/02/2025,CUST-851,Olivia Moore,Sth,Email,Account,Low,Sarah,24.3,4,Resolved
TKT-11225,12/07/2025,CUST-621,Anna Smith,West,Phone,Delivery,Low,Sarah,54.7,2,Pending
TKT-11226,20/01/2025,CUST-153,Michael Wilson,East,CHAT,Delivery,Medium,Emma,19.1,1,Resolved
TKT-11227,06/01/2026,CUST-730,Olivia Moore,South,Phone,Account,Medium,Sarah,14.8,5,Open
TKT-11228,01/04/2025,CUST-828,James Taylor,North,Chat,TECHNICAL,High,Olivia,49.5,1,OPEN
TKT-11229,09/08/2025,CUST-495,John Miller,South,Email,Delivery,Low,Michael ,34.8,2,Resolved
TKT-11230,27/04/2025,CUST-497,Sarah Khan,Sth,Phone,Delivery,Medium,Michael,Pending,5,Open
TKT-11231,16/11/2025,CUST-290,John Miller,East,Phone,Technical,Medium,OLIVIA,7.9,3,Pending
TKT-11232,01/09/2025,CUST-596,John Miller,South,Email,billing,Low,James,69.9,5,Resolved
TKT-11233,25/07/2025,CUST-864,John Miller,South,Phone ,Delivery,Low,Olivia ,Pending,2,Pending
TKT-11234,02/10/2025,CUST-701,Daniel Thomas,North,email,Delivery,Low,Emma,34.5,5,Open
TKT-11235,01/02/2025,CUST-600,Michael Wilson,North,Email,Delivery,Low,James,6.0,2,Resolved
TKT-11236,04/11/2025,CUST-775,David Brown,North,Phone ,Account,Low,James,66.2,3,Resolved
TKT-11237,07/11/2025,CUST-161,Michael Wilson,South,Phone,Billing,Medium,,79.8,2,Open
TKT-11238,26/06/2025,CUST-511,John Miller,South,email,Billing,Medium,John,48.0,1,Open
TKT-11239,08/01/2025,CUST-857,David Brown,East,Email,Account,Medium,Michael ,16.8,1,Open
TKT-11240,13/07/2025,CUST-593,Anna Smith,West,CHAT,Account,Medium,Olivia,83.9,2,Resolved
TKT-11241,16/06/2024,CUST-979,Sarah Khan,North,Phone ,Technical,High,Mary,N/A,4,Resolved
TKT-11242,03/01/2025,CUST-914,James Taylor,South,Chat,billing,Medium,Olivia,49.0,3,Pending
TKT-11243,05/10/2025,CUST-443,James Taylor,North,Chat,Delivery ,Medium,James,84.8,5,Escalated
TKT-11244,15/11/2025,CUST-340,David Brown,East,Phone,Delivery,High,David,14.9,,Resolved
TKT-11245,28/12/2025,CUST-866,Daniel Thomas,South,Phone,Technical,Medium,James,28.3,5,OPEN
TKT-11246,16/03/2025,CUST-340,James Taylor,North,Chat,Account,Low,Olivia,17.5,3,Open
TKT-11247,23/01/2025,CUST-339,Daniel Thomas,East,Email,Technical,Medium,John,82.5,3,Resolved
TKT-11248,28/03/2025,CUST-894,Daniel Thomas,Sth,CHAT,Refund,Medium,Mary ,75.1,3,Open
TKT-11249,13/11/2025,CUST-740,Daniel Thomas,North,Chat,Delivery,Low,James,26.1,,Resolved
TKT-11250,20/11/2025,CUST-602,Daniel Thomas,West,Chat,Billing,Low,David,78.7,3,Open
TKT-11251,04/08/2025,CUST-307,Olivia Moore,South,Phone ,Technical,Medium,Sarah,16.3,3,Pending
TKT-11252,06/04/2025,CUST-239,Emma Davis,Noth,CHAT,Account,Medium,John,77.7,3,Resolved
TKT-11253,05/01/2025,CUST-314,David Brown,West,Phone,Delivery,Medium,Mary,85.7,2,Resolved
TKT-11254,25/11/2025,CUST-199,Emma Davis,West,email,Account,Medium,MARY,43.7,5,Pending
TKT-11255,12/03/2025,CUST-194,David Brown,South,Email,Billing,Low,Sarah,90.1,2,Open
TKT-11256,21/08/2025,CUST-108,Sarah Khan,North,Phone,Technical,Medium,Olivia ,26.6,3,Escalated
TKT-11257,19/11/2025,CUST-158,James Taylor,North,Phone ,Delivery,High,David,75.0,2,Pending
TKT-11258,26/10/2025,CUST-168,James Taylor,East,email,billing,High,Olivia,37.7,1,Resolved
TKT-11259,11/10/2025,CUST-428,Sarah Khan, East,Phone,Account,Medium,John,95.7,1,Resolved
TKT-11260,03/09/2025,CUST-651,Sophia Anderson,North,Chat,Technical,Medium,Olivia,17.8,2,Resolved
TKT-11261,21/03/2025,CUST-188,Emma Davis,Noth,Chat,Delivery,Low,Mary,Pending,2,Open
TKT-11262,03/09/2025,CUST-709,Anna Smith,West,Email,Delivery,High,Mary,Unknown,3,Resolved
TKT-11263,21/12/2025,CUST-431,James Taylor,North,Email,Account,Low,Mary,73.8,4,Pending
TKT-11264,02/05/2025,CUST-705,Daniel Thomas,East,CHAT,Delivery,Medium,Emma ,79.7,2,Open
TKT-11265,10/10/2025,CUST-369,Anna Smith,East,Chat,Refund,Medium,John,41.2,5,Resolved
TKT-11266,21/06/2025,CUST-479,Sarah Khan,East,email,Technical,Medium,Michael,50.7,5,Resolved
TKT-11267,23/11/2025,CUST-133,John Miller,South,CHAT,TECHNICAL,Medium,Sarah,87.4,3,Pending
TKT-11268,08/06/2025,CUST-373,James Taylor,South,Chat,billing,Medium,Sarah,72.3,5,Pending 
TKT-11269,08/03/2025,CUST-972,John Miller,West,CHAT,Delivery ,Medium,Sarah,22.0,7,Resolved
TKT-11270,19/12/2025,CUST-312,John Miller,West,Phone,Billing,Medium,Emma ,41.3,1,Open
TKT-11271,10/02/2025,CUST-942,Michael Wilson,North,email,billing,Medium,David,11.8,5,Pending
TKT-11272,15/08/2025,CUST-303,James Taylor,South,email,Refund,Medium,JAMES,81.9,5,Resolved
TKT-11273,01/02/2025,CUST-315,Anna Smith,North,Phone,Billing,Low,David,73.9,5,Open
TKT-11274,10/08/2025,CUST-613,Sarah Khan,North,Chat,Account,Low,David ,Unknown,,Resolved
TKT-11275,20/11/2025,CUST-637,Michael Wilson,North,Email,Billing,Medium,Mary,5.2,1,Escalated
TKT-11276,02/09/2025,CUST-953,Daniel Thomas,Sth,Email,Account,Low,DAVID,55.1,3,Pending
TKT-11277,15/11/2024,CUST-295,Olivia Moore,South,email,Technical,High,Emma,70.1,4,Open
TKT-11278,09/11/2025,CUST-204,Daniel Thomas,East,Phone ,Delivery,High,Olivia,42.8,3,Open
TKT-11279,09/09/2025,CUST-172,James Taylor,South,email,Billing,Low,James,88.4,2,Escalated
TKT-11280,05/08/2025,CUST-647,Olivia Moore,North,Chat,Technical,Low,OLIVIA,5.7,1,Pending
TKT-11281,28/08/2025,CUST-261,Emma Davis,South,Email,Technical,Medium,John,54.8,4,Pending
TKT-11282,16/11/2025,CUST-599,Michael Wilson,East,Phone,Billing,Low,Michael ,19.2,4,Open
TKT-11283,14/07/2025,CUST-536,John Miller,North,Chat,Delivery,Low,Sarah ,Unknown,4,Escalated
TKT-11284,09/02/2025,CUST-684,Sarah Khan,North,Chat,Billing,Medium,JOHN,24.8,4,Resolved
TKT-11285,14/08/2025,CUST-107,David Brown,East,Chat,Billing,Low,James,75.7,5,Resolved
TKT-11286,06/04/2025,CUST-554,Daniel Thomas,West,Chat,Billing,Medium,Michael,40.5,4,Open
TKT-11287,19/02/2025,CUST-606,Anna Smith,North,Phone,Delivery,Medium,Olivia ,36.4,4,Open
TKT-11288,06/03/2025,CUST-934,Michael Wilson,North,Email,Billing,High,Michael,37.3,3,Resolved
TKT-11289,09/12/2025,CUST-159,Sarah Khan,East,Chat,Delivery,Medium,Michael,87.5,2,Resolved
TKT-11290,14/02/2025,CUST-709,David Brown,North,Phone,billing,Medium,John,Pending,1,Resolved
TKT-11291,12/03/2025,CUST-535,David Brown,West,Chat,TECHNICAL,Medium,EMMA,64.9,1,Resolved
TKT-11292,04/01/2025,CUST-300,Daniel Thomas,North,Chat,Billing,Medium,John,39.5,5,Open
TKT-11293,28/09/2025,CUST-506,Anna Smith,West ,email,Billing,Low,James,80.9,5,Resolved
TKT-11294,15/04/2025,CUST-573,Anna Smith,Noth,Chat,TECHNICAL,Medium,Michael ,Unknown,3,Open
TKT-11295,06/09/2025,CUST-600,Anna Smith,North,Phone,Refund,Medium,Emma,86.0,5,Resolved
TKT-11296,11/08/2025,CUST-679,Michael Wilson,West,Phone,Account,Medium,JAMES,22.1,4,Resolved
TKT-11297,06/08/2025,CUST-852,John Miller,North,Chat,Account,Medium,James,86.7,4,Resolved
TKT-11298,26/04/2025,CUST-970,Emma Davis,North,Chat,Technical,Medium,Michael,96.3,4,Escalated
TKT-11299,24/07/2025,CUST-502,Michael Wilson,West,Phone,Account,Low,Michael ,16.5,2,Pending
TKT-11300,25/08/2025,CUST-289,Daniel Thomas,North,email,Account,Medium,Sarah ,39.1,2,Pending
TKT-11301,21/10/2025,CUST-944,Anna Smith,North,Email,Technical,Medium,JAMES,86.9,3,Pending 
TKT-11302,15/04/2025,CUST-507,Michael Wilson,East,Phone,Billing,Low,Olivia,77.0,4,Resolved
TKT-11303,08/11/2025,CUST-392,James Taylor,Sth,Email,Billing,Low,James,N/A,4,resolved
TKT-11304,18/09/2024,CUST-204,Daniel Thomas,South,Phone,Technical,Medium,James,49.6,3,Resolved
TKT-11305,05/03/2025,CUST-313,James Taylor, East,Phone ,Billing,Medium,OLIVIA,5.7,2,Pending
TKT-11306,21/12/2025,CUST-199,James Taylor,West,Phone ,Billing,Medium,Michael,12.3,5,Open
TKT-11307,10/08/2025,CUST-236,John Miller,West,Email,Technical,Low,Emma,94.2,2,Open
TKT-11308,16/08/2025,CUST-346,Sarah Khan,East,Chat,Billing,Low,David,68.6,2,Open
TKT-11309,19/10/2025,CUST-628,Emma Davis,West,Phone,Account,High,James,84.0,3,Open
TKT-11310,14/11/2025,CUST-878,Olivia Moore,West,Phone ,Billing,High,Michael,N/A,2,Open
TKT-11311,19/12/2025,CUST-502,Emma Davis,North,Chat,Delivery,Low,Olivia,68.0,2,Pending
TKT-11312,07/11/2025,CUST-531,Daniel Thomas,East,Phone ,Refund,Low,John,35.3,5,Escalated
TKT-11313,21/11/2025,CUST-479,Sophia Anderson,South,Phone,Billing,Medium,David ,36.8,3,Resolved
TKT-11314,17/08/2025,CUST-260,Michael Wilson,South,email,Delivery,Medium,James,29.6,3,Resolved
TKT-11315,11/08/2025,CUST-909,Michael Wilson,North,Phone,billing,Low,JAMES,35.1,4,Open
TKT-11316,10/11/2025,CUST-684,Emma Davis,North,Chat,Account,Medium,John,57.2,5,Resolved
TKT-11317,05/04/2025,CUST-176,Daniel Thomas,West,Phone,Billing,Medium,Sarah ,52.1,3,Pending
TKT-11318,27/08/2025,CUST-225,Sarah Khan,Noth,Email,Delivery,High,Sarah,53.1,5,Open
TKT-11319,25/06/2025,CUST-826,Emma Davis, East,Email,Billing,Medium,James,38.0,2,Resolved
TKT-11320,22/07/2025,CUST-146,Anna Smith,East,Phone ,Billing,Medium,DAVID,81.6,5,Open
TKT-11321,21/01/2025,CUST-272,Emma Davis,East,email,Account,High,John,99.0,5,Resolved
TKT-11322,01/05/2025,CUST-410,Sophia Anderson,North,Chat,Technical,High,MARY,49.8,5,Resolved
TKT-11323,01/09/2025,CUST-415,Daniel Thomas,North,Chat,Technical,Low,David,Pending,2,Resolved
TKT-11324,25/06/2025,CUST-664,Michael Wilson,West,Chat,Delivery,Medium,Michael,N/A,1,Resolved
TKT-11325,13/12/2025,CUST-398,Michael Wilson,West,Phone,Account,Medium,SARAH,17.7,5,Open
TKT-11326,13/03/2025,CUST-969,Sarah Khan,Noth,Chat,Refund,Medium,John,42.0,5,Escalated
TKT-11327,17/09/2025,CUST-915,Michael Wilson,South,email,billing,Low,James,91.5,2,Resolved
TKT-11328,10/01/2025,CUST-339,Sarah Khan,West,Chat,billing,Medium,Emma,44.8,5,Pending
TKT-11329,13/12/2025,CUST-977,Sarah Khan,South,Phone,Billing,Low,DAVID,78.7,1,Pending
TKT-11330,28/01/2025,CUST-993,James Taylor,West,Email,Account,High,Emma,73.8,4,Resolved
TKT-11331,02/07/2025,CUST-881,Sarah Khan,North,Phone ,Account,Low,Michael,4.4,2,Resolved
TKT-11332,16/06/2025,CUST-631,James Taylor,North,CHAT,Delivery,Medium,David,84.4,1,OPEN
TKT-11333,21/01/2025,CUST-973,Olivia Moore,West,Phone,Billing,Low,Sarah,59.8,4,Open
TKT-11334,02/10/2025,CUST-995,Michael Wilson,West,Phone,Refund,High,Mary,Unknown,4,Resolved
TKT-11335,22/12/2025,CUST-832,Olivia Moore,East,Phone ,Refund,Low,Mary,73.0,4,Pending
TKT-11336,01/03/2025,CUST-606,Olivia Moore,North,Phone,Account,High,John,67.5,2,Pending
TKT-11337,21/05/2025,CUST-377,Olivia Moore,East,CHAT,Account,Low,Olivia,61.7,4,Pending
TKT-11338,12/05/2025,CUST-732,Michael Wilson,South,Chat,Delivery,Medium,Olivia,66.1,5,OPEN
TKT-11339,02/02/2025,CUST-258,James Taylor,North,Phone,Technical,Low,James,48.8,7,Open
TKT-11340,06/10/2025,CUST-452,Sophia Anderson,South,Chat,Refund,Low,David,79.5,5,resolved
TKT-11341,10/09/2025,CUST-651,Olivia Moore,South,Email,Delivery,Low,John,73.5,2,Open
TKT-11342,09/06/2025,CUST-838,Sarah Khan,West,Phone,Account,Low,SARAH,23.7,,resolved
TKT-11343,24/03/2025,CUST-213,Sophia Anderson,West,Email,Delivery ,High,David,96.2,,Open
TKT-11344,22/08/2025,CUST-880,Olivia Moore,West,Phone ,Delivery,Medium,Michael ,N/A,,Resolved
TKT-11345,06/03/2025,CUST-168,Anna Smith,East,Email,Technical,Medium,Sarah,Pending,1,Open
TKT-11346,18/04/2025,CUST-454,Emma Davis,West,Email,Billing,Medium,Emma ,70.3,1,Pending
TKT-11347,12/12/2025,CUST-383,John Miller,West,CHAT,billing,Low,John,63.9,1,Open
TKT-11348,10/02/2025,CUST-336,Sophia Anderson,North,Email,Delivery,Medium,John,27.3,4,Resolved
TKT-11349,25/10/2025,CUST-289,Emma Davis,West,Chat,Technical,Medium,Sarah,92.9,4,Resolved
TKT-11350,07/02/2025,CUST-957,Sarah Khan,East,Phone,Technical,Medium,David,52.7,,Resolved
TKT-11351,04/11/2025,CUST-279,Daniel Thomas,North,Chat,Technical,Medium,Olivia,88.3,5,Escalated
TKT-11352,04/01/2025,CUST-536,Emma Davis,East,Chat,Technical,High,Mary ,16.7,,Resolved
TKT-11353,05/03/2025,CUST-928,Emma Davis,North,Chat,billing,Low,James,31.0,3,Resolved
TKT-11354,16/11/2025,CUST-912,John Miller,East,Email,Delivery,High,,89.8,4,Resolved
TKT-11355,27/11/2025,CUST-964,Emma Davis,East,Phone,Refund,Medium,Sarah,Unknown,3,Pending
TKT-11356,28/06/2025,CUST-820,Anna Smith,West ,Email,Billing,Medium,David,89.5,1,OPEN
TKT-11357,04/07/2025,CUST-558,Daniel Thomas,West,Chat,Account,High,David,87.1,4,Resolved
TKT-11358,23/02/2025,CUST-719,Anna Smith,West,CHAT,billing,High,Mary,85.6,0,Escalated
TKT-11359,06/06/2025,CUST-617,Sophia Anderson,East,Email,Technical,Medium,Mary,20.9,3,Open
TKT-11360,10/12/2025,CUST-725,Sarah Khan,South,email,Account,Low,SARAH,58.5,4,Open
TKT-11361,07/08/2025,CUST-503,Daniel Thomas,West,Chat,TECHNICAL,High,Olivia,52.1,5,Pending
TKT-11362,01/08/2025,CUST-856,Daniel Thomas,South,Email,Billing,Medium,JAMES,40.0,3,Open
TKT-11363,10/08/2025,CUST-852,John Miller,East,Email,Account,Low,Emma,10.5,,Resolved
TKT-11364,06/08/2025,CUST-683,Anna Smith,North,Chat,Delivery,Low,Olivia,27.0,4,Resolved
TKT-11365,06/04/2025,CUST-406,John Miller,East,Chat,Billing,Medium,DAVID,86.5,4,Escalated
TKT-11366,07/08/2025,CUST-502,James Taylor,West ,CHAT,Technical,High,Michael,77.7,2,Pending
TKT-11367,18/09/2025,CUST-119,Anna Smith,West ,Email,Technical,Medium,Emma,59.2,1,Pending
TKT-11368,09/04/2025,CUST-777,Sophia Anderson,South,Chat,Refund,Low,JOHN,75.5,5,resolved
TKT-11369,05/05/2025,CUST-847,Anna Smith,East,Phone,Technical,Low,Michael,93.2,5,Open
TKT-11370,01/12/2025,CUST-833,Sophia Anderson,South,CHAT,Billing,Low,Emma,82.4,4,Open
TKT-11371,05/10/2025,CUST-279,Emma Davis,North,Phone,Account,Medium,John,80.6,,Pending
TKT-11372,03/10/2025,CUST-491,Olivia Moore,West,email,Billing,Low,James,6.4,3,Open
TKT-11373,10/02/2025,CUST-558,Sophia Anderson,North,Phone ,Technical,Low,Emma,32.6,1,resolved
TKT-11374,01/01/2025,CUST-829,David Brown,West,Email,Delivery,Medium,John,Pending,5,Resolved
TKT-11375,20/12/2025,CUST-138,Daniel Thomas,West,CHAT,Technical,Low,Emma,40.3,2,Resolved
TKT-11376,08/09/2025,CUST-394,David Brown,North,Phone,Technical,High,Michael,31.7,1,Open
TKT-11377,14/10/2025,CUST-526,Anna Smith,West,Phone ,Billing,Low,Sarah,8.6,4,Resolved
TKT-11378,01/11/2025,CUST-313,Sarah Khan,North,Phone,Technical,Low,Michael,15.7,3,Resolved
TKT-11379,25/07/2025,CUST-526,David Brown,East,Phone ,Delivery,High,James,17.6,0,Open
TKT-11380,23/06/2025,CUST-458,Sophia Anderson,Noth,Phone,Delivery,Low,Olivia,38.2,4,resolved
TKT-11381,20/03/2025,CUST-927,Olivia Moore,North,Phone,billing,High,David,71.0,2,Resolved
TKT-11382,08/05/2025,CUST-122,James Taylor,South,Phone,Refund,Low,Sarah,17.7,3,Open
TKT-11383,17/02/2025,CUST-494,Michael Wilson,West,Email,Technical,Low,Mary,Unknown,1,Open
TKT-11384,24/11/2025,CUST-728,Anna Smith,East,Email,Billing,Medium,Michael,4.3,2,Resolved
TKT-11385,06/08/2025,CUST-572,Emma Davis,North,Chat,Delivery,Low,James,36.0,2,Resolved
TKT-11386,26/11/2025,CUST-546,John Miller,West,Phone ,Billing,Low,Emma,51.6,2,Pending
TKT-11387,17/04/2025,CUST-690,John Miller,West,Email,Technical,Medium,OLIVIA,78.0,1,OPEN
TKT-11388,26/09/2025,CUST-548,Anna Smith,West,Chat,Refund,Medium,,15.1,5,Pending
TKT-11389,17/09/2025,CUST-961,Michael Wilson,East,Chat,Delivery,Medium,Sarah,35.5,5,resolved
TKT-11390,27/12/2025,CUST-417,James Taylor,West,Email,Billing,Medium,John,43.8,4,Resolved
TKT-11391,14/06/2025,CUST-271,Sophia Anderson,South,Phone,Delivery,High,David,87.8,5,Open
TKT-11392,17/02/2025,CUST-299,David Brown,East,Phone,Billing,Low,MARY,79.7,4,resolved
TKT-11393,19/11/2025,CUST-219,Anna Smith,East,Phone ,Billing,High,MARY,79.5,5,Resolved
TKT-11394,24/05/2025,CUST-715,John Miller,West,Chat,Delivery,Low,Michael ,3.4,3,Resolved
TKT-11395,07/01/2025,CUST-583,David Brown,East,email,Billing,Low,Emma,75.2,,Escalated
TKT-11396,13/02/2025,CUST-514,Sarah Khan,North,Phone,Billing,Low,Olivia,41.4,4,Open
TKT-11397,12/05/2025,CUST-621,Sarah Khan,West,Email,Account,High,David,6.3,4,Resolved
TKT-11398,23/11/2025,CUST-150,Sarah Khan,East,Chat,Technical,Medium,Michael,53.5,2,Escalated
TKT-11399,01/04/2025,CUST-433,Daniel Thomas,North,Email,Billing,Low,Olivia,11.3,3,Pending
TKT-11400,24/03/2025,CUST-652,Sarah Khan,West,Phone ,Delivery,High,John,82.4,1,Resolved
TKT-11401,03/02/2025,CUST-801,Michael Wilson,East,Chat,Account,High,Michael,3.8,3,Escalated
TKT-11402,10/04/2025,CUST-349,James Taylor,West ,CHAT,Account,High,John,19.6,1,Pending
TKT-11403,01/09/2025,CUST-650,James Taylor,East,Chat,Delivery,Medium,Mary,N/A,4,Open
TKT-11404,03/08/2025,CUST-610,Michael Wilson,Sth,Chat,Refund,Low,David,Unknown,2,Resolved
TKT-11405,13/01/2025,CUST-970,David Brown,Noth,CHAT,Delivery,Medium,JAMES,38.2,2,Escalated
TKT-11406,05/04/2025,CUST-541,Olivia Moore,North,Chat,Account,Medium,John,Pending,2,Resolved
TKT-11407,11/12/2025,CUST-197,Daniel Thomas,Noth,Email,Billing,High,Mary,29.1,2,Open
TKT-11408,15/06/2025,CUST-777,Anna Smith,North,Email,Technical,Medium,James,46.8,4,Open
TKT-11409,08/02/2025,CUST-211,David Brown,South,Chat,Delivery,Low,Sarah,68.2,4,Resolved
TKT-11410,01/06/2025,CUST-421,Michael Wilson,East,Phone,Refund,Low,David,69.3,2,Resolved
TKT-11411,26/11/2025,CUST-484,James Taylor,East,email,Refund,High,Mary,37.0,1,resolved
TKT-11412,08/11/2025,CUST-955,James Taylor,East,Chat,Delivery,Low,,98.7,7,Escalated
TKT-11413,15/05/2025,CUST-139,Olivia Moore,South,Chat,Technical,Medium,Mary ,36.5,4,Resolved
TKT-11414,16/07/2025,CUST-967,Daniel Thomas,East,Email,Technical,Medium,James,32.7,4,Pending
TKT-11415,01/08/2025,CUST-140,Olivia Moore,West,Email,billing,Medium,Mary,88.9,2,Open
TKT-11416,07/07/2025,CUST-942,James Taylor,West,Phone ,Billing,Medium,Sarah ,31.2,5,Open
TKT-11417,16/01/2025,CUST-695,John Miller,East,Email,Technical,Low,Olivia,83.6,4,Open
TKT-11418,27/10/2025,CUST-569,Olivia Moore,East,Chat,Billing,Medium,Olivia ,66.8,5,Pending
TKT-11419,05/03/2026,CUST-739,James Taylor,West,Email,Technical,Medium,Michael,14.4,4,Resolved
TKT-11420,05/12/2025,CUST-914,John Miller,West,Email,Account,High,Emma,11.1,4,Resolved
TKT-11421,02/03/2025,CUST-407,Michael Wilson,West,Chat,Delivery ,Low,David,16.9,3,Resolved
TKT-11422,17/06/2025,CUST-174,John Miller,North,Phone ,Account,Low,JAMES,98.8,1,Open
TKT-11423,06/10/2025,CUST-439,Daniel Thomas,Sth,Email,Billing,Low,,32.9,5,Pending 
TKT-11424,22/02/2025,CUST-300,Daniel Thomas,West,Chat,Account,High,EMMA,64.3,2,OPEN
TKT-11425,22/07/2025,CUST-684,John Miller, East,Phone,Delivery ,Medium,SARAH,Unknown,3,Resolved
TKT-11426,03/03/2025,CUST-751,John Miller,North,Chat,Delivery,Low,MICHAEL,41.2,,Open
TKT-11427,24/05/2025,CUST-905,Daniel Thomas,Sth,Phone,Billing,Medium,James ,29.8,1,Resolved
TKT-11428,27/06/2025,CUST-175,Michael Wilson,West,Chat,Billing,Low,David,98.6,1,Open
TKT-11429,08/03/2025,CUST-225,Anna Smith,East,email,Billing,Medium,Sarah,43.0,4,Open
TKT-11430,20/09/2025,CUST-517,Anna Smith,North,Email,Delivery,High,Michael,18.3,2,Resolved
TKT-11431,22/05/2025,CUST-792,John Miller,East,Phone,Billing,High,,Unknown,1,Resolved
TKT-11432,05/09/2025,CUST-968,Sarah Khan,East,Phone,Technical,Medium,Emma,83.6,4,Open
TKT-11433,25/11/2025,CUST-464,David Brown,East,Phone ,Delivery,Medium,Mary,50.5,1,Resolved
TKT-11434,20/10/2025,CUST-218,Daniel Thomas,West,email,Technical,High,Mary,70.8,5,Resolved
TKT-11435,12/08/2025,CUST-436,Emma Davis,Sth,Phone,Technical,Low,John,35.3,3,Resolved
TKT-11436,19/04/2025,CUST-466,John Miller,West,Chat,Delivery,Medium,Emma,84.2,5,Open
TKT-11437,06/09/2025,CUST-436,Anna Smith,North,Phone,Account,Low,EMMA,Unknown,2,Pending
TKT-11438,22/02/2025,CUST-847,Daniel Thomas,West,Email,Delivery,High,David,19.3,3,Escalated
TKT-11439,03/10/2025,CUST-237,Daniel Thomas,East,Chat,Billing,Medium,David ,74.2,2,Open
TKT-11440,05/09/2025,CUST-275,Michael Wilson,North,Email,Billing,Medium,Emma,84.0,5,Resolved
TKT-11441,16/01/2025,CUST-447,John Miller,West,Chat,Billing,Medium,John,38.4,4,Resolved
TKT-11442,01/10/2025,CUST-172,Sarah Khan,Noth,Phone,Account,Medium,John,10.3,3,Resolved
TKT-11443,09/07/2025,CUST-916,Olivia Moore,South,Email,Technical,Medium,John,23.8,,Pending
TKT-11444,01/05/2025,CUST-738,John Miller,West,CHAT,Technical,Low,James,90.1,2,Resolved
TKT-11445,03/10/2025,CUST-797,David Brown,South,Chat,Account,Low,Sarah,56.3,3,Resolved
TKT-11446,26/08/2025,CUST-549,Anna Smith,North,email,Billing,High,Mary,38.5,3,Open
TKT-11447,01/02/2025,CUST-534,James Taylor,Noth,Phone,Account,Medium,Emma ,56.5,1,Open
TKT-11448,05/08/2025,CUST-575,Sophia Anderson,West,Email,billing,Low,Michael,Pending,7,Open
TKT-11449,21/01/2025,CUST-513,John Miller,Noth,Email,Technical,High,James,4.1,2,Open
TKT-11450,23/02/2025,CUST-872,Anna Smith,West,Email,Account,Low,Olivia ,29.7,2,Pending
TKT-11451,23/08/2025,CUST-520,Olivia Moore,West,email,Technical,Low,SARAH,16.2,2,Escalated
TKT-11452,07/02/2025,CUST-350,Emma Davis,North,CHAT,Account,High,James,35.6,5,Open
TKT-11453,01/02/2025,CUST-698,James Taylor,East,Phone,Account,Low,Emma,54.4,1,Resolved
TKT-11454,21/12/2025,CUST-341,Daniel Thomas,South,Phone ,Refund,Low,Mary ,67.3,1,Escalated
TKT-11455,27/06/2025,CUST-489,Olivia Moore,Sth,email,Billing,Low,Olivia,55.9,1,Open
TKT-11456,19/09/2025,CUST-419,Olivia Moore,West,Email,Billing,Low,Sarah,92.0,5,Open
TKT-11457,22/03/2025,CUST-292,Sophia Anderson,East,Chat,Delivery ,Medium,John,99.4,1,Pending
TKT-11458,12/09/2025,CUST-709,Anna Smith,North,Phone,Refund,High,Olivia ,94.2,1,resolved
TKT-11459,09/04/2025,CUST-901,Daniel Thomas,West,CHAT,Delivery ,Low,,Unknown,1,Open
TKT-11460,15/01/2025,CUST-739,Michael Wilson,North,Phone,Delivery,High,James,61.3,2,Resolved
TKT-11461,05/04/2025,CUST-649,Olivia Moore,South,Phone,Technical,Low,James,76.1,4,Resolved
TKT-11462,21/09/2025,CUST-687,Emma Davis,West,CHAT,Delivery,Medium,OLIVIA,98.2,2,Open
TKT-11463,14/05/2025,CUST-764,Sarah Khan,West,Phone ,Delivery,Medium,Michael,N/A,4,Open
TKT-11464,12/03/2025,CUST-285,Michael Wilson,West,Email,Account,Low,David,98.9,5,Escalated
TKT-11465,16/11/2025,CUST-374,James Taylor,North,Phone,Delivery,Medium,Emma,24.0,3,Resolved
TKT-11466,14/10/2025,CUST-294,Michael Wilson,East,Phone ,Account,Low,David,19.3,4,Resolved
TKT-11467,12/11/2025,CUST-140,David Brown,South,Chat,billing,Medium,David,15.5,2,Escalated
TKT-11468,19/03/2025,CUST-958,Olivia Moore,North,email,Delivery,Medium,John,45.8,3,Open
TKT-11469,10/11/2025,CUST-338,Emma Davis,West,email,billing,Medium,Olivia,21.5,5,Resolved
TKT-11470,07/02/2025,CUST-178,Daniel Thomas,East,Email,Technical,Low,Michael,38.6,5,Resolved
TKT-11471,27/03/2025,CUST-935,James Taylor,West,email,Account,Medium,Olivia,39.2,5,Resolved
TKT-11472,24/05/2025,CUST-114,Emma Davis,West,Phone,Account,Medium,Olivia,Unknown,4,OPEN
TKT-11473,03/01/2025,CUST-579,John Miller,North,CHAT,Delivery,High,James ,Unknown,3,Escalated
TKT-11474,06/05/2025,CUST-826,Anna Smith,East,Chat,Billing,High,John,89.9,1,Pending
TKT-11475,06/12/2025,CUST-109,James Taylor,South,Chat,Delivery,Medium,Sarah,24.2,5,OPEN
TKT-11476,18/01/2025,CUST-714,James Taylor,East,Chat,billing,Low,James,47.4,5,Pending
TKT-11477,21/10/2025,CUST-443,David Brown,East,Email,Delivery,Low,James,6.2,2,Pending
TKT-11478,23/04/2025,CUST-531,Anna Smith,Noth,Email,Account,Medium,James,52.7,5,Pending
TKT-11479,24/07/2025,CUST-482,Daniel Thomas,West,Phone,Refund,Medium,Mary,35.2,5,Resolved
TKT-11480,08/09/2025,CUST-388,James Taylor,South,CHAT,Billing,Low,Michael,1.4,4,OPEN
TKT-11481,24/03/2025,CUST-474,Sophia Anderson,West ,Chat,Account,Low,OLIVIA,3.6,3,Resolved
TKT-11482,24/04/2025,CUST-415,Anna Smith,South,Phone ,Delivery,High,Mary ,Unknown,2,Escalated
TKT-11483,08/08/2025,CUST-908,Sarah Khan,South,CHAT,Delivery,Medium,Olivia,10.6,4,Open
TKT-11484,04/10/2025,CUST-579,James Taylor, East,Phone ,billing,Low,David,Pending,4,Resolved
TKT-11485,17/07/2025,CUST-302,Michael Wilson,North,Chat,Technical,Medium,John,7.1,1,Resolved
TKT-11486,18/06/2025,CUST-487,Sophia Anderson,West,Email,Technical,Low,James,13.4,3,Open
TKT-11487,03/06/2025,CUST-551,Daniel Thomas,East,Phone,Technical,Medium,David,55.1,3,Pending
TKT-11488,27/07/2025,CUST-166,James Taylor,North,Phone,Billing,Low,John,69.8,5,Escalated
TKT-11489,21/02/2025,CUST-251,Daniel Thomas,East,CHAT,Account,Medium,JAMES,84.7,1,Resolved
TKT-11490,24/07/2025,CUST-303,David Brown,North,Chat,Technical,Medium,Olivia,65.3,3,Open
TKT-11491,10/08/2025,CUST-933,James Taylor,East,Chat,Billing,Medium,JOHN,94.2,4,Open
TKT-11492,09/08/2025,CUST-666,Emma Davis,South,Email,Delivery,Low,Michael,84.3,1,Resolved
TKT-11493,20/12/2025,CUST-597,Michael Wilson,North,Chat,billing,Medium,Michael,38.5,2,Pending
TKT-11494,19/02/2025,CUST-101,Anna Smith,North,Email,Technical,High,John,11.9,2,resolved
TKT-11495,04/09/2025,CUST-340,Olivia Moore,North,Chat,Technical,Medium,Mary ,35.0,5,Resolved
TKT-11496,20/09/2025,CUST-296,Anna Smith,East,Email,Billing,Low,John ,44.3,2,Resolved
TKT-11497,26/11/2025,CUST-601,John Miller,South,CHAT,billing,Low,MICHAEL,19.0,1,Open
TKT-11498,24/01/2025,CUST-833,John Miller,East,Phone,Delivery,Low,Michael,47.3,5,Open
TKT-11499,23/12/2025,CUST-584,Sarah Khan,Sth,Email,Billing,Low,Mary ,Unknown,3,resolved
TKT-11500,21/06/2025,CUST-553,Michael Wilson,North,Email,Technical,Medium,Mary,87.8,1,Pending
TKT-11501,28/12/2025,CUST-238,Sarah Khan,North,Chat,Technical,Medium,Emma,6.4,,Open
TKT-11502,28/10/2025,CUST-505,Michael Wilson,West,Phone,Account,Low,Olivia,32.6,3,Pending
TKT-11503,09/02/2025,CUST-182,James Taylor,West,Email,Account,High,JAMES,44.8,4,Resolved
TKT-11504,21/08/2025,CUST-579,Olivia Moore,Sth,Email,billing,Medium,Sarah,44.9,2,Pending
TKT-11505,14/07/2025,CUST-162,Daniel Thomas, East,Phone,Refund,Low,JOHN,42.6,4,Pending 
TKT-11506,04/07/2025,CUST-315,Anna Smith,North,Email,Technical,High,Michael,87.4,1,Open
TKT-11507,25/03/2025,CUST-446,Sarah Khan,North,email,Delivery,Medium,James,9.0,1,Resolved
TKT-11508,14/08/2025,CUST-781,Emma Davis,North,Phone,Account,Medium,Emma ,16.3,4,Pending
TKT-11509,03/03/2025,CUST-168,Olivia Moore,East,Phone ,Delivery,Low,Michael,Unknown,,Open
TKT-11510,07/04/2025,CUST-469,Sarah Khan,West,Phone,Billing,High,Mary,62.9,5,OPEN
TKT-11511,14/05/2025,CUST-644,Emma Davis,North,CHAT,Delivery ,Low,Sarah ,34.3,2,Open
TKT-11512,06/04/2026,CUST-221,Michael Wilson,East,Phone,Billing,High,Emma,78.5,4,Open
TKT-11513,12/06/2025,CUST-201,Sarah Khan,East,Phone ,Technical,Low,Emma,8.2,3,Resolved
TKT-11514,11/01/2025,CUST-460,Sarah Khan,North,Phone,Technical,Low,Emma ,90.2,4,Pending
TKT-11515,04/11/2025,CUST-654,Sophia Anderson,South,Phone,Billing,Low,Michael,35.8,3,Open
TKT-11516,26/06/2025,CUST-947,Emma Davis,North,Phone,Technical,Low,,2.5,1,resolved
TKT-11517,24/05/2025,CUST-229,John Miller,North,Email,Account,Low,,98.4,1,Resolved
TKT-11518,22/03/2025,CUST-466,Michael Wilson,West,email,Technical,Medium,Olivia,11.3,6,Resolved
TKT-11519,05/05/2025,CUST-799,Daniel Thomas,South,Phone,Delivery,Low,Mary,17.1,5,Open
TKT-11520,08/12/2025,CUST-248,David Brown,East,Phone,Account,High,Mary,69.4,3,Escalated
TKT-11521,10/02/2025,CUST-314,Anna Smith,East,email,Billing,High,MICHAEL,9.0,1,Open
TKT-11522,06/08/2025,CUST-652,Sarah Khan,North,Chat,Delivery ,Medium,James,82.8,1,Resolved
TKT-11523,26/09/2025,CUST-393,David Brown,South,email,Billing,Medium,David,86.9,4,Open
TKT-11524,22/03/2025,CUST-716,Anna Smith,West,CHAT,Refund,High,Michael,97.4,,Pending
TKT-11525,04/04/2025,CUST-991,David Brown,East,Chat,Delivery,Medium,Mary,87.4,2,Resolved
TKT-11526,07/12/2025,CUST-924,Daniel Thomas,West,Email,Account,Low,SARAH,76.7,5,Resolved
TKT-11527,05/12/2025,CUST-760,Michael Wilson,North,Phone,Delivery,Medium,Michael,76.5,,Open
TKT-11528,27/01/2025,CUST-754,Michael Wilson,South,Chat,Account,Low,Michael,14.4,3,Escalated
TKT-11529,16/03/2025,CUST-563,David Brown,South,Phone ,Account,Low,Sarah,6.7,3,Resolved
TKT-11530,13/09/2025,CUST-102,Sarah Khan,South,Chat,Technical,Low,OLIVIA,44.5,1,Resolved
TKT-11531,22/01/2025,CUST-440,Olivia Moore,West,Phone,Delivery,Medium,John,2.6,3,Pending
TKT-11532,02/05/2025,CUST-304,Olivia Moore,East,Chat,Refund,Low,,99.6,3,Open
TKT-11533,26/10/2025,CUST-766,Michael Wilson,West,Chat,Billing,Low,MICHAEL,26.2,2,Open
TKT-11534,14/04/2025,CUST-330,John Miller,West,Phone,Billing,Medium,John,37.0,5,Escalated
TKT-11535,08/09/2025,CUST-748,Sarah Khan,East,Email,Account,Medium,Sarah,Unknown,1,Open
TKT-11536,06/10/2025,CUST-662,Daniel Thomas,North,Email,billing,Low,Sarah,10.4,6,Escalated
TKT-11537,04/11/2025,CUST-694,James Taylor,West,Phone ,Billing,Medium,Olivia,14.9,1,Open
TKT-11538,02/03/2025,CUST-915,David Brown,East,Email,Technical,High,Sarah,54.0,4,Pending
TKT-11539,16/11/2025,CUST-672,Emma Davis,South,Chat,Refund,High,Mary,61.3,1,Resolved
TKT-11540,21/04/2025,CUST-502,Michael Wilson,East,Phone,Account,High,Emma,80.0,5,Pending 
TKT-11541,20/05/2025,CUST-819,David Brown,North,Email,billing,Low,EMMA,87.6,7,Resolved
TKT-11542,25/03/2025,CUST-533,Sophia Anderson,North,Email,billing,Medium,Sarah ,96.3,4,Pending
TKT-11543,21/04/2025,CUST-926,John Miller,South,Chat,Billing,Medium,James,62.8,2,Resolved
TKT-11544,05/01/2025,CUST-225,Daniel Thomas,West,Email,Billing,Medium,John,20.1,2,Pending
TKT-11545,12/04/2025,CUST-723,Anna Smith,West ,Phone ,Technical,Low,David,Unknown,3,Resolved
TKT-11546,17/12/2025,CUST-365,Anna Smith,West ,email,Billing,Low,John,90.0,5,Open
TKT-11547,25/11/2025,CUST-977,Sophia Anderson,West,CHAT,Billing,Medium,Sarah,87.8,4,Pending
TKT-11548,09/06/2025,CUST-115,Olivia Moore,East,Chat,Technical,Low,John,Pending,1,Open
TKT-11549,20/05/2025,CUST-132,James Taylor,East,Phone,Account,Medium,Sarah,18.8,1,Pending
TKT-11550,22/03/2025,CUST-631,Anna Smith,North,Chat,Technical,Medium,John,82.1,5,Pending
TKT-11551,24/11/2025,CUST-238,David Brown,North,Phone ,Delivery,Medium,Sarah,Pending,3,Resolved
TKT-11552,14/03/2025,CUST-718,Emma Davis,South,Phone ,Delivery,Medium,Sarah,46.7,,Pending
TKT-11553,09/01/2025,CUST-494,Anna Smith,West ,Email,Account,Low,Michael,51.3,1,Resolved
TKT-11554,06/01/2025,CUST-905,Emma Davis,West,Chat,Delivery,High,Sarah,35.5,1,Resolved
TKT-11555,07/09/2025,CUST-549,Olivia Moore,East,CHAT,TECHNICAL,High,David,99.4,5,Open
TKT-11556,28/10/2025,CUST-467,Anna Smith,North,Phone,Billing,Low,,40.1,0,Open
TKT-11557,08/09/2025,CUST-788,James Taylor,North,Email,Delivery,High,Emma,20.6,2,Resolved
TKT-11558,05/03/2025,CUST-750,Sarah Khan,East,email,Account,High,Emma ,55.1,,Pending
TKT-11559,13/07/2025,CUST-874,Michael Wilson,West,Email,Billing,Medium,Olivia,32.4,6,Open
TKT-11560,25/01/2025,CUST-667,Sophia Anderson,East,Chat,Technical,Medium,Mary ,38.9,,Escalated
TKT-11561,24/12/2025,CUST-460,Sophia Anderson,West,Phone,Delivery,Medium,Mary,20.0,2,Escalated
TKT-11562,14/08/2025,CUST-353,John Miller,West,CHAT,Technical,Medium,John,19.2,2,Resolved
TKT-11563,18/01/2025,CUST-908,Emma Davis,North,Chat,Delivery,Medium,OLIVIA,20.1,3,Pending
TKT-11564,09/03/2025,CUST-906,James Taylor,South,email,Account,High,Michael,76.7,1,Open
TKT-11565,08/11/2025,CUST-915,John Miller,South,email,Billing,Low,Sarah,41.2,2,Open
TKT-11566,08/12/2025,CUST-110,John Miller,West,Phone,Account,High,David,Pending,3,Escalated
TKT-11567,11/07/2025,CUST-692,James Taylor,South,email,Delivery ,Medium,Michael,26.8,2,Escalated
TKT-11568,09/07/2025,CUST-264,David Brown,South,email,Technical,High,Mary,36.6,2,Resolved
TKT-11569,01/05/2025,CUST-826,Emma Davis,South,Phone,Account,High,Sarah,99.6,4,Pending
TKT-11570,26/05/2025,CUST-756,Emma Davis,North,Email,Refund,Low,David ,88.0,5,Pending
TKT-11571,24/07/2025,CUST-410,James Taylor,North,Phone ,Delivery,High,John,78.4,5,OPEN
TKT-11572,20/01/2025,CUST-662,Olivia Moore,East,Email,Technical,Medium,Emma,97.0,,Open
TKT-11573,07/10/2025,CUST-616,Sophia Anderson,South,Chat,Technical,Low,Sarah,54.8,4,Pending
TKT-11574,03/04/2025,CUST-538,Emma Davis,West,Chat,Billing,Low,Olivia,78.0,2,Pending
TKT-11575,28/09/2025,CUST-643,Sophia Anderson,Noth,Phone,Refund,Medium,Sarah ,63.9,2,Open
TKT-11576,27/07/2025,CUST-729,David Brown,West,Phone,Technical,Low,Emma,75.4,5,Open
TKT-11577,02/03/2025,CUST-244,Anna Smith,West,Phone,Technical,Medium,Michael,41.0,5,Resolved
TKT-11578,24/02/2024,CUST-787,Olivia Moore,Noth,Chat,Billing,Medium,John,91.4,4,Resolved
TKT-11579,23/04/2025,CUST-872,Emma Davis,Noth,Phone ,Account,Low,David,82.9,4,Resolved
TKT-11580,23/03/2025,CUST-396,Emma Davis,North,Chat,Technical,Low,John,54.6,2,Resolved
TKT-11581,27/05/2025,CUST-817,John Miller,North,Email,Technical,High,SARAH,78.9,5,Open
TKT-11582,04/03/2025,CUST-935,Olivia Moore,North,email,Delivery,High,John,91.1,4,Resolved
TKT-11583,22/09/2025,CUST-383,Sophia Anderson,South,Phone ,Billing,High,John ,41.5,5,Resolved
TKT-11584,23/11/2025,CUST-884,David Brown,North,Chat,Account,Medium,John ,86.9,5,Pending
TKT-11585,17/06/2025,CUST-208,Michael Wilson,North,Phone,Delivery ,Medium,MARY,41.9,4,Resolved
TKT-11586,20/07/2025,CUST-255,Olivia Moore,North,Chat,Delivery,Medium,David ,35.9,3,Pending
TKT-11587,06/01/2025,CUST-420,Olivia Moore,North,Email,Account,Medium,Mary,14.7,1,Open
TKT-11588,20/04/2025,CUST-851,Daniel Thomas,West,Phone,Technical,Medium,David,63.0,2,Resolved
TKT-11589,01/09/2025,CUST-361,Sophia Anderson, East,Email,Delivery,Low,Sarah,N/A,4,Resolved
TKT-11590,18/03/2025,CUST-286,Olivia Moore,South,Email,Delivery,Medium,SARAH,4.6,3,Open
TKT-11591,12/03/2025,CUST-958,John Miller,South,Email,Billing,Medium,Mary,59.5,1,Open
TKT-11592,25/06/2025,CUST-184,Daniel Thomas,East,Chat,Delivery,Medium,Olivia ,15.7,1,Escalated
TKT-11593,26/01/2024,CUST-186,Olivia Moore,South,Phone,Billing,Medium,Mary,62.8,4,Open
TKT-11594,07/01/2025,CUST-185,Olivia Moore,Noth,Phone,Billing,Medium,Emma,76.7,1,Resolved
TKT-11595,18/01/2025,CUST-691,Anna Smith,East,Phone,Account,Medium,James,11.9,2,Pending
TKT-11596,16/02/2025,CUST-676,James Taylor,East,CHAT,Technical,Medium,John,47.6,1,Pending
TKT-11597,05/05/2026,CUST-853,Sophia Anderson,South,Phone,Billing,High,Michael,37.4,2,Resolved
TKT-11598,27/01/2024,CUST-966,John Miller,Sth,CHAT,Refund,Low,John,99.5,5,resolved
TKT-11599,09/01/2025,CUST-514,James Taylor,North,Chat,Billing,Low,Mary,Unknown,5,Resolved
TKT-11600,06/01/2025,CUST-426,Sarah Khan,North,CHAT,Account,High,David,62.8,1,Resolved
TKT-11601,27/03/2025,CUST-828,Sophia Anderson,North,Phone,TECHNICAL,Low,Emma,28.1,3,Open
TKT-11602,12/07/2025,CUST-435,Olivia Moore,West,Phone,Delivery,Low,Emma,20.3,4,Open
TKT-11603,03/09/2025,CUST-340,Michael Wilson,South,Phone ,Billing,Low,Emma,43.0,1,Resolved
TKT-11604,05/06/2025,CUST-372,David Brown,West,Phone ,Refund,Low,JOHN,16.3,3,Open
TKT-11605,04/01/2025,CUST-860,Michael Wilson,West,Phone,Technical,Medium,Mary,22.4,4,Pending
TKT-11606,12/05/2025,CUST-981,Daniel Thomas,West,email,Delivery,Low,John,18.6,4,Resolved
TKT-11607,04/11/2025,CUST-501,Emma Davis,South,Email,Technical,Medium,Sarah,77.5,1,Pending
TKT-11608,22/09/2025,CUST-299,Daniel Thomas,East,Chat,Technical,Medium,Olivia ,70.3,5,Resolved
TKT-11609,14/01/2025,CUST-924,Daniel Thomas,North,Phone,Delivery,Medium,David,10.1,4,Resolved
TKT-11610,05/02/2025,CUST-987,Emma Davis,East,Chat,Technical,Low,James,82.6,2,Resolved
TKT-11611,16/10/2025,CUST-642,Daniel Thomas,South,Phone,TECHNICAL,Low,Olivia,82.8,1,Resolved
TKT-11612,11/06/2025,CUST-549,David Brown,South,CHAT,Delivery,Low,Mary ,53.3,4,Escalated
TKT-11613,12/03/2025,CUST-688,David Brown,South,Email,Delivery,Medium,Michael,21.4,,Resolved
TKT-11614,24/12/2025,CUST-915,John Miller,East,Chat,Delivery,Medium,Mary,64.6,4,Open
TKT-11615,22/04/2025,CUST-793,Emma Davis,South,Chat,Account,Medium,David,78.4,3,Resolved
TKT-11616,04/10/2025,CUST-885,James Taylor,East,Phone ,Billing,Low,,Pending,,Pending
TKT-11617,12/03/2025,CUST-454,Olivia Moore,West,Email,Account,High,Michael,60.1,4,Resolved
TKT-11618,11/01/2025,CUST-230,James Taylor,North,Email,Technical,Medium,Olivia,63.5,3,Open
TKT-11619,21/06/2025,CUST-302,Emma Davis,South,Chat,Account,Low,JOHN,61.8,4,Pending
TKT-11620,15/08/2025,CUST-555,Daniel Thomas,West,Chat,Account,High,,43.6,4,Open
TKT-11621,09/09/2025,CUST-305,James Taylor,West,Phone,TECHNICAL,Medium,John,71.8,5,Resolved
TKT-11622,09/02/2025,CUST-189,David Brown,West,Chat,Delivery,Low,James,58.0,1,Resolved
TKT-11623,21/04/2025,CUST-368,David Brown,West,Chat,Account,High,Michael,N/A,4,Pending 
TKT-11624,28/06/2025,CUST-534,James Taylor,East,Phone,Account,Medium,James,12.7,5,Pending
TKT-11625,17/05/2025,CUST-326,Sophia Anderson,West,Phone,Account,Low,David,Pending,1,Escalated
TKT-11626,19/10/2025,CUST-621,James Taylor,West,Chat,Delivery,Low,Sarah,33.4,2,Escalated
TKT-11627,04/12/2025,CUST-205,Sophia Anderson,East,CHAT,Technical,Medium,Emma,88.6,1,Pending
TKT-11628,07/12/2025,CUST-861,Emma Davis,West,Phone ,Refund,High,Michael,32.3,4,Resolved
TKT-11629,28/09/2025,CUST-119,Sarah Khan,East,Phone ,Billing,Medium,Emma,67.5,4,resolved
TKT-11630,17/06/2025,CUST-150,Daniel Thomas,Sth,Phone,Account,High,James,56.9,4,Resolved
TKT-11631,17/05/2025,CUST-133,John Miller,West,email,Account,Medium,OLIVIA,53.9,2,Resolved
TKT-11632,20/08/2025,CUST-735,Sophia Anderson,South,Email,Delivery,High,John,96.9,1,Escalated
TKT-11633,21/04/2025,CUST-871,Anna Smith,South,Phone ,Account,Medium,Olivia,19.2,1,Escalated
TKT-11634,15/07/2025,CUST-446,Sarah Khan,East,Phone,Technical,Medium,David,52.1,7,Open
TKT-11635,09/08/2025,CUST-500,Daniel Thomas,West,Chat,Refund,Medium,James,50.7,2,resolved
TKT-11636,02/04/2025,CUST-499,Sophia Anderson,North,CHAT,billing,High,John ,Pending,3,Resolved
TKT-11637,18/09/2026,CUST-204,Anna Smith,South,email,Delivery,Medium,Sarah,35.8,3,Open
TKT-11638,17/04/2026,CUST-941,David Brown,West,CHAT,Billing,Low,Emma,69.9,1,Resolved
TKT-11639,12/04/2025,CUST-883,Sarah Khan,West,Email,Delivery,Medium,MARY,98.8,5,Pending
TKT-11640,03/04/2025,CUST-751,Sophia Anderson,North,Phone,Billing,Low,Mary,20.2,5,Resolved
TKT-11641,13/11/2025,CUST-314,Michael Wilson,West,Email,Refund,Medium,John,2.5,5,Open
TKT-11642,22/10/2025,CUST-433,James Taylor,West,Phone ,Billing,Medium,Olivia,26.5,1,Open
TKT-11643,13/06/2025,CUST-243,Michael Wilson,North,CHAT,Billing,Low,Olivia,10.5,2,Open
TKT-11644,17/06/2025,CUST-592,Olivia Moore,Sth,email,Account,Low,Emma,70.9,3,Escalated
TKT-11645,24/09/2025,CUST-753,Michael Wilson,West,Phone ,Delivery,Medium,Sarah,96.9,2,OPEN
TKT-11646,26/11/2025,CUST-875,Daniel Thomas,East,Chat,Delivery,High,Mary,24.6,3,Resolved
TKT-11647,24/09/2025,CUST-369,Sophia Anderson,West,Chat,Delivery,Medium,Olivia,37.4,4,Open
TKT-11648,25/09/2025,CUST-622,Michael Wilson,North,Chat,Technical,Medium,David,48.6,1,Open
TKT-11649,06/12/2025,CUST-879,Sophia Anderson,North,Phone,Delivery,Medium,OLIVIA,20.5,2,Pending
TKT-11650,04/02/2025,CUST-660,Olivia Moore,West,Phone,Refund,Medium,John,29.1,3,Open
TKT-11651,26/08/2025,CUST-684,David Brown,South,CHAT,Delivery,Low,Sarah,95.2,4,Escalated
TKT-11652,16/06/2025,CUST-813,Sophia Anderson,West,Phone,Refund,Medium,Michael,N/A,2,Open
TKT-11653,22/05/2025,CUST-360,Sarah Khan,South,Phone ,TECHNICAL,Medium,James,Unknown,5,Open
TKT-11654,20/08/2025,CUST-384,James Taylor,South,Phone,Technical,Medium,,49.9,3,Resolved
TKT-11655,23/03/2025,CUST-723,Olivia Moore,East,CHAT,Delivery,High,Mary,46.0,2,Escalated
TKT-11656,14/10/2025,CUST-426,Michael Wilson,East,email,Delivery,Low,Mary,74.8,,Pending
TKT-11657,04/06/2025,CUST-172,Emma Davis,West,CHAT,Account,Medium,MARY,Unknown,4,Open
TKT-11658,15/03/2025,CUST-494,Olivia Moore,West,Chat,Billing,High,Olivia,74.9,4,Resolved
TKT-11659,26/06/2025,CUST-589,John Miller,Sth,Email,Refund,High,Olivia,39.6,5,Resolved
TKT-11660,16/10/2025,CUST-481,David Brown,Noth,Chat,Account,Low,Michael,50.4,1,Resolved
TKT-11661,10/01/2025,CUST-102,John Miller,South,Chat,Technical,Medium,John,Unknown,1,Resolved
TKT-11662,22/08/2025,CUST-583,Olivia Moore,South,Chat,Technical,High,JAMES,30.0,3,Resolved
TKT-11663,14/04/2025,CUST-336,Olivia Moore,North,Chat,Refund,Medium,Emma,65.8,4,Pending
TKT-11664,23/04/2025,CUST-355,Daniel Thomas,West,Chat,Delivery,Medium,John,73.0,3,Resolved
TKT-11665,20/08/2025,CUST-152,Anna Smith,West,Phone,Billing,High,Mary,83.9,5,Resolved
TKT-11666,07/09/2025,CUST-224,James Taylor,Noth,Phone,Billing,Medium,JAMES,21.7,4,resolved
TKT-11667,01/10/2025,CUST-344,Sophia Anderson,East,Phone,Technical,Medium,John,25.9,,Open
TKT-11668,14/09/2025,CUST-784,Daniel Thomas,West,email,Technical,Low,John,5.2,2,Open
TKT-11669,01/01/2025,CUST-660,Emma Davis,North,Chat,Billing,Low,Emma,82.1,,Open
TKT-11670,05/06/2025,CUST-139,Olivia Moore,South,Chat,Technical,High,Emma ,80.5,4,Pending
TKT-11671,28/12/2025,CUST-568,James Taylor,North,Chat,Refund,Low,Michael,95.2,2,Open
TKT-11672,12/07/2025,CUST-628,Daniel Thomas,South,Phone,Delivery ,Low,Michael,53.5,1,Open
TKT-11673,08/04/2025,CUST-965,David Brown,West,Chat,Billing,Low,David,84.8,4,Open
TKT-11674,28/02/2025,CUST-103,Anna Smith,North,Phone ,Delivery,Medium,John,Pending,3,Resolved
TKT-11675,28/11/2024,CUST-218,Sarah Khan, East,Chat,Refund,Medium,Mary,17.5,5,Open
TKT-11676,26/07/2025,CUST-742,John Miller,South,email,Delivery,Low,Emma,N/A,3,Pending
TKT-11677,01/03/2026,CUST-251,David Brown,South,Phone ,Refund,Low,James,79.2,3,Pending
TKT-11678,19/12/2025,CUST-941,Michael Wilson,West ,Chat,Account,High,Mary,28.9,5,resolved
TKT-11679,17/12/2025,CUST-478,James Taylor,North,Phone,Billing,Low,Mary,38.1,1,Resolved
TKT-11680,26/08/2025,CUST-808,Olivia Moore,West,Email,Billing,Low,Michael,39.0,4,Resolved
TKT-11681,16/08/2025,CUST-411,Sarah Khan,South,Chat,Delivery,High,James,86.4,4,OPEN
TKT-11682,09/01/2025,CUST-911,Michael Wilson,East,Phone,Billing,High,MARY,5.8,3,Pending
TKT-11683,03/06/2025,CUST-396,Olivia Moore,South,email,Delivery,Medium,Olivia,4.3,2,Pending
TKT-11684,21/06/2025,CUST-211,Anna Smith,West,email,TECHNICAL,Medium,John,99.5,5,Pending
TKT-11685,03/09/2025,CUST-868,Daniel Thomas,South,Email,Refund,Low,,Unknown,1,Pending
TKT-11686,16/12/2025,CUST-715,Michael Wilson,West,email,Account,Medium,,18.5,4,Resolved
TKT-11687,03/07/2025,CUST-340,Emma Davis,South,Phone ,Technical,High,Michael,63.5,4,Open
TKT-11688,14/05/2025,CUST-806,Sophia Anderson,West,CHAT,Account,Medium,Sarah,2.7,2,Resolved
TKT-11689,14/12/2025,CUST-960,Emma Davis,Sth,Phone,Refund,Medium,David,Pending,3,Resolved
TKT-11690,12/11/2025,CUST-436,Olivia Moore,Sth,Email,Delivery,Medium,Mary,52.7,4,Resolved
TKT-11691,24/10/2025,CUST-209,Michael Wilson,West,Email,Delivery,Medium,Sarah,51.0,1,Open
TKT-11692,13/01/2025,CUST-249,Daniel Thomas,East,Email,Technical,Low,Michael,2.4,5,Pending
TKT-11693,25/04/2025,CUST-208,Anna Smith,North,Chat,Delivery,Low,James ,31.1,2,Pending
TKT-11694,06/04/2025,CUST-937,John Miller,East,CHAT,Technical,Medium,Michael,27.8,5,Resolved
TKT-11695,16/08/2025,CUST-563,Sophia Anderson,East,Phone ,Billing,High,Olivia,26.6,5,Resolved
TKT-11696,01/07/2025,CUST-730,Olivia Moore,South,Phone,Account,Medium,David,81.7,1,Pending
TKT-11697,16/06/2025,CUST-734,David Brown,Noth,Phone,Billing,Medium,Olivia,Pending,5,Pending
TKT-11698,12/05/2026,CUST-908,Daniel Thomas,West ,Email,billing,High,Emma ,82.3,4,Resolved
TKT-11699,06/09/2025,CUST-878,Emma Davis,South,Email,Account,Medium,Emma,16.4,2,Open
TKT-11700,10/06/2025,CUST-940,James Taylor,North,Email,Account,Low,Emma,11.8,1,Pending
TKT-11701,07/12/2025,CUST-313,Olivia Moore,North,Chat,Billing,Low,Sarah,19.4,2,Open
TKT-11702,19/12/2025,CUST-858,Anna Smith,South,email,Billing,Medium,Emma,28.7,3,Pending
TKT-11703,22/08/2025,CUST-655,Michael Wilson,East,Chat,Technical,Medium,Michael ,62.4,4,Pending 
TKT-11704,02/09/2025,CUST-613,Sarah Khan,Noth,Chat,Technical,Low,Sarah,Pending,,Pending
TKT-11705,10/12/2025,CUST-637,Michael Wilson,East,Chat,Delivery,Low,OLIVIA,88.7,1,Pending 
TKT-11706,21/01/2025,CUST-135,Daniel Thomas,North,Email,billing,Low,James,Unknown,,Escalated
TKT-11707,11/05/2025,CUST-752,Sarah Khan,North,Phone,Account,High,David,43.1,,Open
TKT-11708,15/06/2025,CUST-577,David Brown,North,email,Delivery,High,,44.8,2,Resolved
TKT-11709,07/11/2025,CUST-757,John Miller,North,Phone,Billing,Medium,James,N/A,2,Resolved
TKT-11710,12/09/2025,CUST-503,Sarah Khan,North,CHAT,Technical,Low,MICHAEL,13.3,1,Open
TKT-11711,16/03/2025,CUST-899,Emma Davis,South,Chat,Delivery ,Medium,Sarah,22.6,3,Open
TKT-11712,19/11/2025,CUST-929,Sophia Anderson,West,Phone,TECHNICAL,Low,Olivia,35.2,1,Open
TKT-11713,16/03/2025,CUST-762,Sarah Khan,West,CHAT,Account,Low,James,Unknown,,Escalated
TKT-11714,25/12/2025,CUST-789,Michael Wilson,North,email,Refund,High,Sarah,40.3,4,Pending
TKT-11715,09/10/2025,CUST-813,Michael Wilson,South,email,Delivery,High,Sarah,Pending,,Pending
TKT-11716,03/04/2025,CUST-985,Anna Smith,South,Chat,Delivery,Low,Emma,66.2,3,Resolved
TKT-11717,24/01/2025,CUST-254,Sophia Anderson,South,Email,Account,Low,Olivia,29.8,7,Open
TKT-11718,13/08/2025,CUST-647,Michael Wilson,East,Email,Account,Medium,Olivia,79.1,7,Open
TKT-11719,05/07/2025,CUST-334,Sarah Khan,North,Email,Account,Medium,Sarah,35.0,1,Escalated
TKT-11720,06/07/2025,CUST-442,Anna Smith,West,Email,Billing,Low,Mary,74.4,3,Open
TKT-11721,21/09/2025,CUST-326,Olivia Moore,Sth,Email,Technical,Low,James,Pending,3,Open
TKT-11722,09/06/2025,CUST-351,Daniel Thomas,East,Chat,Refund,Low,James,78.3,2,Open
TKT-11723,09/05/2025,CUST-344,James Taylor,South,Chat,Account,Low,MARY,67.4,5,Pending
TKT-11724,07/05/2025,CUST-161,Michael Wilson,East,CHAT,Billing,Low,James,34.1,2,Pending
TKT-11725,21/07/2025,CUST-703,Anna Smith,North,Email,Technical,Medium,Olivia,8.1,2,Pending
TKT-11726,02/03/2025,CUST-529,David Brown,East,Chat,Refund,High,Sarah,73.2,2,Escalated
TKT-11727,24/04/2025,CUST-698,Sarah Khan,East,CHAT,Account,Low,Emma,46.5,2,Open
TKT-11728,10/07/2026,CUST-543,Michael Wilson,East,Chat,billing,Medium,MICHAEL,85.1,2,Pending
TKT-11729,28/04/2025,CUST-244,Emma Davis,North,Phone,Technical,Low,Michael,Unknown,2,Open
TKT-11730,17/03/2025,CUST-111,Anna Smith,Noth,Phone,Account,Medium,Michael ,16.1,4,Resolved
TKT-11731,15/06/2025,CUST-310,Emma Davis,South,Chat,Billing,Low,Emma ,28.7,2,Escalated
TKT-11732,05/05/2025,CUST-640,Daniel Thomas,West,Phone,Delivery ,Medium,David,28.3,2,Open
TKT-11733,15/12/2025,CUST-846,Sophia Anderson,South,Phone ,Technical,Medium,David,8.3,4,Pending
TKT-11734,17/10/2025,CUST-829,Emma Davis,West,Phone,billing,Low,Sarah ,20.0,5,Resolved
TKT-11735,14/03/2025,CUST-830,John Miller,East,Chat,Billing,High,Emma,16.3,6,Resolved
TKT-11736,24/09/2025,CUST-927,John Miller,East,Phone,Billing,Medium,Michael,67.8,4,Pending
TKT-11737,15/10/2025,CUST-471,Anna Smith,Sth,CHAT,billing,Medium,Emma,81.4,3,OPEN
TKT-11738,04/04/2025,CUST-853,Daniel Thomas,South,Email,Account,Medium,David,86.7,1,Open
TKT-11739,03/10/2025,CUST-506,John Miller,West,Email,Delivery,High,Olivia,Unknown,1,OPEN
TKT-11740,09/11/2025,CUST-357,Sarah Khan,North,Phone,Account,Medium,,63.8,2,Open
TKT-11741,14/12/2025,CUST-771,Anna Smith,West ,email,Delivery,Medium,OLIVIA,15.2,,Open
TKT-11742,27/08/2025,CUST-405,James Taylor,North,Email,Refund,High,Mary,47.1,5,Resolved
TKT-11743,23/12/2025,CUST-242,Michael Wilson,West,Phone,Delivery,Low,Michael,Pending,5,OPEN
TKT-11744,15/12/2025,CUST-158,Sophia Anderson,South,Chat,Refund,High,Mary,3.5,4,Resolved
TKT-11745,14/02/2025,CUST-427,Sophia Anderson,South,email,Account,High,John,1.4,,Escalated
TKT-11746,13/02/2025,CUST-326,Anna Smith,East,Email,billing,Medium,Sarah,92.0,4,Resolved
TKT-11747,04/03/2025,CUST-481,John Miller,North,CHAT,Delivery,Medium,Olivia,38.9,2,Open
TKT-11748,08/04/2025,CUST-607,David Brown,North,Phone,Account,Medium,James ,14.2,1,Resolved
TKT-11749,27/11/2025,CUST-322,Michael Wilson,East,Phone,Delivery ,Medium,James,45.4,1,Open
TKT-11750,08/03/2025,CUST-298,Michael Wilson,North,CHAT,Delivery,Low,Emma ,11.8,5,Open
TKT-11751,18/03/2025,CUST-272,James Taylor,West,Email,billing,Low,Michael,20.2,1,Resolved
TKT-11752,15/04/2025,CUST-124,Daniel Thomas,East,Chat,Refund,Low,David,40.5,4,Open
TKT-11753,28/11/2025,CUST-559,Sarah Khan,East,Phone,Account,Low,Olivia,44.0,1,Resolved
TKT-11754,25/06/2025,CUST-606,John Miller,South,Phone,Delivery,Medium,David,23.3,5,Resolved
TKT-11755,14/06/2025,CUST-723,Sarah Khan,West,Chat,Account,Low,James,82.3,5,resolved
TKT-11756,07/07/2025,CUST-956,David Brown,North,Email,Delivery,Low,John,9.4,3,Escalated
TKT-11757,10/09/2025,CUST-686,Emma Davis,East,Phone ,Delivery,Low,Emma,Unknown,,Escalated
TKT-11758,04/05/2025,CUST-651,David Brown,South,Chat,TECHNICAL,Low,James,70.7,5,resolved
TKT-11759,21/10/2025,CUST-691,David Brown,Sth,Phone,Technical,Medium,David,44.2,5,Open
TKT-11760,11/04/2025,CUST-696,David Brown,South,Email,billing,Medium,Olivia,N/A,4,Resolved
TKT-11761,13/07/2025,CUST-249,Michael Wilson,West,Email,Refund,Low,David,80.1,1,resolved
TKT-11762,09/09/2025,CUST-489,James Taylor,North,Phone,Account,Medium,Emma,82.0,4,Resolved
TKT-11763,26/12/2025,CUST-940,Michael Wilson,East,Chat,Refund,Medium,MICHAEL,Pending,5,resolved
TKT-11764,19/11/2025,CUST-894,David Brown,North,email,Account,Low,JAMES,80.6,5,Resolved
TKT-11765,17/10/2025,CUST-868,Michael Wilson,South,Phone ,Billing,Medium,David,Pending,2,resolved
TKT-11766,25/12/2025,CUST-531,Emma Davis,East,Phone ,Delivery,High,Olivia,49.5,,Open
TKT-11767,19/12/2025,CUST-152,John Miller,East,Chat,billing,Low,Emma ,32.4,1,Open
TKT-11768,03/04/2025,CUST-386,Daniel Thomas,Noth,Email,Account,Medium,Olivia,88.7,3,Open
TKT-11769,04/04/2025,CUST-635,Olivia Moore,South,Phone,Account,Low,Michael,14.8,5,resolved
TKT-11770,12/11/2025,CUST-467,David Brown,North,Email,Billing,Medium,JAMES,37.9,1,Pending
TKT-11771,06/12/2025,CUST-515,Daniel Thomas,East,Email,billing,High,Michael,50.2,5,Resolved
TKT-11772,15/08/2025,CUST-742,Sarah Khan,North,Chat,Billing,High,Olivia,55.3,4,Open
TKT-11773,16/06/2025,CUST-402,Sarah Khan,North,Email,Refund,Medium,Michael,47.5,5,Pending
TKT-11774,27/07/2026,CUST-526,Michael Wilson,North,Email,Delivery,High,John,63.5,5,Open
TKT-11775,15/10/2025,CUST-482,Michael Wilson,Sth,email,Delivery,Low,Michael,80.6,1,Open
TKT-11776,04/08/2025,CUST-167,Sarah Khan,South,email,billing,Medium,John,57.0,5,Open
TKT-11777,07/02/2025,CUST-703,Emma Davis,North,Chat,Account,Low,Michael,34.6,3,Resolved
TKT-11778,10/05/2025,CUST-361,Sophia Anderson,East,Email,Delivery ,Medium,Michael,56.9,1,Resolved
TKT-11779,15/04/2025,CUST-644,Sarah Khan,East,Email,Technical,High,Mary,68.0,1,Open
TKT-11780,26/12/2025,CUST-782,David Brown,East,Chat,Account,High,Michael,91.1,5,Escalated
TKT-11781,10/06/2025,CUST-523,Anna Smith,North,Phone,Technical,High,David,11.1,2,Resolved
TKT-11782,21/10/2025,CUST-748,Anna Smith,North,email,Refund,High,Olivia,99.9,5,Resolved
TKT-11783,12/02/2025,CUST-613,Sophia Anderson,East,Chat,billing,Medium,Sarah,76.0,3,Open
TKT-11784,20/11/2025,CUST-106,Michael Wilson,North,Phone,Refund,Medium,John,64.0,1,Open
TKT-11785,21/08/2025,CUST-891,Daniel Thomas,East,Email,Delivery,Low,Sarah,7.3,6,Resolved
TKT-11786,23/09/2025,CUST-341,Michael Wilson,East,email,TECHNICAL,Medium,David,Pending,1,Resolved
TKT-11787,08/11/2025,CUST-176,Daniel Thomas,Noth,Email,Account,Medium,EMMA,70.8,3,Pending
TKT-11788,09/08/2025,CUST-758,David Brown,East,Email,Account,Medium,,39.3,1,Open
TKT-11789,18/12/2025,CUST-322,James Taylor,East,Email,Refund,Medium,David,93.2,2,Pending 
TKT-11790,01/11/2025,CUST-583,Sarah Khan,North,Email,Account,Medium,David,69.6,5,Resolved
TKT-11791,03/11/2025,CUST-985,Sophia Anderson,North,Chat,Delivery,High,Olivia,46.3,3,Resolved
TKT-11792,12/06/2025,CUST-979,Olivia Moore,Sth,Phone,Delivery,Medium,Emma,66.2,1,Escalated
TKT-11793,16/08/2025,CUST-966,Michael Wilson,South,Email,Account,Medium,David,65.2,5,Open
TKT-11794,04/11/2025,CUST-532,Anna Smith,East,Email,billing,Medium,Mary,52.8,,Open
TKT-11795,13/08/2025,CUST-603,Anna Smith,North,Chat,TECHNICAL,Low,Sarah,95.6,5,Resolved
TKT-11796,10/07/2025,CUST-722,Sarah Khan,North,Email,Delivery ,Medium,David,81.0,3,Pending
TKT-11797,24/09/2025,CUST-107,Emma Davis,North,Chat,Account,Medium,Emma,86.8,4,OPEN
TKT-11798,20/08/2025,CUST-815,Anna Smith,East,Email,Technical,Medium,James,31.4,5,Resolved
TKT-11799,09/07/2025,CUST-192,Michael Wilson,South,CHAT,Billing,Medium,Emma,N/A,2,Pending
TKT-11800,18/03/2025,CUST-197,Daniel Thomas,Sth,CHAT,Technical,High,John ,35.8,1,Escalated
TKT-11801,09/07/2025,CUST-486,Sarah Khan,North,email,Delivery,High,Michael ,71.5,5,resolved
TKT-11802,04/03/2025,CUST-112,Daniel Thomas,South,Phone,Account,Low,Mary ,83.6,3,Resolved
TKT-11803,08/05/2025,CUST-987,Sarah Khan,South,Phone,TECHNICAL,High,Olivia,93.0,2,Resolved
TKT-11804,18/12/2025,CUST-296,Emma Davis,North,Phone ,Delivery,Medium,JOHN,89.3,3,Resolved
TKT-11805,12/03/2025,CUST-714,Emma Davis,East,Chat,Delivery,Medium,Olivia,41.5,1,Pending 
TKT-11806,09/12/2025,CUST-694,James Taylor,East,Chat,Billing,Low,Mary,97.6,1,Resolved
TKT-11807,10/03/2025,CUST-418,Sophia Anderson,West,Phone,Technical,Low,David,98.7,,Resolved
TKT-11808,05/02/2025,CUST-502,Anna Smith,West,Chat,Billing,High,Michael,15.9,0,Resolved
TKT-11809,20/11/2025,CUST-160,Michael Wilson,North,email,Refund,Low,Mary,Pending,2,Open
TKT-11810,08/09/2025,CUST-775,James Taylor,Sth,Phone,Billing,Low,DAVID,6.3,5,Pending
TKT-11811,16/03/2025,CUST-410,Sarah Khan,West ,Phone,Account,Medium,James,Unknown,4,Open
TKT-11812,27/04/2025,CUST-708,Daniel Thomas,North,email,Billing,Medium,Sarah,Unknown,1,Pending
TKT-11813,03/07/2025,CUST-995,Sophia Anderson,North,Chat,Billing,Medium,David,15.4,2,Open
TKT-11814,24/09/2025,CUST-664,Sarah Khan,West,Phone,Refund,High,James,Unknown,6,Open
TKT-11815,19/03/2024,CUST-440,Michael Wilson,North,Email,Refund,Medium,Michael,98.0,3,Resolved
TKT-11816,26/02/2025,CUST-302,Daniel Thomas,South,Phone,Refund,Low,James,58.2,3,Escalated
TKT-11817,06/10/2025,CUST-588,Sarah Khan,North,Phone,Account,Low,Olivia,50.3,3,Pending 
TKT-11818,08/06/2025,CUST-420,James Taylor,South,Phone,billing,Medium,John,63.6,1,Open
TKT-11819,10/09/2025,CUST-478,Emma Davis,West,Phone,Refund,Medium,Olivia,34.4,5,Resolved
TKT-11820,16/05/2025,CUST-599,Emma Davis,West,email,Technical,Medium,Emma ,51.2,3,Pending
TKT-11821,18/05/2025,CUST-809,Daniel Thomas,East,CHAT,billing,Low,Emma,29.6,4,Resolved
TKT-11822,28/04/2025,CUST-415,Daniel Thomas,West,Phone,Refund,Low,John,46.5,5,Escalated
TKT-11823,05/07/2025,CUST-980,Olivia Moore,South,Email,Delivery,Low,Olivia,43.2,3,Pending
TKT-11824,13/11/2025,CUST-954,Daniel Thomas,East,CHAT,Delivery,Low,David,74.2,5,Resolved
TKT-11825,15/04/2025,CUST-985,Michael Wilson,West,Email,TECHNICAL,Medium,James,33.2,3,Open
TKT-11826,04/01/2025,CUST-632,Sophia Anderson,South,Email,Technical,Medium,John,29.6,3,Open
TKT-11827,28/05/2025,CUST-870,Emma Davis,South,Phone,Delivery ,Low,MICHAEL,86.9,5,Resolved
TKT-11828,18/11/2026,CUST-864,David Brown,North,Email,Technical,Medium,Emma,39.9,2,OPEN
TKT-11829,12/11/2025,CUST-253,James Taylor,West,Email,billing,Medium,OLIVIA,36.3,1,Escalated
TKT-11830,26/10/2025,CUST-378,James Taylor,West,Email,Billing,Medium,David ,89.0,3,Pending
TKT-11831,05/05/2025,CUST-801,Daniel Thomas,North,Phone ,Delivery,Medium,Michael,71.3,4,Resolved
TKT-11832,02/05/2025,CUST-672,Michael Wilson,West,Email,Billing,Low,EMMA,91.3,2,Resolved
TKT-11833,06/05/2025,CUST-381,Anna Smith,West,Chat,Account,Medium,Michael,67.9,3,Resolved
TKT-11834,10/08/2026,CUST-752,Anna Smith,East,Chat,Refund,Low,James,55.6,4,Resolved
TKT-11835,27/06/2025,CUST-720,Sophia Anderson,West,Phone,billing,Medium,MICHAEL,9.8,5,resolved
TKT-11836,02/09/2025,CUST-344,Anna Smith,South,Phone ,billing,High,Emma,55.0,3,Pending
TKT-11837,22/01/2025,CUST-563,Sarah Khan,West,Chat,Account,Medium,Mary,65.2,1,Resolved
TKT-11838,14/11/2025,CUST-674,Olivia Moore,South,Email,Billing,Medium,,79.8,2,Open
TKT-11839,03/01/2025,CUST-806,Daniel Thomas,North,Chat,Delivery ,Medium,Sarah,97.1,3,Resolved
TKT-11840,13/04/2025,CUST-671,David Brown,West,Email,Billing,Low,Mary ,1.9,4,Open
TKT-11841,21/09/2025,CUST-403,Anna Smith,East,Email,Technical,Low,Emma,92.5,5,Open
TKT-11842,16/05/2025,CUST-819,Sarah Khan,East,Email,Account,High,James,Unknown,1,Resolved
TKT-11843,09/11/2025,CUST-302,Anna Smith,North,Chat,Refund,Low,James,Unknown,4,Resolved
TKT-11844,12/08/2025,CUST-654,John Miller,North,email,Account,Medium,David,20.6,2,Pending
TKT-11845,24/02/2025,CUST-332,Olivia Moore,North,Email,Billing,High,Mary,Unknown,3,Pending
TKT-11846,17/01/2025,CUST-580,James Taylor,West,Phone ,Refund,High,Olivia ,26.9,1,Resolved
TKT-11847,06/01/2025,CUST-607,David Brown,East,Chat,Refund,Low,James,57.9,5,Resolved
TKT-11848,25/08/2025,CUST-497,Michael Wilson,North,Phone ,Account,High,John,32.6,1,Resolved
TKT-11849,23/07/2025,CUST-398,Anna Smith,South,Chat,Account,High,Mary,86.1,3,Resolved
TKT-11850,23/06/2025,CUST-490,Anna Smith,West,Phone,Billing,Medium,Olivia,18.9,1,Open
TKT-11851,03/08/2025,CUST-986,David Brown,East,Phone,TECHNICAL,Medium,Mary ,6.1,4,resolved
TKT-11852,10/04/2025,CUST-496,Olivia Moore,East,email,Technical,High,Emma,40.5,,Open
TKT-11853,14/02/2025,CUST-719,Sophia Anderson,North,Email,Account,Medium,James,12.4,1,Pending
TKT-11854,28/03/2025,CUST-147,Daniel Thomas,West,email,Refund,Low,Mary,22.6,1,Resolved
TKT-11855,28/04/2025,CUST-137,Daniel Thomas,West ,email,Billing,Low,Emma,79.8,2,Pending
TKT-11856,23/04/2025,CUST-986,Emma Davis,West,Chat,Billing,High,Michael,55.6,2,Resolved
TKT-11857,26/08/2025,CUST-382,Michael Wilson,Sth,Phone,Technical,High,Olivia,Unknown,2,Pending
TKT-11858,04/06/2025,CUST-366,James Taylor,Noth,Chat,Technical,Low,David,97.9,2,Open
TKT-11859,22/11/2025,CUST-241,Sarah Khan,West,Phone,Account,High,JOHN,17.9,1,Pending
TKT-11860,11/07/2025,CUST-673,Sarah Khan,South,CHAT,TECHNICAL,Low,Mary ,1.9,1,Resolved
TKT-11861,16/12/2025,CUST-864,David Brown,West,Email,Technical,Medium,Mary,35.7,3,Resolved
TKT-11862,06/09/2025,CUST-456,John Miller,North,Email,Refund,Low,Michael,88.5,2,OPEN
TKT-11863,21/02/2025,CUST-854,James Taylor,North,CHAT,billing,High,MICHAEL,13.9,3,Escalated
TKT-11864,13/11/2025,CUST-352,David Brown,South,Phone ,Technical,Medium,Olivia,16.3,2,Resolved
TKT-11865,23/07/2025,CUST-343,John Miller,South,Chat,Technical,High,Olivia ,74.0,5,Resolved
TKT-11866,04/12/2025,CUST-100,Sarah Khan,North,Email,Technical,Medium,James,47.6,2,Pending
TKT-11867,07/05/2025,CUST-330,John Miller,East,Chat,Account,Medium,James,Unknown,2,Pending
TKT-11868,22/11/2025,CUST-256,Olivia Moore,West,Chat,Billing,Low,Sarah,11.4,3,resolved
TKT-11869,19/05/2025,CUST-443,Sophia Anderson,West,Phone ,Billing,Low,David,23.2,2,Pending
TKT-11870,05/10/2025,CUST-454,Olivia Moore,South,Phone ,Account,Medium,Michael,23.7,1,Open
TKT-11871,19/02/2025,CUST-339,Olivia Moore,South,Chat,Technical,Medium,Michael ,51.2,1,Resolved
TKT-11872,02/10/2025,CUST-214,David Brown,East,Email,Technical,High,John,95.8,4,Resolved
TKT-11873,25/04/2025,CUST-272,Daniel Thomas,South,Phone,Delivery,High,John,77.4,4,Resolved
TKT-11874,06/07/2025,CUST-318,Olivia Moore,North,email,Delivery,Medium,Olivia ,90.2,2,Pending
TKT-11875,16/05/2025,CUST-769,Olivia Moore,North,CHAT,Delivery,High,Sarah,80.7,5,Escalated
TKT-11876,15/12/2025,CUST-958,Olivia Moore,West,CHAT,Billing,Medium,Emma,86.5,,Pending
TKT-11877,26/12/2025,CUST-808,James Taylor,East,Chat,Delivery ,Medium,Emma,Unknown,5,Resolved
TKT-11878,18/10/2025,CUST-315,Michael Wilson,West,Email,Technical,Medium,,34.5,1,Resolved
TKT-11879,08/09/2025,CUST-170,Olivia Moore,North,CHAT,Refund,Low,JOHN,73.4,1,Open
TKT-11880,13/10/2025,CUST-967,John Miller,South,Email,Technical,Low,EMMA,Unknown,4,Resolved
TKT-11881,01/03/2025,CUST-136,Michael Wilson,East,Email,Account,Medium,John,29.0,5,Resolved
TKT-11882,09/02/2025,CUST-164,Emma Davis,North,Chat,billing,Low,Olivia,12.6,4,Open
TKT-11883,27/12/2025,CUST-914,Michael Wilson,South,Chat,Billing,Medium,Michael,Pending,4,Escalated
TKT-11884,23/09/2025,CUST-881,David Brown,East,Chat,Account,Low,Emma,Pending,5,Open
TKT-11885,01/03/2025,CUST-877,Sophia Anderson,East,Phone,Account,Medium,Michael,33.5,3,Escalated
TKT-11886,09/03/2025,CUST-722,Sarah Khan,Sth,Chat,billing,Medium,Michael,97.5,5,Resolved
TKT-11887,11/08/2025,CUST-424,David Brown,South,Phone,Account,Medium,Olivia,37.8,1,Escalated
TKT-11888,18/10/2025,CUST-699,Anna Smith,East,Email,billing,Medium,John,8.4,1,Resolved
TKT-11889,23/12/2025,CUST-658,Emma Davis,South,Email,Delivery,Medium,John,98.4,2,Pending
TKT-11890,15/10/2025,CUST-512,Olivia Moore,East,Phone ,Technical,Medium,Mary,41.9,,Resolved
TKT-11891,07/03/2025,CUST-687,Sophia Anderson,West,email,Billing,Low,Michael,6.6,4,Open
TKT-11892,05/12/2025,CUST-282,Olivia Moore,Noth,Chat,Account,Low,Mary ,52.5,,Resolved
TKT-11893,19/02/2025,CUST-854,David Brown,South,Email,Billing,Low,Mary,10.6,3,Resolved
TKT-11894,08/08/2025,CUST-807,Sophia Anderson,North,email,Billing,Low,David,93.0,4,Resolved
TKT-11895,02/05/2025,CUST-512,Olivia Moore,West,email,Delivery,Medium,James,N/A,4,Pending
TKT-11896,27/11/2024,CUST-320,John Miller,South,Chat,Delivery,Medium,JAMES,72.6,,Open
TKT-11897,10/08/2025,CUST-453,Anna Smith,Noth,Email,Account,Medium,John,92.7,4,Escalated
TKT-11898,24/09/2025,CUST-548,John Miller,North,Chat,TECHNICAL,High,Michael,36.0,5,Escalated
TKT-11899,21/11/2025,CUST-284,David Brown,South,Phone ,Billing,Low,Emma,40.0,4,Resolved
TKT-11900,03/01/2025,CUST-780,Michael Wilson,West,Chat,Account,Medium,Emma ,75.6,2,Resolved
TKT-11901,27/01/2025,CUST-359,John Miller,North,CHAT,Refund,Medium,Emma,51.6,2,Open
TKT-11902,08/07/2025,CUST-107,James Taylor,East,CHAT,Technical,Low,,47.2,2,Open
TKT-11903,28/08/2025,CUST-277,Michael Wilson,North,Phone,Technical,High,Michael,32.6,4,Resolved
TKT-11904,09/11/2025,CUST-550,James Taylor,West,Phone,Account,Medium,Sarah,39.7,2,resolved
TKT-11905,21/06/2025,CUST-642,Sarah Khan,South,Email,Technical,Medium,John,84.9,5,Resolved
TKT-11906,09/08/2025,CUST-370,Emma Davis,East,Chat,Delivery,Medium,Emma,86.8,1,Resolved
TKT-11907,20/02/2025,CUST-483,Sarah Khan,South,Email,Refund,Medium,Emma ,97.1,0,Open
TKT-11908,10/10/2025,CUST-214,Michael Wilson,North,Email,Billing,High,Olivia,22.4,0,Pending
TKT-11909,15/06/2025,CUST-724,Olivia Moore,East,Chat,Delivery,Low,Michael,14.5,5,Open
TKT-11910,09/09/2025,CUST-960,Emma Davis,East,Chat,Account,Low,Emma,73.5,4,Resolved
TKT-11911,07/12/2025,CUST-171,Daniel Thomas,West,Email,Refund,Medium,Emma,N/A,3,Open
TKT-11912,08/05/2025,CUST-917,John Miller,North,Phone ,Account,Low,Olivia,90.4,1,Resolved
TKT-11913,24/10/2025,CUST-742,John Miller,East,Phone ,Account,Low,James,Unknown,3,Resolved
TKT-11914,10/09/2025,CUST-767,Olivia Moore,South,email,Account,High,David,29.2,2,Escalated
TKT-11915,21/11/2025,CUST-561,Anna Smith,East,Phone,Account,Low,Mary,94.2,1,Resolved
TKT-11916,25/05/2025,CUST-241,John Miller,West,email,TECHNICAL,Medium,John,21.4,1,Open
TKT-11917,25/11/2025,CUST-161,David Brown,Noth,Chat,Refund,Medium,DAVID,88.2,2,Resolved
TKT-11918,06/09/2025,CUST-895,Sophia Anderson,West,Phone ,Billing,Medium,John,18.9,,Resolved
TKT-11919,02/08/2025,CUST-152,Sarah Khan,North,Chat,Delivery ,Medium,James,46.2,3,Resolved
TKT-11920,05/06/2025,CUST-613,Emma Davis,North,Chat,Account,High,EMMA,43.9,2,resolved
TKT-11921,20/02/2025,CUST-135,David Brown,West,Phone,Delivery,Medium,Sarah,42.5,1,Escalated
TKT-11922,14/02/2025,CUST-267,Sophia Anderson,South,Phone,Account,High,John,90.1,5,Resolved
TKT-11923,21/01/2025,CUST-373,Sarah Khan,East,Phone,Account,Low,Emma,67.3,3,Resolved
TKT-11924,18/04/2025,CUST-797,Daniel Thomas, East,email,TECHNICAL,High,Michael,N/A,0,Resolved
TKT-11925,20/06/2025,CUST-520,David Brown,West,Phone ,Technical,Medium,John,20.0,2,Pending 
TKT-11926,24/01/2025,CUST-260,Daniel Thomas,North,Email,Technical,High,Olivia,93.7,7,Resolved
TKT-11927,28/10/2025,CUST-756,John Miller,North,Chat,Delivery,High,John,62.8,2,Pending
TKT-11928,25/05/2025,CUST-109,David Brown,West ,Chat,billing,Low,John,9.4,1,Resolved
TKT-11929,25/02/2025,CUST-468,James Taylor,North,Phone,Delivery,High,John ,27.8,4,Resolved
TKT-11930,28/03/2025,CUST-351,Emma Davis,South,Chat,Delivery,Low,Michael,65.6,1,OPEN
TKT-11931,16/11/2025,CUST-802,Sophia Anderson,South,Phone,Account,Low,SARAH,Unknown,,Resolved
TKT-11932,04/07/2025,CUST-783,Sophia Anderson,South,Chat,Delivery,Low,Emma,30.2,1,Pending
TKT-11933,11/06/2025,CUST-651,Sarah Khan,South,CHAT,Technical,High,Olivia ,Pending,1,Resolved
TKT-11934,28/05/2025,CUST-608,Sophia Anderson,West,Phone,Technical,Low,Mary,N/A,5,Resolved
TKT-11935,04/11/2025,CUST-499,John Miller,West,Email,Account,Medium,John,67.2,3,Open
TKT-11936,11/03/2025,CUST-609,Sarah Khan,East,Phone,billing,High,Sarah,25.4,0,Open
TKT-11937,23/04/2025,CUST-576,Michael Wilson,West,Phone,Delivery,Medium,Michael,29.0,3,Open
TKT-11938,10/07/2025,CUST-761,Michael Wilson,South,email,Billing,High,Mary,N/A,1,Resolved
TKT-11939,11/02/2025,CUST-894,Daniel Thomas,North,Phone,Technical,High,Michael,49.8,4,OPEN
TKT-11940,10/08/2025,CUST-698,Daniel Thomas, East,email,Refund,Low,Mary,41.9,1,Pending
TKT-11941,14/05/2025,CUST-690,Olivia Moore,South,Phone,Account,Medium,James,43.2,3,Resolved
TKT-11942,23/06/2025,CUST-996,James Taylor,East,Chat,Account,Medium,EMMA,90.3,4,Resolved
TKT-11943,05/03/2025,CUST-523,Olivia Moore,East,Email,Billing,Low,Sarah ,37.3,5,Pending
TKT-11944,15/08/2025,CUST-618,Sophia Anderson,West,Email,Technical,Medium,John ,N/A,1,Pending
TKT-11945,17/11/2025,CUST-931,Michael Wilson,West,Email,Technical,Low,Olivia,Unknown,3,Open
TKT-11946,26/03/2025,CUST-625,Anna Smith,East,Phone,Billing,Medium,John ,51.1,2,Pending
TKT-11947,01/12/2025,CUST-443,Sarah Khan,North,Email,Refund,Medium,James ,9.3,2,Pending
TKT-11948,16/01/2025,CUST-385,Sophia Anderson,North,Phone,Delivery,Medium,Olivia,99.9,1,Escalated
TKT-11949,03/02/2025,CUST-973,John Miller,North,email,Technical,Low,Emma,35.2,3,Pending
TKT-11950,15/04/2025,CUST-107,David Brown,West,Email,Billing,High,Michael,47.6,,Pending
TKT-11951,12/07/2025,CUST-411,James Taylor,South,Email,billing,Medium,Michael,25.7,1,Resolved
TKT-11952,27/11/2025,CUST-363,Emma Davis,North,Phone,Billing,Low,Emma,3.2,4,Pending
TKT-11953,26/10/2025,CUST-347,Michael Wilson,West,Chat,Account,Low,Olivia,94.2,1,Resolved
TKT-11954,24/12/2025,CUST-956,David Brown,North,Chat,Refund,Low,John,Pending,4,Resolved
TKT-11955,21/08/2025,CUST-818,David Brown,West,Phone,Delivery ,Low,Sarah,1.4,,Open
TKT-11956,12/12/2025,CUST-803,Sophia Anderson,North,email,Technical,Medium,DAVID,59.6,1,Open
TKT-11957,25/05/2025,CUST-419,Emma Davis,West,Phone,Account,Low,Olivia,60.1,2,resolved
TKT-11958,21/08/2025,CUST-764,Daniel Thomas,South,Phone,Delivery ,Medium,Mary ,24.6,5,Open
TKT-11959,16/05/2025,CUST-341,Olivia Moore,South,Chat,Delivery,Medium,Sarah,72.1,4,Open
TKT-11960,24/12/2025,CUST-189,David Brown,West,Chat,Billing,High,James,70.3,1,Resolved
TKT-11961,11/02/2025,CUST-389,Sarah Khan,South,Chat,Refund,Medium,Olivia,87.2,4,Pending
TKT-11962,22/10/2025,CUST-792,Sophia Anderson,North,CHAT,Delivery,Low,Emma,66.6,5,Open
TKT-11963,19/09/2025,CUST-551,Anna Smith,North,email,Billing,Low,Mary,94.4,2,Open
TKT-11964,08/12/2025,CUST-858,Emma Davis,West ,Chat,Delivery,Medium,John,20.0,4,Open
TKT-11965,08/01/2025,CUST-636,James Taylor,North,Email,billing,Low,MICHAEL,Pending,1,Pending
TKT-11966,04/07/2025,CUST-907,Emma Davis,South,Email,Account,Medium,James,61.8,1,Pending
TKT-11967,02/01/2025,CUST-363,James Taylor,South,Chat,billing,Low,Emma,Pending,4,Resolved
TKT-11968,24/08/2025,CUST-464,David Brown,East,Chat,Billing,Low,James,43.8,1,Resolved
TKT-11969,27/12/2025,CUST-301,David Brown,West,Email,Billing,High,Michael ,94.0,5,Resolved
TKT-11970,24/11/2025,CUST-787,Anna Smith,West ,Email,Technical,Low,MICHAEL,55.9,1,Resolved
TKT-11971,06/07/2025,CUST-302,Sarah Khan,West,Phone ,Refund,Medium,John,18.9,4,OPEN
TKT-11972,21/05/2025,CUST-589,Olivia Moore,South,Phone,Refund,High,Mary,23.9,3,Resolved
TKT-11973,07/08/2025,CUST-778,David Brown,South,Chat,Delivery,Low,John,71.6,4,Open
TKT-11974,20/02/2025,CUST-720,Sarah Khan,North,Chat,Technical,Medium,Emma,21.3,5,Open
TKT-11975,26/06/2025,CUST-974,Sophia Anderson,Noth,Phone,Billing,High,James,31.3,3,Open
TKT-11976,19/03/2025,CUST-738,Anna Smith,East,Email,Account,Medium,James,90.4,3,Resolved
TKT-11977,25/01/2025,CUST-877,Emma Davis,North,Chat,Technical,High,JOHN,85.3,7,Resolved
TKT-11978,05/03/2025,CUST-566,David Brown,North,Email,Technical,Medium,Michael,90.1,5,Resolved
TKT-11979,03/07/2025,CUST-550,James Taylor,East,email,Billing,Low,Mary,97.7,5,Open
TKT-11980,11/06/2025,CUST-192,Olivia Moore,South,Email,Account,High,JAMES,16.3,3,Open
TKT-11981,15/12/2025,CUST-848,Michael Wilson,East,Chat,Refund,Low,John,90.8,2,Escalated
TKT-11982,11/07/2025,CUST-502,Michael Wilson,West,CHAT,Delivery,Medium,DAVID,49.9,2,Pending
TKT-11983,07/07/2025,CUST-758,Michael Wilson,Sth,Email,Account,Low,Olivia,57.3,3,Open
TKT-11984,28/06/2025,CUST-736,Sarah Khan,North,CHAT,Refund,High,Mary,N/A,2,Resolved
TKT-11985,03/03/2025,CUST-747,Emma Davis,East,Chat,Delivery,Medium,OLIVIA,75.2,5,Open
TKT-11986,16/11/2025,CUST-634,Anna Smith,South,Phone,Account,Medium,Emma,Unknown,2,Pending
TKT-11987,06/06/2025,CUST-263,Sarah Khan,North,Chat,Account,Medium,Olivia,Unknown,5,Resolved
TKT-11988,10/10/2025,CUST-923,Sarah Khan,North,email,Account,Medium,Sarah,88.8,5,Open
TKT-11989,15/01/2025,CUST-348,David Brown,North,CHAT,Billing,Medium,Sarah,58.0,5,Resolved
TKT-11990,09/03/2025,CUST-204,Anna Smith,Sth,Email,billing,Low,John ,78.3,4,Resolved
TKT-11991,06/07/2025,CUST-519,Sophia Anderson,East,Phone,Billing,High,Michael,24.2,,Resolved
TKT-11992,24/08/2025,CUST-653,Emma Davis,North,Email,Refund,Medium,Michael,10.5,5,Open
TKT-11993,21/05/2025,CUST-175,Sarah Khan,West,Chat,Account,Medium,MARY,14.0,4,Resolved
TKT-11994,25/12/2025,CUST-721,Emma Davis,East,Chat,Billing,Low,Olivia,30.3,5,Resolved
TKT-11995,17/02/2025,CUST-315,John Miller,Noth,Phone,Refund,High,Olivia,30.3,4,Resolved
TKT-11996,17/09/2025,CUST-406,Daniel Thomas,Noth,Email,Delivery ,Medium,James,72.0,2,Pending
TKT-11997,23/02/2025,CUST-611,Daniel Thomas,West,Email,Account,Medium,,2.4,3,Resolved
TKT-11998,20/03/2025,CUST-338,Olivia Moore,South,Phone ,Delivery,Medium,David,68.2,1,Pending
TKT-11999,17/07/2025,CUST-300,James Taylor,South,Chat,Billing,Medium,David,85.2,1,Resolved
TKT-12000,20/12/2025,CUST-516,Michael Wilson,South,email,Delivery,Medium,James,87.3,3,Open
TKT-12001,15/05/2025,CUST-207,Sophia Anderson,East,Chat,Account,Medium,Sarah,71.4,1,Open
TKT-12002,27/08/2025,CUST-328,Michael Wilson,West,Phone,Delivery,Medium,Mary,Pending,2,resolved
TKT-12003,15/07/2025,CUST-631,John Miller, East,Email,Account,Medium,Sarah,30.8,3,Resolved
TKT-12004,04/09/2025,CUST-798,Anna Smith,South,Email,Billing,Medium,Olivia,24.3,2,Resolved
TKT-12005,01/09/2025,CUST-803,Emma Davis,South,Phone ,Refund,Low,Emma,79.0,5,Pending 
TKT-12006,21/03/2025,CUST-936,James Taylor,South,Phone,Account,Low,James,46.6,1,OPEN
TKT-12007,11/06/2025,CUST-567,Sophia Anderson,East,Email,Billing,Low,Emma,43.8,2,Open
TKT-12008,27/03/2025,CUST-235,Olivia Moore,North,CHAT,Account,Medium,David,60.7,4,resolved
TKT-12009,10/06/2025,CUST-560,Daniel Thomas,Noth,Chat,Delivery,Medium,Sarah,60.7,3,Pending
TKT-12010,19/03/2025,CUST-455,Olivia Moore,North,CHAT,Account,Medium,Emma,13.6,1,Open
TKT-12011,24/04/2025,CUST-889,James Taylor,North,Phone,Delivery ,Low,MARY,17.8,6,Resolved
TKT-12012,17/02/2025,CUST-905,Michael Wilson,North,Phone,Billing,Medium,OLIVIA,3.1,5,Open
TKT-12013,16/07/2025,CUST-723,John Miller,North,Email,Refund,Low,Emma,12.0,4,Pending
TKT-12014,13/04/2025,CUST-851,Sophia Anderson,West,Email,Delivery,Low,Michael ,65.1,,Open
TKT-12015,13/06/2025,CUST-193,James Taylor,East,email,Technical,Low,John,62.8,2,Resolved
TKT-12016,13/05/2025,CUST-221,Michael Wilson,South,Chat,Technical,Medium,Sarah ,89.8,3,Resolved
TKT-12017,05/08/2025,CUST-652,Michael Wilson,West,Email,Refund,High,Sarah ,21.4,2,Open
TKT-12018,23/05/2025,CUST-680,John Miller,East,Chat,Account,Medium,David,28.8,1,Pending
TKT-12019,07/08/2025,CUST-945,Emma Davis,East,Phone,Technical,Medium,David,95.7,5,OPEN
TKT-12020,04/02/2025,CUST-979,John Miller,West,Phone,Refund,Medium,Mary,37.2,5,Open
TKT-12021,06/06/2025,CUST-910,Daniel Thomas,West,Phone ,Account,High,Michael,62.0,5,Escalated
TKT-12022,08/03/2025,CUST-874,John Miller,South,Chat,Technical,Medium,Mary ,67.1,4,Resolved
TKT-12023,07/01/2025,CUST-485,Anna Smith,South,Phone ,Technical,Medium,Emma,11.0,4,Resolved
TKT-12024,25/07/2025,CUST-712,John Miller,Sth,Chat,Delivery,Low,John ,18.7,4,Resolved
TKT-12025,23/03/2025,CUST-712,Michael Wilson,East,Phone,Delivery,Low,DAVID,18.0,3,Resolved
TKT-12026,19/06/2025,CUST-457,David Brown,East,CHAT,Refund,Medium,Sarah,93.8,4,Resolved
TKT-12027,01/08/2025,CUST-245,Emma Davis,South,Phone ,Delivery,Medium,SARAH,33.8,1,Pending
TKT-12028,14/03/2025,CUST-563,Olivia Moore,North,Email,TECHNICAL,Medium,MICHAEL,53.6,1,Resolved
TKT-12029,20/11/2025,CUST-684,David Brown,South,Email,Technical,High,Sarah,53.5,5,Pending
TKT-12030,02/10/2025,CUST-814,Daniel Thomas,North,Phone,Technical,Low,John,43.4,,Pending
TKT-12031,17/10/2025,CUST-274,Anna Smith,West,Email,Billing,Medium,Sarah ,19.5,4,Pending 
TKT-12032,24/03/2025,CUST-761,Daniel Thomas,Noth,Chat,Technical,High,Michael,84.2,2,Resolved
TKT-12033,11/03/2025,CUST-698,Daniel Thomas,West,Chat,Billing,Low,MARY,16.8,4,Resolved
TKT-12034,26/01/2025,CUST-920,Daniel Thomas,East,Email,Billing,Medium,Emma,Unknown,4,Escalated
TKT-12035,21/06/2026,CUST-235,Olivia Moore,South,Chat,Refund,Medium,John,76.3,,Pending
TKT-12036,16/07/2025,CUST-255,James Taylor,Noth,Email,billing,Low,Michael,Pending,1,resolved
TKT-12037,11/05/2025,CUST-765,Olivia Moore,Sth,CHAT,Delivery,High,Mary ,67.1,1,Escalated
TKT-12038,12/08/2025,CUST-842,Anna Smith,Noth,Phone ,Account,High,John,34.2,5,OPEN
TKT-12039,04/04/2025,CUST-475,Michael Wilson,North,Email,Refund,Low,Emma,28.3,1,Resolved
TKT-12040,20/11/2025,CUST-804,Emma Davis,South,Chat,billing,Low,,13.7,1,resolved
TKT-12041,11/04/2025,CUST-924,Daniel Thomas,East,Chat,Billing,Medium,Mary ,44.8,1,Resolved
TKT-12042,22/04/2025,CUST-840,Anna Smith,South,Phone,Delivery,Medium,David,80.3,1,Pending
TKT-12043,20/04/2025,CUST-671,James Taylor,Noth,Chat,Billing,High,Sarah,16.3,2,Resolved
TKT-12044,15/11/2025,CUST-121,Sophia Anderson,West,CHAT,Refund,Low,Sarah,67.2,1,Pending 
TKT-12045,20/11/2025,CUST-407,John Miller,Noth,CHAT,billing,Medium,Emma,52.0,3,Resolved
TKT-12046,24/10/2025,CUST-376,Anna Smith,South,Email,Billing,High,Sarah,78.5,2,Open
TKT-12047,01/11/2025,CUST-556,Anna Smith,South,Email,Refund,Low,Michael,22.6,4,Pending
TKT-12048,04/06/2025,CUST-130,Sophia Anderson,East,email,Billing,Medium,Olivia,77.1,0,Open
TKT-12049,01/01/2025,CUST-405,Olivia Moore,North,Email,Delivery,Medium,MICHAEL,15.2,2,Resolved
TKT-12050,24/08/2025,CUST-697,David Brown,West,Phone ,Refund,Low,EMMA,86.7,5,Resolved
TKT-12051,04/04/2025,CUST-649,Olivia Moore,North,Email,Account,High,James,53.2,5,Resolved
TKT-12052,28/03/2025,CUST-769,John Miller,West,Email,Delivery,Medium,,83.3,4,Pending 
TKT-12053,16/05/2025,CUST-411,Sophia Anderson,South,email,Delivery,Low,Olivia,67.6,2,Resolved
TKT-12054,08/01/2025,CUST-411,John Miller,North,Phone,Billing,High,Michael ,88.2,3,Resolved
TKT-12055,09/03/2025,CUST-583,Olivia Moore,South,Chat,Billing,Medium,Mary,6.8,1,Resolved
TKT-12056,16/06/2025,CUST-686,David Brown,West,Phone,Delivery,Low,James,22.6,3,Pending
TKT-12057,28/06/2025,CUST-716,Michael Wilson,East,email,Account,Medium,James ,52.2,4,Pending
TKT-12058,22/10/2025,CUST-955,Olivia Moore,West,Chat,Billing,Medium,EMMA,69.5,2,Resolved
TKT-12059,15/09/2024,CUST-290,John Miller,North,Chat,Billing,Medium,Sarah,N/A,1,Resolved
TKT-12060,14/03/2025,CUST-704,Olivia Moore,West,Phone,Technical,High,James,83.4,2,Escalated
TKT-12061,23/11/2025,CUST-969,Olivia Moore,North,Email,Account,High,Sarah,67.8,5,Resolved
TKT-12062,20/05/2025,CUST-543,Sophia Anderson,South,CHAT,Delivery,Medium,John,58.0,5,Escalated
TKT-12063,26/02/2025,CUST-136,Michael Wilson,West,Chat,Account,Medium,David,22.2,3,Pending
TKT-12064,12/01/2025,CUST-694,Anna Smith,South,Phone ,Account,Low,Olivia,83.7,4,Resolved
TKT-12065,13/09/2025,CUST-875,Emma Davis,South,Email,Technical,Low,Emma,58.0,5,Resolved
TKT-12066,05/12/2025,CUST-306,Sophia Anderson,Sth,Phone,Billing,Medium,Michael,66.0,4,Escalated
TKT-12067,07/10/2025,CUST-184,Sophia Anderson,East,email,Account,Medium,John,Pending,3,Pending
TKT-12068,17/07/2025,CUST-107,Sarah Khan,North,Email,TECHNICAL,Low,Sarah,6.6,3,Pending
TKT-12069,04/09/2025,CUST-967,Michael Wilson,East,Email,Delivery,Low,Sarah,81.1,2,Open
TKT-12070,21/11/2025,CUST-668,Olivia Moore,East,CHAT,Account,High,Emma ,41.9,3,Pending
TKT-12071,02/06/2025,CUST-242,Daniel Thomas,Sth,Phone,Technical,High,David,Unknown,2,Pending
TKT-12072,18/09/2025,CUST-265,Emma Davis,East,Phone,Delivery,Medium,MARY,80.4,3,Resolved
TKT-12073,25/01/2025,CUST-372,Sophia Anderson,West,Chat,Account,Medium,James ,55.8,2,Resolved
TKT-12074,08/04/2025,CUST-714,Daniel Thomas,West,Email,Account,High,Sarah,14.9,1,Open
TKT-12075,04/11/2025,CUST-585,Sarah Khan,South,Email,Billing,Low,DAVID,95.0,3,Escalated
TKT-12076,11/11/2025,CUST-442,Michael Wilson,East,Chat,Billing,Medium,David ,11.7,4,Resolved
TKT-12077,01/11/2025,CUST-617,James Taylor,North,Phone,Billing,Medium,EMMA,17.5,2,Open
TKT-12078,16/01/2025,CUST-649,Michael Wilson,East,Chat,Technical,Low,Mary,32.1,2,Resolved
TKT-12079,04/01/2025,CUST-905,Emma Davis,West,Phone ,Account,Medium,David,71.4,4,Pending
TKT-12080,03/02/2025,CUST-848,Daniel Thomas,West,Email,Technical,High,Olivia,83.2,1,Pending
TKT-12081,05/03/2025,CUST-925,James Taylor,East,email,Billing,Medium,James,80.3,5,Open
TKT-12082,20/03/2025,CUST-734,Anna Smith,West,email,Technical,High,Emma,89.4,2,Resolved
TKT-12083,18/04/2025,CUST-969,Anna Smith,Noth,Phone,Billing,Medium,JAMES,61.5,5,Pending
TKT-12084,26/08/2025,CUST-669,Sarah Khan,South,Phone,billing,Low,John,13.6,2,Escalated
TKT-12085,18/06/2025,CUST-426,Emma Davis,North,Phone ,Technical,Low,Sarah,1.9,4,Open
TKT-12086,04/02/2025,CUST-861,Anna Smith,North,CHAT,Account,Medium,EMMA,47.3,4,Open
TKT-12087,10/10/2025,CUST-238,Olivia Moore,West,Email,Billing,High,Olivia,60.5,5,Open
TKT-12088,24/11/2025,CUST-789,Sophia Anderson,South,Email,billing,High,Emma,33.7,5,Open
TKT-12089,22/05/2025,CUST-187,Sarah Khan,South,Phone,Delivery,Low,James,3.8,5,Pending
TKT-12090,22/11/2025,CUST-650,Sarah Khan,North,Chat,Account,Low,Mary,4.2,3,Resolved
TKT-12091,17/10/2025,CUST-907,Sophia Anderson,South,Email,Refund,Medium,MICHAEL,52.4,1,Resolved
TKT-12092,19/04/2025,CUST-332,Olivia Moore,Noth,email,Billing,Low,Sarah,Pending,1,Open
TKT-12093,03/10/2025,CUST-773,David Brown,West,Chat,Technical,Low,Michael,1.9,2,Pending
TKT-12094,24/05/2025,CUST-416,James Taylor,South,email,Delivery,Low,Mary,4.7,5,Resolved
TKT-12095,19/01/2025,CUST-798,Sophia Anderson,West,CHAT,Delivery,Medium,Emma,16.8,1,Resolved
TKT-12096,27/05/2025,CUST-962,Anna Smith,East,email,Delivery ,Medium,John,27.5,3,Resolved
TKT-12097,10/11/2025,CUST-488,Emma Davis,East,Email,Account,Low,Michael,N/A,4,Pending 
TKT-12098,14/08/2025,CUST-481,Anna Smith,North,Chat,Account,Low,James,24.5,5,Pending 
TKT-12099,24/06/2025,CUST-319,Sarah Khan,West,Phone,Account,High,David,Unknown,3,Open
TKT-12100,15/01/2025,CUST-856,Daniel Thomas,West,Phone,Delivery,Low,,48.5,1,Open
TKT-12101,06/11/2025,CUST-943,Sarah Khan,South,Phone,Technical,Low,Mary,21.9,3,Pending
TKT-12102,01/09/2025,CUST-373,Michael Wilson,East,Phone ,Delivery,High,,39.7,3,Pending
TKT-12103,28/09/2025,CUST-774,David Brown,South,Phone,Account,High,Sarah,27.9,3,Resolved
TKT-12104,12/11/2025,CUST-684,Sarah Khan,Noth,Chat,Technical,Medium,Sarah,86.8,3,Open
TKT-12105,05/09/2025,CUST-133,Daniel Thomas,East,Phone,Refund,High,EMMA,Unknown,5,Resolved
TKT-12106,28/06/2025,CUST-706,Sophia Anderson,West,Email,Technical,Medium,James,11.5,3,Resolved
TKT-12107,25/06/2025,CUST-725,Olivia Moore,South,Email,Delivery ,Low,Sarah,10.9,1,Pending
TKT-12108,09/02/2026,CUST-755,John Miller,South,Phone,Delivery,Low,Sarah,60.6,4,Resolved
TKT-12109,08/07/2025,CUST-615,Sophia Anderson,West,Chat,Account,Low,Olivia,N/A,2,Open
TKT-12110,15/04/2025,CUST-844,Olivia Moore,West,Chat,Account,High,Mary,6.9,3,Resolved
TKT-12111,05/12/2025,CUST-395,John Miller,West,Phone ,TECHNICAL,High,Michael,19.6,2,Resolved
TKT-12112,11/01/2025,CUST-227,David Brown,East,Chat,Delivery,Medium,SARAH,18.7,2,Pending
TKT-12113,06/10/2025,CUST-616,Sarah Khan,North,Email,Technical,Medium,Emma,Unknown,5,Open
TKT-12114,11/07/2025,CUST-716,James Taylor,West ,Chat,Delivery,High,David,59.6,2,Pending
TKT-12115,18/04/2025,CUST-288,Daniel Thomas,South,Chat,Technical,Medium,,31.9,3,Open
TKT-12116,01/12/2025,CUST-721,James Taylor,North,Email,Billing,Medium,Olivia ,43.4,5,Resolved
TKT-12117,13/11/2025,CUST-745,David Brown, East,Phone,Delivery ,Medium,Emma,37.7,4,Pending
TKT-12118,17/03/2025,CUST-959,Emma Davis,West,Email,Delivery,Low,Michael,95.3,2,Resolved
TKT-12119,20/09/2025,CUST-318,Sophia Anderson,East,Chat,Account,Medium,Michael,91.2,2,Open
TKT-12120,10/07/2025,CUST-100,Anna Smith,North,CHAT,Account,Medium,David,93.6,2,Pending 
TKT-12121,15/05/2025,CUST-885,Sarah Khan,North,Phone,Technical,Medium,EMMA,33.5,,Open
TKT-12122,12/03/2025,CUST-632,Olivia Moore,West,Email,Technical,Low,Emma,91.1,5,Pending
TKT-12123,02/03/2025,CUST-995,Emma Davis,Sth,Email,Delivery ,High,Emma,27.1,4,Pending
TKT-12124,13/03/2025,CUST-232,John Miller,West,Phone ,billing,Medium,Emma,52.2,3,Resolved
TKT-12125,06/12/2025,CUST-347,Michael Wilson,West,Phone ,Billing,Medium,David,73.4,2,Resolved
TKT-12126,13/03/2025,CUST-754,John Miller,North,Phone,Billing,Low,Emma,Unknown,1,Pending
TKT-12127,26/07/2025,CUST-979,James Taylor,Sth,Chat,Delivery ,Medium,Mary,24.7,5,Open
TKT-12128,01/08/2025,CUST-998,Anna Smith,South,Chat,Technical,High,Michael,3.9,5,Pending
TKT-12129,22/12/2025,CUST-878,Michael Wilson,Sth,CHAT,Billing,Low,Sarah,73.9,3,resolved
TKT-12130,13/06/2024,CUST-393,Daniel Thomas,Sth,Email,Delivery,Low,JAMES,49.9,4,Pending
TKT-12131,22/04/2025,CUST-672,Daniel Thomas,South,Chat,Refund,Low,Michael,20.7,2,Pending
TKT-12132,01/04/2025,CUST-107,David Brown,South,Chat,billing,High,James,6.6,2,Resolved
TKT-12133,26/12/2025,CUST-120,Olivia Moore,North,Email,Account,High,Sarah,38.1,3,Resolved
TKT-12134,03/09/2025,CUST-573,Anna Smith,North,Phone,Delivery,Medium,Sarah,12.3,4,Pending
TKT-12135,04/02/2025,CUST-880,Sophia Anderson,East,Email,Billing,Medium,Emma,33.2,,Resolved
TKT-12136,12/09/2025,CUST-815,James Taylor,West,Phone,Delivery,Low,Sarah,48.4,3,Escalated
TKT-12137,06/06/2025,CUST-220,Emma Davis,Sth,Chat,Refund,Low,David ,88.7,3,Resolved
TKT-12138,01/12/2025,CUST-550,Michael Wilson,East,Phone,Billing,Low,David,49.7,3,resolved
TKT-12139,15/08/2025,CUST-627,Daniel Thomas,East,Chat,Refund,High,Emma,77.8,4,Resolved
TKT-12140,12/06/2025,CUST-114,James Taylor,East,Email,Delivery,Low,Olivia,Pending,4,Resolved
TKT-12141,28/04/2025,CUST-760,Emma Davis,North,Phone,Account,Low,Sarah,69.2,1,Escalated
TKT-12142,13/10/2025,CUST-902,Sophia Anderson,North,Email,Billing,High,Emma,50.6,1,Open
TKT-12143,17/12/2025,CUST-790,James Taylor,North,Email,billing,Low,Olivia,30.7,5,Resolved
TKT-12144,08/01/2025,CUST-740,Olivia Moore,East,Phone,Billing,Low,DAVID,95.2,1,Pending
TKT-12145,21/11/2025,CUST-804,Sophia Anderson,West,Chat,Delivery,High,John,69.4,2,Open
TKT-12146,28/01/2025,CUST-549,James Taylor,Noth,Email,Billing,Low,James,85.9,5,Resolved
TKT-12147,15/06/2025,CUST-616,Daniel Thomas,North,Chat,Refund,Medium,Mary,10.5,5,Escalated
TKT-12148,28/08/2025,CUST-424,David Brown,West,Chat,TECHNICAL,Medium,Michael,37.2,2,Pending
TKT-12149,08/11/2025,CUST-974,Michael Wilson,West,Phone,Account,Low,John,38.3,1,Pending
TKT-12150,21/08/2025,CUST-369,James Taylor,North,Email,billing,Medium,,81.0,2,Escalated
TKT-12151,23/11/2025,CUST-982,Sarah Khan,South,Phone,Refund,High,Sarah,73.6,3,Resolved
TKT-12152,03/07/2025,CUST-397,Daniel Thomas,Noth,Phone,Billing,Medium,,27.8,5,Resolved
TKT-12153,22/07/2025,CUST-151,Emma Davis,West,Phone ,Delivery,High,James,27.2,4,Resolved
TKT-12154,15/10/2025,CUST-911,Anna Smith,West,Phone,Technical,Medium,David ,6.7,5,OPEN
TKT-12155,19/01/2025,CUST-456,John Miller,West,Phone ,Refund,Low,Mary,98.8,1,Open
TKT-12156,03/12/2025,CUST-484,Sophia Anderson,South,Chat,billing,High,James,46.8,4,Resolved
TKT-12157,11/05/2025,CUST-368,Anna Smith,East,Chat,Delivery,High,Olivia,73.5,4,Open
TKT-12158,27/06/2025,CUST-168,John Miller,East,CHAT,Technical,Medium,James,4.5,5,Open
TKT-12159,20/09/2025,CUST-364,Olivia Moore,West,Email,Billing,Medium,John ,85.7,2,Open
TKT-12160,04/08/2025,CUST-586,Olivia Moore,South,Chat,Technical,Low,Mary,10.4,1,Pending
TKT-12161,11/09/2025,CUST-896,John Miller,South,Chat,Technical,Low,David,95.3,1,Pending
TKT-12162,26/09/2025,CUST-379,Sarah Khan,North,Chat,Account,High,Michael,33.7,3,Pending
TKT-12163,27/07/2025,CUST-534,Sarah Khan,North,Chat,Delivery,Medium,John,19.0,3,Pending
TKT-12164,26/03/2025,CUST-809,Anna Smith,East,Chat,Account,Medium,John,49.9,3,Open
TKT-12165,27/10/2025,CUST-494,Olivia Moore,East,Phone,TECHNICAL,Medium,Emma ,14.7,3,Pending
TKT-12166,04/10/2025,CUST-761,Olivia Moore,North,email,Technical,High,James,80.4,3,Resolved
TKT-12167,06/11/2025,CUST-682,Emma Davis,Noth,Phone,Account,High,Mary,44.7,,Open
TKT-12168,20/03/2025,CUST-695,John Miller,North,Phone ,Billing,Low,Michael,40.0,3,Pending
TKT-12169,13/09/2025,CUST-309,Anna Smith,North,Email,Refund,Low,Mary,31.5,5,Pending
TKT-12170,27/06/2025,CUST-344,John Miller,South,Phone,Delivery,Low,James,84.5,4,Pending
TKT-12171,21/06/2025,CUST-948,Anna Smith,South,CHAT,Billing,Low,Michael,33.8,3,Pending
TKT-12172,19/11/2025,CUST-624,Sophia Anderson,South,Phone,Refund,Medium,Michael ,7.6,1,Resolved
TKT-12173,07/03/2025,CUST-945,Michael Wilson,Sth,Phone,Billing,Medium,JAMES,81.7,4,Open
TKT-12174,25/03/2025,CUST-195,Olivia Moore,West,Chat,Delivery,Medium,Emma,83.1,1,resolved
TKT-12175,27/12/2025,CUST-895,Anna Smith,East,Phone,Technical,Medium,James,16.4,4,Resolved
TKT-12176,22/12/2025,CUST-891,Olivia Moore,West,Phone,Delivery,Medium,John,60.1,2,Resolved
TKT-12177,05/04/2025,CUST-331,David Brown,Sth,Phone,Account,Medium,Mary,63.2,1,Pending
TKT-12178,08/11/2025,CUST-924,Daniel Thomas,West,Email,Delivery,Low,Mary,Unknown,7,Open
TKT-12179,18/06/2025,CUST-838,Daniel Thomas,East,Phone,Account,Medium,David,73.1,5,Resolved
TKT-12180,08/02/2025,CUST-565,Daniel Thomas,North,Chat,Technical,Medium,,3.6,3,Pending
TKT-12181,28/01/2025,CUST-340,Anna Smith,Noth,Email,Account,Medium,John,9.3,2,OPEN
TKT-12182,14/11/2025,CUST-495,James Taylor,East,Chat,Technical,Medium,Mary,42.0,3,Resolved
TKT-12183,06/02/2025,CUST-128,James Taylor,West,Chat,Billing,Low,JAMES,44.6,2,Pending
TKT-12184,08/04/2025,CUST-934,John Miller,West ,Chat,Technical,Medium,John ,87.5,5,Resolved
TKT-12185,03/08/2025,CUST-382,James Taylor,East,Email,Account,Low,Sarah,16.7,1,Escalated
TKT-12186,05/03/2025,CUST-609,Daniel Thomas,West ,Chat,billing,Low,James,59.6,3,Open
TKT-12187,07/09/2025,CUST-734,Daniel Thomas,West,Chat,Technical,High,David,60.5,5,Open
TKT-12188,06/03/2025,CUST-442,John Miller,Sth,Phone,billing,High,Emma,98.1,3,Resolved
TKT-12189,20/12/2025,CUST-429,John Miller,North,email,Delivery,Low,Sarah,56.3,2,Resolved
TKT-12190,06/08/2026,CUST-329,Sophia Anderson,West,Phone,Delivery,High,Emma,63.6,5,Open
TKT-12191,23/01/2025,CUST-937,James Taylor, East,Phone,Account,High,John ,97.4,,Resolved
TKT-12192,28/03/2025,CUST-613,Sophia Anderson,North,Chat,Technical,Medium,JOHN,Unknown,1,OPEN
TKT-12193,17/04/2025,CUST-306,Michael Wilson,South,Phone,Refund,Medium,David,17.0,5,Pending
TKT-12194,22/06/2025,CUST-751,Anna Smith,West,Email,Technical,High,Michael,85.6,3,Open
TKT-12195,20/12/2025,CUST-469,Sarah Khan,West ,Chat,Delivery,Medium,Olivia,49.9,3,Resolved
TKT-12196,21/10/2025,CUST-174,Anna Smith,West,email,billing,Low,Michael,Pending,5,Resolved
TKT-12197,08/04/2025,CUST-803,David Brown,East,Phone,Technical,Low,Sarah,67.5,4,Open
TKT-12198,08/02/2025,CUST-629,James Taylor,South,Phone,Technical,Medium,Mary,97.1,2,OPEN
TKT-12199,11/08/2025,CUST-901,Michael Wilson,West,Phone,Account,Medium,Mary ,28.4,3,Resolved
TKT-12200,13/03/2025,CUST-872,Sophia Anderson,North,Email,Billing,Medium,Sarah,46.5,1,Resolved
TKT-12201,16/08/2025,CUST-874,James Taylor,Sth,Chat,Technical,Medium,Michael,82.6,1,Resolved
TKT-12202,27/07/2025,CUST-224,Anna Smith,East,Chat,Billing,Medium,Mary,9.9,3,Escalated
TKT-12203,16/10/2025,CUST-741,John Miller,Sth,Chat,Technical,Medium,Mary,96.8,4,Escalated
TKT-12204,06/12/2025,CUST-763,Anna Smith,North,Phone,Refund,Low,Sarah,78.3,3,OPEN
TKT-12205,02/04/2025,CUST-563,Emma Davis,North,Chat,Billing,High,James ,95.5,1,Open
TKT-12206,28/02/2025,CUST-583,Sophia Anderson,Noth,CHAT,Technical,Low,David,65.9,1,Open
TKT-12207,07/02/2025,CUST-670,John Miller,Sth,Chat,Billing,Medium,John,21.0,5,Pending
TKT-12208,26/11/2025,CUST-750,Olivia Moore,East,Phone ,Account,Low,Olivia,11.5,3,Resolved
TKT-12209,20/06/2026,CUST-777,Anna Smith,South,email,Billing,Medium,Olivia,13.6,3,Resolved
TKT-12210,22/05/2025,CUST-751,Daniel Thomas,South,Phone,Account,Low,Emma,86.6,2,resolved
TKT-12211,20/11/2025,CUST-721,Anna Smith,South,Email,Account,Medium,Emma,74.4,4,Resolved
TKT-12212,06/04/2025,CUST-767,Sophia Anderson,Sth,Chat,Delivery,Medium,David,Unknown,4,Resolved
TKT-12213,06/02/2025,CUST-117,Sophia Anderson,West,Phone,Technical,Medium,DAVID,86.3,5,Resolved
TKT-12214,12/08/2025,CUST-565,Emma Davis,Noth,Email,Technical,High,JOHN,29.2,3,Resolved
TKT-12215,21/05/2025,CUST-889,Michael Wilson,South,Phone,Delivery,High,Sarah,59.1,2,Open
TKT-12216,20/05/2025,CUST-536,Daniel Thomas,Noth,email,Delivery,Low,David,1.7,5,Resolved
TKT-12217,17/10/2025,CUST-262,James Taylor,Sth,Phone,TECHNICAL,High,David,59.6,1,Open
TKT-12218,24/05/2025,CUST-848,Michael Wilson,West,Chat,Account,Low,Mary,28.1,1,Resolved
TKT-12219,06/09/2025,CUST-847,Sarah Khan,North,Email,billing,Medium,John ,Pending,5,Open
TKT-12220,12/11/2024,CUST-106,Sophia Anderson,South,Phone,Technical,Low,Sarah,51.8,1,Resolved
TKT-12221,17/03/2025,CUST-518,John Miller,North,Email,Technical,Low,Olivia,75.3,5,Resolved
TKT-12222,11/07/2025,CUST-808,Olivia Moore,South,Phone,Billing,Medium,JOHN,81.5,4,Pending
TKT-12223,04/06/2025,CUST-631,Michael Wilson,West,Email,Delivery,Low,David,Unknown,5,resolved
TKT-12224,13/12/2025,CUST-203,Sarah Khan,West,Chat,Technical,Medium,JAMES,17.3,2,Resolved
TKT-12225,27/07/2025,CUST-550,Sophia Anderson,West,Phone,Technical,Medium,David,10.7,5,Escalated
TKT-12226,07/01/2025,CUST-132,Emma Davis,North,Email,Billing,Medium,Sarah,Unknown,2,Open
TKT-12227,15/08/2025,CUST-576,Olivia Moore,South,Chat,billing,Low,Sarah,93.0,5,Pending
TKT-12228,28/06/2025,CUST-348,David Brown,West ,Chat,Billing,Low,John,99.8,2,Open
TKT-12229,22/06/2025,CUST-874,Emma Davis,West,CHAT,Billing,High,Emma,96.7,1,Pending
TKT-12230,22/05/2025,CUST-457,Sarah Khan,Noth,Phone,Delivery,Medium,Mary,24.7,2,Pending
TKT-12231,27/02/2025,CUST-658,Sarah Khan,North,Phone,Technical,Low,EMMA,74.4,5,Pending
TKT-12232,16/12/2025,CUST-624,Daniel Thomas,East,Chat,Delivery,Medium,John,10.1,2,Resolved
TKT-12233,26/10/2025,CUST-974,Sarah Khan,East,Chat,Billing,Low,Olivia,9.9,3,Escalated
TKT-12234,16/09/2025,CUST-242,Olivia Moore,East,Email,Billing,Low,Emma,71.2,5,Pending
TKT-12235,03/01/2025,CUST-374,David Brown,North,Phone ,Technical,Medium,Michael,9.7,2,Resolved
TKT-12236,26/04/2025,CUST-224,Daniel Thomas,Noth,Phone ,Delivery,High,James,23.2,5,Resolved
TKT-12237,05/03/2025,CUST-299,Olivia Moore,North,Chat,Technical,Medium,Emma,35.2,4,Resolved
TKT-12238,05/05/2025,CUST-849,Sarah Khan,North,Chat,Delivery,Low,David,18.4,3,Open
TKT-12239,01/05/2025,CUST-794,James Taylor,East,Phone,Delivery,Low,Olivia,56.3,1,Pending
TKT-12240,17/09/2025,CUST-742,James Taylor,West,Phone,Refund,Low,DAVID,18.4,4,Open
TKT-12241,26/06/2026,CUST-941,Emma Davis,West,email,Delivery,Medium,Emma,30.9,5,Escalated
TKT-12242,11/12/2026,CUST-563,Sophia Anderson,West,Chat,Technical,Low,Michael,83.8,2,Resolved
TKT-12243,23/06/2025,CUST-418,Emma Davis,West,Chat,Technical,Low,Emma,8.4,4,Resolved
TKT-12244,02/12/2025,CUST-639,Sophia Anderson,West,Phone ,Technical,Low,Michael,Pending,3,Open
TKT-12245,06/10/2025,CUST-108,John Miller,South,Phone,Delivery,High,JAMES,91.4,1,Resolved
TKT-12246,06/05/2025,CUST-327,Emma Davis,East,Chat,Delivery,Low,JAMES,60.9,3,resolved
TKT-12247,05/05/2025,CUST-762,Olivia Moore,North,Phone,Technical,Medium,Michael,42.0,3,Pending
TKT-12248,15/03/2025,CUST-577,Anna Smith,North,Phone,Refund,Medium,James,Unknown,1,Resolved
TKT-12249,21/01/2025,CUST-840,James Taylor,East,Phone ,Billing,Medium,Emma,N/A,3,Resolved
TKT-12250,24/05/2025,CUST-642,Sarah Khan,South,email,Account,High,SARAH,14.5,1,Pending
TKT-12251,11/04/2025,CUST-529,Sophia Anderson,West,Chat,Billing,Low,Olivia,64.7,5,Resolved
TKT-12252,20/02/2025,CUST-133,James Taylor,North,Chat,Account,Low,Sarah,10.2,2,Resolved
TKT-12253,04/10/2025,CUST-721,Michael Wilson,East,Email,Delivery,Medium,David ,Unknown,2,Open
TKT-12254,07/06/2025,CUST-955,David Brown,North,Chat,Delivery,High,John,Pending,5,Resolved
TKT-12255,19/04/2025,CUST-408,John Miller,South,Email,Technical,Low,David,21.2,1,Pending
TKT-12256,22/11/2025,CUST-231,Emma Davis,North,Email,Technical,Low,Michael,79.9,4,Open
TKT-12257,07/04/2025,CUST-925,Michael Wilson,West,Phone ,Technical,Medium,Sarah,15.3,5,Pending
TKT-12258,02/11/2025,CUST-224,Sophia Anderson,East,Phone,billing,High,JAMES,82.2,4,Pending
TKT-12259,14/12/2025,CUST-600,John Miller,North,Chat,billing,Medium,JAMES,72.6,3,Open
TKT-12260,09/08/2025,CUST-312,Michael Wilson,West ,Email,Delivery,Low,James,60.7,2,Escalated
TKT-12261,16/06/2025,CUST-970,Daniel Thomas,South,Email,Technical,Low,James,23.9,2,Open
TKT-12262,23/07/2025,CUST-418,Olivia Moore,West,Chat,Billing,High,MICHAEL,69.1,4,Pending
TKT-12263,05/08/2025,CUST-280,James Taylor,South,Phone,Account,Low,Michael,48.0,4,Resolved
TKT-12264,18/11/2025,CUST-117,Michael Wilson,South,Chat,Refund,Low,Emma,44.1,1,Resolved
TKT-12265,25/01/2025,CUST-784,Emma Davis,East,Email,Billing,High,David,69.5,2,Resolved
TKT-12266,28/02/2025,CUST-204,David Brown,West,Phone,Technical,Low,JAMES,7.9,4,Pending 
TKT-12267,19/01/2025,CUST-971,Olivia Moore,West,Phone,Delivery,Medium,Sarah ,1.2,3,Resolved
TKT-12268,24/06/2025,CUST-156,Daniel Thomas,Sth,Chat,Billing,Low,James,45.8,1,Resolved
TKT-12269,15/06/2025,CUST-695,Emma Davis,South,email,Billing,High,David,44.7,1,OPEN
TKT-12270,15/11/2025,CUST-840,Anna Smith,West,CHAT,Technical,Medium,Olivia ,4.8,1,Open
TKT-12271,09/05/2025,CUST-977,John Miller,East,Phone,Technical,Low,James,N/A,4,Escalated
TKT-12272,01/11/2025,CUST-427,James Taylor,East,Chat,Technical,Medium,Sarah,38.2,1,Open
TKT-12273,09/02/2025,CUST-446,Sarah Khan,North,email,Technical,Medium,Mary ,71.6,1,resolved
TKT-12274,11/12/2025,CUST-572,Michael Wilson,North,Email,Refund,Medium,Olivia,59.4,1,resolved
TKT-12275,26/07/2025,CUST-864,Emma Davis,North,email,Account,High,John,34.6,2,Open
TKT-12276,12/01/2025,CUST-380,John Miller,South,email,Account,Medium,Emma,19.6,4,Resolved
TKT-12277,25/08/2025,CUST-843,Olivia Moore,East,Chat,Billing,High,Michael,6.1,3,Resolved
TKT-12278,20/04/2025,CUST-445,Sarah Khan,North,Email,Delivery,Low,JOHN,86.6,6,Open
TKT-12279,10/02/2025,CUST-713,David Brown,East,email,Refund,Medium,John,77.4,3,Pending
TKT-12280,26/01/2025,CUST-803,David Brown,West,Phone ,Technical,Low,Mary,89.8,5,Resolved
TKT-12281,14/04/2025,CUST-688,Sophia Anderson,West,email,Delivery ,Low,John,67.7,1,Resolved
TKT-12282,04/05/2025,CUST-717,Olivia Moore,North,Email,Delivery,Medium,MARY,93.4,4,Resolved
TKT-12283,19/12/2025,CUST-566,Olivia Moore,West,email,Technical,Medium,John,24.6,7,Open
TKT-12284,04/03/2025,CUST-801,Sarah Khan,East,Email,Billing,Medium,David,17.6,4,Open
TKT-12285,26/03/2025,CUST-620,Olivia Moore,North,Phone ,Delivery,Medium,David ,37.5,4,Open
TKT-12286,13/07/2025,CUST-428,Daniel Thomas,North,Phone,Billing,High,Michael,97.0,4,Resolved
TKT-12287,24/05/2025,CUST-269,Daniel Thomas,South,Chat,Refund,Low,John,63.4,1,Open
TKT-12288,19/01/2025,CUST-124,James Taylor,North,Phone,Delivery,Medium,Michael,41.7,7,resolved
TKT-12289,04/05/2025,CUST-318,Sophia Anderson,South,Email,Delivery,Medium,Sarah,73.9,3,Pending
TKT-12290,14/02/2025,CUST-287,Anna Smith,West,Phone,Delivery,Low,Sarah,85.2,4,Resolved
TKT-12291,14/09/2025,CUST-300,Michael Wilson,North,Chat,Billing,Low,Michael ,68.7,2,Resolved
TKT-12292,09/09/2025,CUST-976,Emma Davis,South,CHAT,Billing,Medium,Olivia,6.8,5,Escalated
TKT-12293,22/06/2025,CUST-683,John Miller,South,Phone,Billing,High,DAVID,62.7,2,Escalated
TKT-12294,19/10/2025,CUST-537,Olivia Moore,West,CHAT,Refund,High,JAMES,14.0,5,Open
TKT-12295,24/06/2025,CUST-202,Michael Wilson,East,Phone,Billing,Low,David,2.2,1,resolved
TKT-12296,18/04/2025,CUST-600,Daniel Thomas,West,Chat,Billing,Low,Mary,Unknown,5,Escalated
TKT-12297,25/08/2025,CUST-786,James Taylor,North,Phone,Account,High,Mary,Unknown,2,Escalated
TKT-12298,16/06/2025,CUST-714,James Taylor,North,Email,Technical,Medium,Michael,97.0,1,Resolved
TKT-12299,01/03/2025,CUST-624,Olivia Moore,North,Phone,Delivery,Low,Mary,5.0,4,Open
TKT-12300,18/12/2025,CUST-286,Daniel Thomas,South,Email,Billing,High,Mary ,54.1,5,Resolved
TKT-12301,09/12/2025,CUST-816,Anna Smith,West,Phone,Technical,Low,James,58.8,3,Open
TKT-12302,18/10/2025,CUST-992,Michael Wilson,West,Chat,Delivery,Low,John,88.8,5,Escalated
TKT-12303,24/10/2025,CUST-651,Sarah Khan,West,Email,Refund,Low,David,35.8,3,Resolved
TKT-12304,18/01/2025,CUST-468,Michael Wilson,East,Phone,Technical,High,James ,47.1,4,Resolved
TKT-12305,09/11/2025,CUST-167,Sarah Khan,South,Chat,Account,Low,John,Pending,0,Resolved
TKT-12306,15/12/2025,CUST-748,Emma Davis,East,Chat,Technical,Low,Michael,51.8,4,Resolved
TKT-12307,18/08/2025,CUST-131,Emma Davis,North,email,Technical,Low,Olivia,52.8,4,Resolved
TKT-12308,03/09/2025,CUST-304,Anna Smith,Noth,Chat,Technical,Low,John,18.3,5,OPEN
TKT-12309,26/02/2025,CUST-632,Emma Davis,Noth,Phone,Account,Low,James,53.8,5,Open
TKT-12310,10/07/2025,CUST-684,Anna Smith,East,Chat,Technical,High,Mary ,93.8,3,Resolved
TKT-12311,04/08/2025,CUST-622,John Miller,North,Phone,Technical,Medium,OLIVIA,70.9,2,Open
TKT-12312,19/12/2025,CUST-885,David Brown,North,CHAT,Delivery,Medium,James,34.2,5,Resolved
TKT-12313,14/01/2025,CUST-571,John Miller,East,Chat,Billing,Medium,JAMES,38.7,1,Pending
TKT-12314,22/02/2025,CUST-380,Michael Wilson,West,email,Account,Medium,James,40.9,4,Open
TKT-12315,19/07/2025,CUST-738,Sarah Khan,Noth,Phone,Delivery,Low,MICHAEL,78.6,2,Escalated
TKT-12316,08/07/2025,CUST-410,David Brown,North,Email,Technical,Low,Mary,28.6,1,Resolved
TKT-12317,12/08/2025,CUST-467,Anna Smith,South,Chat,Delivery,Low,Michael,62.2,0,Pending
TKT-12318,15/08/2025,CUST-100,Olivia Moore,North,CHAT,Refund,Low,Mary,79.0,2,Escalated
TKT-12319,16/01/2026,CUST-646,Emma Davis,East,CHAT,Billing,Medium,Olivia,80.0,1,resolved
TKT-12320,05/05/2025,CUST-283,Daniel Thomas,North,Chat,billing,Low,JAMES,6.7,5,Resolved
TKT-12321,02/03/2025,CUST-712,Sarah Khan,West,Chat,billing,Medium,David,68.9,1,Pending
TKT-12322,27/09/2025,CUST-615,Sarah Khan,East,CHAT,Technical,Medium,David,37.3,2,Resolved
TKT-12323,16/09/2025,CUST-381,Emma Davis,North,CHAT,Billing,Low,Michael,57.7,2,Resolved
TKT-12324,22/05/2025,CUST-517,Sarah Khan,South,Phone ,Delivery,High,James,27.2,2,Open
TKT-12325,23/11/2025,CUST-702,Anna Smith,Noth,Phone,Technical,Low,Emma,Unknown,3,Resolved
TKT-12326,14/12/2025,CUST-823,John Miller,West,Phone ,billing,Medium,Sarah,Pending,5,Pending
TKT-12327,17/04/2025,CUST-125,David Brown,East,email,Delivery ,Low,John,22.3,5,Resolved
TKT-12328,19/11/2025,CUST-185,Daniel Thomas,North,Phone ,Technical,High,Michael,20.3,,Resolved
TKT-12329,07/05/2025,CUST-380,Olivia Moore,South,email,Delivery,Medium,John,36.2,5,Resolved
TKT-12330,13/11/2025,CUST-242,Emma Davis,West,Phone,Delivery ,Low,Olivia,70.5,5,Resolved
TKT-12331,05/11/2025,CUST-361,Michael Wilson,North,email,billing,Medium,James,83.2,2,Pending
TKT-12332,24/10/2025,CUST-262,Daniel Thomas,North,Phone,Delivery,Low,Mary,86.6,3,Resolved
TKT-12333,14/05/2025,CUST-391,Sarah Khan,North,Phone,Account,High,John,44.8,1,Escalated
TKT-12334,15/08/2025,CUST-577,Emma Davis,East,Phone,Delivery ,Medium,Mary,79.3,1,Escalated
TKT-12335,18/11/2025,CUST-266,John Miller,West,Phone ,TECHNICAL,Low,David,N/A,3,Open
TKT-12336,02/05/2025,CUST-293,Sarah Khan,East,email,Delivery,High,Sarah,93.5,5,Escalated
TKT-12337,11/03/2025,CUST-443,Emma Davis,East,Phone,Delivery,Medium,,Pending,3,Resolved
TKT-12338,24/08/2025,CUST-779,David Brown,North,Chat,Account,High,Sarah,17.5,2,Escalated
TKT-12339,23/10/2025,CUST-876,David Brown,North,Phone,billing,High,Olivia,71.2,2,Open
TKT-12340,27/06/2025,CUST-361,Sophia Anderson,South,Chat,billing,Medium,Olivia,97.5,4,Open
TKT-12341,23/08/2025,CUST-244,David Brown,West,Email,Delivery,Low,Sarah,55.4,1,Escalated
TKT-12342,13/01/2025,CUST-390,Olivia Moore,East,Phone,Billing,Low,SARAH,23.6,2,Resolved
TKT-12343,02/01/2025,CUST-593,David Brown,North,email,Delivery,Medium,DAVID,78.4,5,Pending
TKT-12344,22/08/2025,CUST-461,Michael Wilson,North,Email,Account,Low,MARY,14.3,5,Resolved
TKT-12345,13/03/2025,CUST-101,Anna Smith,West,Email,Delivery,High,Emma,79.6,4,Resolved
TKT-12346,19/05/2025,CUST-241,Michael Wilson,West ,Phone ,billing,Low,Sarah,63.6,3,Open
TKT-12347,11/11/2025,CUST-613,Daniel Thomas,South,Email,Delivery,Low,Mary,36.3,4,Resolved
TKT-12348,28/03/2025,CUST-192,Emma Davis,North,Phone,Account,Medium,Sarah,26.7,4,Open
TKT-12349,10/06/2025,CUST-372,Michael Wilson,West,Email,Billing,High,Michael,11.8,,Resolved
TKT-12350,07/06/2025,CUST-571,Emma Davis,West,CHAT,Billing,Low,Emma,70.7,3,Pending
TKT-12351,19/07/2025,CUST-355,Michael Wilson,South,CHAT,Technical,High,Mary,Unknown,2,Resolved
TKT-12352,08/04/2025,CUST-923,Daniel Thomas,East,Phone,Account,Low,David,17.4,5,Open
TKT-12353,04/03/2025,CUST-361,Daniel Thomas,North,Phone,Technical,Low,Mary,24.5,5,Resolved
TKT-12354,17/04/2025,CUST-871,Anna Smith,East,Email,Billing,High,David,36.6,2,Open
TKT-12355,22/04/2025,CUST-171,John Miller,East,Chat,Technical,Medium,James,33.2,1,Pending
TKT-12356,03/05/2025,CUST-344,Olivia Moore,North,Chat,Billing,Low,,24.9,1,Escalated
TKT-12357,09/02/2025,CUST-205,Anna Smith,West,Chat,Delivery ,Medium,Emma,92.8,4,Pending 
TKT-12358,11/11/2025,CUST-676,Sarah Khan,North,email,Refund,High,Olivia,64.8,4,Escalated
TKT-12359,18/12/2025,CUST-512,Olivia Moore,South,Chat,Delivery,Medium,David,25.6,3,Open
TKT-12360,26/06/2025,CUST-651,David Brown,Noth,Phone,Technical,Medium,OLIVIA,45.1,1,OPEN
TKT-12361,14/05/2025,CUST-380,Sophia Anderson,South,Phone,TECHNICAL,Medium,Olivia,91.5,2,Resolved
TKT-12362,27/12/2025,CUST-700,Michael Wilson,South,Chat,Technical,Low,Michael ,91.4,4,Open
TKT-12363,17/09/2025,CUST-244,Anna Smith,West,Phone,Billing,High,Mary,30.8,1,Resolved
TKT-12364,07/08/2025,CUST-331,Sarah Khan,South,Chat,Account,High,David ,89.9,2,OPEN
TKT-12365,08/01/2025,CUST-162,John Miller,South,Chat,Account,Low,James,64.1,2,Resolved
TKT-12366,05/11/2025,CUST-842,Emma Davis,West,Email,Billing,Medium,MARY,29.3,3,OPEN
TKT-12367,17/03/2025,CUST-524,Emma Davis,North,Chat,Delivery,High,Emma,70.7,4,Pending
TKT-12368,23/11/2025,CUST-672,James Taylor,East,Chat,Account,Medium,MICHAEL,43.9,4,Resolved
TKT-12369,26/05/2025,CUST-917,Daniel Thomas,North,Chat,Delivery ,Medium,Sarah,83.2,1,Resolved
TKT-12370,17/07/2025,CUST-721,Olivia Moore,North,Chat,Delivery,Medium,Sarah ,45.9,7,resolved
TKT-12371,23/06/2025,CUST-771,Michael Wilson,Sth,CHAT,Delivery,Medium,Michael,Pending,3,Pending
TKT-12372,26/07/2025,CUST-203,Michael Wilson,East,Chat,billing,Low,Michael,16.2,4,Resolved
TKT-12373,17/09/2025,CUST-615,John Miller,East,Phone,Account,Medium,DAVID,25.2,4,Resolved
TKT-12374,01/05/2025,CUST-768,Emma Davis,Sth,Chat,Billing,Medium,David,N/A,3,Pending
TKT-12375,15/10/2025,CUST-807,Michael Wilson,West,Chat,Delivery ,Low,John,54.6,1,Pending
TKT-12376,02/12/2025,CUST-888,Daniel Thomas,North,Email,Delivery,Medium,Sarah ,39.2,1,Open
TKT-12377,03/05/2025,CUST-963,Emma Davis,Noth,Email,Account,Low,Olivia,6.3,1,Open
TKT-12378,06/08/2025,CUST-266,Sophia Anderson,East,Chat,Account,High,DAVID,25.4,2,Open
TKT-12379,20/03/2025,CUST-590,Emma Davis,South,Email,TECHNICAL,Low,Michael,43.5,0,Pending
TKT-12380,15/05/2025,CUST-563,Emma Davis,West ,Email,Technical,High,Sarah ,2.7,2,Open
TKT-12381,16/05/2025,CUST-890,David Brown,West,Email,Billing,Medium,Emma,84.8,2,Pending
TKT-12382,01/03/2025,CUST-661,David Brown,South,email,Technical,Low,Emma,61.2,3,Resolved
TKT-12383,23/04/2025,CUST-932,Emma Davis, East,Chat,Delivery,Medium,Emma,36.6,2,Resolved
TKT-12384,03/05/2025,CUST-567,Sarah Khan,South,Email,Account,High,James,53.6,1,Resolved
TKT-12385,08/10/2025,CUST-741,David Brown,South,Email,Billing,Medium,Sarah,70.3,5,Open
TKT-12386,11/06/2025,CUST-826,Emma Davis,North,Email,billing,Medium,Michael,81.6,1,Resolved
TKT-12387,18/09/2025,CUST-807,John Miller,North,Phone ,billing,Low,David ,1.3,2,Open
TKT-12388,12/05/2025,CUST-118,David Brown,South,Phone ,billing,High,Olivia,24.7,5,Resolved
TKT-12389,25/11/2025,CUST-121,Emma Davis,West,Phone,Refund,Low,James,11.9,5,Open
TKT-12390,02/11/2025,CUST-474,Anna Smith,South,Phone,Delivery,High,Mary,96.0,3,Resolved
TKT-12391,16/11/2025,CUST-147,Daniel Thomas,East,Chat,Account,Low,James,32.3,1,Resolved
TKT-12392,10/02/2025,CUST-625,Anna Smith,South,Email,Account,Medium,John ,15.6,,Resolved
TKT-12393,05/06/2025,CUST-305,Sophia Anderson,South,Chat,Account,Low,Olivia,96.8,5,Open
TKT-12394,09/10/2025,CUST-329,David Brown,Noth,Phone,Billing,Low,Michael ,25.8,2,Resolved
TKT-12395,19/07/2025,CUST-980,James Taylor,West,Chat,Billing,Low,Mary,99.6,3,Resolved
TKT-12396,18/09/2025,CUST-545,Michael Wilson,South,Phone,Refund,High,Mary ,63.0,1,Open
TKT-12397,13/12/2025,CUST-691,Michael Wilson,South,Phone,Account,High,David,N/A,1,Resolved
TKT-12398,25/01/2025,CUST-345,Olivia Moore,Sth,email,Account,Low,John ,90.3,5,Open
TKT-12399,15/02/2025,CUST-352,Daniel Thomas,South,Phone ,Account,Medium,Mary ,78.6,,Open
TKT-12400,10/09/2025,CUST-644,John Miller,North,Chat,Delivery,High,James,67.9,4,Open
TKT-12401,07/01/2025,CUST-697,John Miller,East,Chat,Technical,Low,Sarah ,9.4,3,Resolved
TKT-12402,19/10/2025,CUST-166,Anna Smith,West,Phone,billing,Medium,Michael,31.6,6,Open
TKT-12403,09/02/2025,CUST-746,Sarah Khan,East,Email,Account,Medium,David,31.4,5,Resolved
TKT-12404,19/06/2025,CUST-448,Sophia Anderson,South,Email,Technical,Low,MICHAEL,33.9,4,Pending
TKT-12405,08/02/2025,CUST-133,Emma Davis,South,CHAT,Technical,Low,Sarah,75.2,4,Open
TKT-12406,25/11/2025,CUST-542,Anna Smith,East,Phone,Delivery,Medium,John,43.1,3,Resolved
TKT-12407,01/06/2025,CUST-994,James Taylor,South,email,Billing,Low,Sarah,58.7,7,Resolved
TKT-12408,18/08/2025,CUST-108,Daniel Thomas,East,Phone ,Delivery,Medium,Sarah,8.7,2,Resolved
TKT-12409,21/06/2025,CUST-448,Sophia Anderson,North,Email,Delivery,Medium,Emma,32.4,2,Pending 
TKT-12410,12/08/2025,CUST-276,Emma Davis,West,Chat,Technical,Medium,James ,65.4,4,Open
TKT-12411,03/04/2025,CUST-592,Daniel Thomas,North,Phone ,Technical,High,John,43.0,5,Open
TKT-12412,03/06/2025,CUST-990,Michael Wilson,West,Email,Technical,Medium,Olivia,77.4,4,Open
TKT-12413,02/06/2025,CUST-126,Anna Smith,West,Chat,Delivery,Medium,Michael,12.1,3,Pending
TKT-12414,10/02/2025,CUST-858,Olivia Moore,West,CHAT,Delivery,Low,MARY,40.1,5,Pending
TKT-12415,16/07/2025,CUST-631,Sophia Anderson,West,Chat,Delivery,Medium,MICHAEL,47.0,,Resolved
TKT-12416,06/01/2025,CUST-695,Daniel Thomas,West,email,Account,High,JOHN,29.0,4,Open
TKT-12417,08/12/2025,CUST-220,Daniel Thomas,South,Phone ,Delivery,Medium,Michael,46.6,1,Open
TKT-12418,25/10/2025,CUST-978,Daniel Thomas,North,Email,Technical,Medium,MICHAEL,Unknown,,Escalated
TKT-12419,14/12/2025,CUST-906,James Taylor,West,Email,Account,High,John,8.0,4,Resolved
TKT-12420,06/06/2025,CUST-885,David Brown,North,Email,Technical,Medium,Michael ,18.1,1,Resolved
TKT-12421,15/03/2025,CUST-869,Emma Davis,North,Phone,Account,Low,Olivia ,11.6,4,Pending
TKT-12422,28/01/2025,CUST-452,John Miller,East,Email,Delivery,Low,Olivia,47.2,4,Open
TKT-12423,04/10/2025,CUST-491,James Taylor,Noth,Chat,Account,Medium,Michael ,70.4,2,Pending 
TKT-12424,16/06/2025,CUST-134,Olivia Moore,South,Email,Billing,Low,JAMES,86.2,4,Open
TKT-12425,27/10/2025,CUST-727,Anna Smith,East,CHAT,Billing,Medium,MICHAEL,N/A,0,Open
TKT-12426,04/06/2025,CUST-789,Olivia Moore,North,Chat,Account,High,David,70.0,4,resolved
TKT-12427,28/02/2025,CUST-854,Emma Davis,North,email,billing,High,JOHN,72.1,5,Resolved
TKT-12428,05/01/2025,CUST-798,John Miller,North,Email,Billing,Low,John,97.1,3,Resolved
TKT-12429,01/09/2025,CUST-458,Olivia Moore, East,Phone ,Account,Medium,Sarah,66.5,4,Pending
TKT-12430,21/07/2025,CUST-647,Daniel Thomas,North,Email,Account,Medium,Emma,21.9,1,Resolved
TKT-12431,05/02/2025,CUST-210,Daniel Thomas,West,Phone,Technical,Medium,Michael,N/A,1,Pending
TKT-12432,25/06/2025,CUST-526,David Brown,South,email,Billing,High,Olivia,62.1,4,Resolved
TKT-12433,01/11/2025,CUST-797,Michael Wilson,East,Phone ,billing,Medium,James,42.1,2,Resolved
TKT-12434,10/08/2025,CUST-721,David Brown, East,Email,Technical,High,John,89.9,1,Open
TKT-12435,05/08/2025,CUST-787,Anna Smith,East,Chat,Account,High,EMMA,63.1,5,Resolved
TKT-12436,26/11/2025,CUST-446,Sophia Anderson,West ,Email,Technical,High,Olivia,73.3,3,Pending
TKT-12437,27/01/2025,CUST-859,John Miller,East,Phone,Billing,Medium,,60.3,2,Resolved
TKT-12438,06/09/2025,CUST-714,Sarah Khan,West,Chat,Technical,High,EMMA,95.1,1,Escalated
TKT-12439,10/06/2025,CUST-521,James Taylor,East,Phone ,Account,Medium,Sarah,72.6,2,resolved
TKT-12440,07/07/2025,CUST-707,Emma Davis,South,Chat,Delivery,Medium,David ,91.4,1,Open
TKT-12441,08/09/2025,CUST-363,Daniel Thomas,East,email,Technical,Low,James ,3.4,1,Resolved
TKT-12442,25/07/2025,CUST-172,Anna Smith,Sth,Phone,Account,High,,25.1,3,Resolved
TKT-12443,06/04/2025,CUST-452,Michael Wilson,West,Email,Refund,Medium,Olivia,62.5,4,Resolved
TKT-12444,25/09/2025,CUST-778,James Taylor,North,Email,Billing,Medium,OLIVIA,10.8,5,Pending
TKT-12445,24/07/2025,CUST-524,Anna Smith,South,Email,Technical,Low,James,28.9,2,Pending
TKT-12446,25/11/2025,CUST-290,Emma Davis,East,Chat,Account,High,James ,71.1,3,Pending
TKT-12447,12/01/2025,CUST-601,Olivia Moore,East,Chat,Billing,Low,Olivia,63.6,3,Resolved
TKT-12448,25/06/2025,CUST-979,Olivia Moore,North,Phone,Account,High,David,10.8,5,Pending
TKT-12449,21/02/2024,CUST-474,James Taylor,West,Email,Technical,Medium,David,96.9,5,Pending
TKT-12450,06/06/2025,CUST-486,James Taylor,Sth,CHAT,Billing,Medium,Michael,84.1,4,Pending
TKT-12451,03/08/2025,CUST-160,Michael Wilson,South,Phone,Technical,Medium,SARAH,16.9,4,Resolved
TKT-12452,28/07/2025,CUST-566,Daniel Thomas,East,Phone,Delivery,Medium,Sarah,11.6,5,Resolved
TKT-12453,27/11/2025,CUST-190,Sarah Khan,East,Chat,Technical,Low,Sarah,97.1,1,Pending
TKT-12454,14/12/2025,CUST-100,John Miller,East,Email,Account,High,James,71.7,2,Pending
TKT-12455,01/02/2025,CUST-924,David Brown,South,Chat,Account,Low,Olivia,77.5,5,Escalated
TKT-12456,27/01/2025,CUST-151,Emma Davis,North,Email,billing,High,James,22.0,5,Pending
TKT-12457,24/08/2025,CUST-311,James Taylor,East,email,TECHNICAL,Low,Emma,Pending,4,Resolved
TKT-12458,24/11/2025,CUST-346,Olivia Moore,West ,Phone ,Delivery ,Low,Emma,86.1,4,Resolved
TKT-12459,17/01/2025,CUST-208,John Miller,North,email,Account,Low,OLIVIA,32.2,5,Escalated
TKT-12460,16/07/2025,CUST-614,John Miller,South,Email,Account,Low,Olivia,19.7,2,Resolved
TKT-12461,11/12/2025,CUST-793,Olivia Moore,West,Chat,Account,Medium,Emma,61.3,2,Resolved
TKT-12462,25/11/2025,CUST-457,Sarah Khan,Sth,Phone,billing,Medium,OLIVIA,15.3,4,Pending
TKT-12463,02/10/2025,CUST-261,David Brown,South,Email,Refund,Medium,Michael,16.9,4,Open
TKT-12464,25/12/2025,CUST-886,Anna Smith,West,Chat,Technical,High,Olivia ,70.7,4,Resolved
TKT-12465,13/08/2025,CUST-495,James Taylor,West,Phone ,Delivery,Low,Sarah ,95.5,1,Resolved
TKT-12466,13/03/2025,CUST-430,James Taylor,North,Email,billing,Medium,Mary,84.1,2,Open
TKT-12467,25/09/2025,CUST-826,James Taylor,West,Chat,Account,Medium,Olivia,26.3,,Open
TKT-12468,19/08/2025,CUST-518,Daniel Thomas,West,Chat,Technical,Low,Emma ,51.0,1,Open
TKT-12469,27/12/2025,CUST-698,Sarah Khan,North,Email,Refund,Medium,David ,Unknown,4,Pending
TKT-12470,20/06/2025,CUST-142,Michael Wilson,North,Phone,Technical,Low,DAVID,90.2,2,Open
TKT-12471,01/08/2025,CUST-375,James Taylor,West,email,Delivery,Medium,Sarah,52.2,,Resolved
TKT-12472,07/05/2025,CUST-657,David Brown,Sth,Phone,Technical,High,James,91.3,5,Open
TKT-12473,09/02/2025,CUST-856,John Miller,North,CHAT,Technical,Low,John,Pending,1,Pending
TKT-12474,17/05/2025,CUST-348,Sarah Khan,West,Chat,Technical,Low,John,29.9,,Escalated
TKT-12475,07/10/2025,CUST-674,David Brown,West,Phone,Account,Medium,MARY,97.2,4,Pending
TKT-12476,28/11/2025,CUST-119,Michael Wilson,West,Chat,Refund,Medium,Emma,38.9,2,Pending
TKT-12477,05/11/2025,CUST-322,John Miller,South,Phone,Refund,Low,Olivia,54.8,4,Pending
TKT-12478,09/08/2025,CUST-418,Sarah Khan,West,Email,Technical,Medium,Mary,64.4,5,Open
TKT-12479,16/04/2025,CUST-360,David Brown,East,Phone ,billing,High,Sarah,Pending,3,Pending
TKT-12480,15/10/2025,CUST-830,James Taylor,South,CHAT,Account,Medium,Mary ,21.0,4,Resolved
TKT-12481,16/02/2025,CUST-367,Daniel Thomas,North,Phone,Delivery,Low,Emma ,19.2,5,Open
TKT-12482,09/11/2025,CUST-241,James Taylor,East,Email,Delivery,Medium,John,16.4,3,Escalated
TKT-12483,27/05/2025,CUST-299,Michael Wilson, East,Chat,Account,Low,David,58.9,1,Resolved
TKT-12484,17/09/2025,CUST-604,Emma Davis,West,Phone ,Delivery,Medium,Mary,64.1,3,Resolved
TKT-12485,06/12/2025,CUST-600,Olivia Moore,East,Phone ,Delivery,Medium,Mary,28.3,5,Escalated
TKT-12486,26/09/2025,CUST-451,John Miller,South,Chat,Delivery,Low,John,4.9,,Pending
TKT-12487,12/05/2025,CUST-631,Daniel Thomas,North,Chat,Technical,Low,James,86.4,4,Resolved
TKT-12488,08/10/2025,CUST-882,Sarah Khan,North,Email,Refund,Low,David ,Unknown,2,Open
TKT-12489,27/06/2025,CUST-617,David Brown,Noth,CHAT,billing,Low,John,Pending,2,Pending 
TKT-12490,12/02/2025,CUST-826,Anna Smith,South,Chat,TECHNICAL,High,JOHN,6.8,5,Resolved
TKT-12491,20/01/2025,CUST-202,John Miller,East,Email,Delivery,Low,Emma,22.7,3,Open
TKT-12492,01/06/2025,CUST-116,Anna Smith,West,Chat,Delivery,Low,John,24.9,3,Open
TKT-12493,20/03/2025,CUST-781,David Brown,West,Email,Technical,Low,James,2.4,1,Open
TKT-12494,08/01/2025,CUST-199,Daniel Thomas,West,Phone,Delivery,Low,Sarah,51.9,1,Pending
TKT-12495,07/04/2025,CUST-344,Sarah Khan,North,Phone,Billing,Medium,James,72.7,2,Open
TKT-12496,27/05/2025,CUST-516,John Miller,North,Chat,Delivery ,Medium,Emma ,34.1,5,Open
TKT-12497,16/08/2025,CUST-834,Michael Wilson,West,email,Technical,High,Emma,29.8,3,Pending
TKT-12498,17/02/2025,CUST-416,Olivia Moore,East,Phone ,Delivery,Medium,Michael,Unknown,1,Pending
TKT-12499,13/05/2025,CUST-606,David Brown,East,Chat,Account,Low,EMMA,58.6,5,Resolved
TKT-12500,04/03/2025,CUST-851,David Brown,East,CHAT,Refund,Medium,Emma,70.6,3,Open
TKT-12501,07/01/2025,CUST-838,Emma Davis,North,Chat,Technical,Low,EMMA,27.9,4,Open
TKT-12502,22/03/2025,CUST-300,Anna Smith,West,Chat,Account,Low,Mary,18.5,1,Open
TKT-12503,20/05/2025,CUST-990,Sarah Khan,East,Phone,Delivery,Low,James,90.6,4,Pending 
TKT-12504,28/11/2025,CUST-986,Sarah Khan,West,Chat,Billing,High,John,67.1,3,Resolved
TKT-12505,23/02/2025,CUST-752,John Miller,South,Email,Delivery,Low,MICHAEL,51.6,,Open
TKT-12506,28/03/2025,CUST-564,David Brown,West,Email,Billing,Medium,Emma,20.3,5,Open
TKT-12507,07/04/2025,CUST-613,James Taylor,East,CHAT,billing,High,Sarah,88.7,1,Pending
TKT-12508,25/08/2025,CUST-931,Emma Davis,South,Phone,Account,Low,JAMES,59.1,4,resolved
TKT-12509,19/04/2025,CUST-492,Sarah Khan,East,Phone,Technical,High,EMMA,27.8,3,Open
TKT-12510,28/03/2025,CUST-991,Olivia Moore,North,Phone,Account,Medium,David,58.4,1,Resolved
TKT-12511,22/07/2025,CUST-885,Michael Wilson, East,Phone,Account,High,MARY,59.2,5,Open
TKT-12512,21/11/2025,CUST-169,David Brown,West ,Chat,Account,Low,MARY,93.1,3,Escalated
TKT-12513,23/02/2025,CUST-246,Olivia Moore,West,Phone,Delivery,Low,Mary ,68.8,,Open
TKT-12514,21/10/2025,CUST-125,John Miller,Sth,Chat,Delivery,Low,Emma,22.5,2,Resolved
TKT-12515,11/10/2025,CUST-269,Olivia Moore,North,CHAT,Delivery,Medium,Sarah,97.9,4,Pending
TKT-12516,06/02/2025,CUST-703,Sarah Khan,North,Email,Technical,Medium,DAVID,15.6,1,Resolved
TKT-12517,17/08/2025,CUST-494,Sarah Khan,North,Email,Technical,Medium,,21.5,1,Resolved
TKT-12518,05/02/2025,CUST-791,Michael Wilson,Noth,Email,Account,Low,Olivia,3.5,5,Resolved
TKT-12519,16/05/2025,CUST-790,Michael Wilson,West,email,billing,Medium,John,73.0,5,Open
TKT-12520,08/10/2025,CUST-186,David Brown,North,Phone,Technical,Medium,Mary,30.3,1,Open
TKT-12521,22/09/2025,CUST-292,David Brown,North,Phone,Delivery,High,Mary,95.3,1,Resolved
TKT-12522,07/05/2025,CUST-666,Anna Smith,West,Chat,Account,Low,James,65.5,1,Pending
TKT-12523,09/03/2025,CUST-857,Sophia Anderson,West,Phone ,Technical,High,OLIVIA,42.9,3,Open
TKT-12524,13/03/2025,CUST-876,Sophia Anderson,East,Phone,billing,High,David,90.4,6,Pending 
TKT-12525,05/04/2025,CUST-365,Olivia Moore,South,Email,Delivery,Medium,,82.5,1,Resolved
TKT-12526,05/12/2025,CUST-756,Emma Davis,North,CHAT,Delivery,Low,Mary,64.1,5,Pending
TKT-12527,22/01/2025,CUST-835,Daniel Thomas,North,email,Account,Medium,James,32.3,2,Open
TKT-12528,09/12/2025,CUST-560,Sarah Khan,Sth,Email,Account,Medium,Michael ,58.0,2,Resolved
TKT-12529,27/04/2025,CUST-339,Emma Davis,East,Phone,Refund,High,Olivia,94.4,1,Open
TKT-12530,09/08/2025,CUST-546,Anna Smith,Noth,Email,Technical,Low,Emma,Pending,2,Open
TKT-12531,23/02/2025,CUST-832,Sophia Anderson,South,Phone,Account,High,EMMA,82.6,4,Resolved
TKT-12532,22/10/2025,CUST-321,David Brown,South,Chat,Technical,Medium,Sarah,39.8,1,Open
TKT-12533,16/03/2025,CUST-816,Anna Smith,South,Email,Refund,Medium,Michael,Pending,2,Open
TKT-12534,05/06/2025,CUST-896,John Miller,West,CHAT,Delivery ,High,Olivia,Pending,1,Open
TKT-12535,22/05/2025,CUST-202,Michael Wilson,West,Phone,Account,Medium,Mary,16.6,3,resolved
TKT-12536,21/02/2025,CUST-790,Daniel Thomas,North,Chat,Billing,Low,David,69.3,4,Open
TKT-12537,07/07/2025,CUST-806,John Miller,East,Phone,Account,Medium,Michael,75.2,4,Escalated
TKT-12538,06/05/2025,CUST-900,Sophia Anderson,North,Chat,Technical,Low,John,1.5,4,Open
TKT-12539,10/08/2025,CUST-513,Daniel Thomas,East,Phone,Technical,Medium,Sarah ,70.0,5,Resolved
TKT-12540,22/04/2025,CUST-107,Sarah Khan,South,Phone,billing,Low,MICHAEL,36.9,5,Open
TKT-12541,02/04/2025,CUST-937,Michael Wilson,South,Phone,TECHNICAL,Medium,David,35.5,1,Resolved
TKT-12542,10/05/2025,CUST-260,Daniel Thomas,South,email,Delivery,High,John ,94.5,2,Open
TKT-12543,23/01/2025,CUST-758,Anna Smith,North,Email,Billing,Medium,JAMES,78.1,2,Pending
TKT-12544,13/06/2025,CUST-921,Anna Smith,North,email,Delivery,Medium,Olivia,Unknown,1,Open
TKT-12545,25/03/2025,CUST-472,Emma Davis,East,Email,Delivery,High,David,26.3,1,Escalated
TKT-12546,14/10/2025,CUST-276,Sophia Anderson,West,Chat,Delivery,Low,Sarah,16.3,2,Open
TKT-12547,19/07/2025,CUST-876,Michael Wilson,East,Phone ,Billing,Low,,27.9,4,Escalated
TKT-12548,03/12/2024,CUST-431,Daniel Thomas,East,Chat,Technical,Medium,Sarah,Unknown,3,Escalated
TKT-12549,19/09/2025,CUST-450,James Taylor,Sth,Chat,Delivery ,Medium,EMMA,64.8,5,Escalated
TKT-12550,26/02/2025,CUST-458,Olivia Moore,North,Phone,Delivery,Low,Emma,28.9,2,Open
TKT-12551,02/03/2025,CUST-719,David Brown,South,Phone,Account,Medium,James,5.2,4,Resolved
TKT-12552,18/09/2025,CUST-572,Emma Davis,Noth,Phone,Delivery,Low,John,91.1,3,resolved
TKT-12553,03/05/2025,CUST-832,Sarah Khan,North,Email,Technical,Medium,James,17.9,4,Resolved
TKT-12554,01/03/2025,CUST-285,James Taylor,North,email,Account,Medium,JOHN,30.9,5,Open
TKT-12555,11/03/2025,CUST-846,Anna Smith,North,email,Account,Low,John,48.8,4,Resolved
TKT-12556,27/06/2025,CUST-398,John Miller,South,Phone,Delivery,Medium,Mary,N/A,1,Open
TKT-12557,20/12/2025,CUST-915,Emma Davis,South,Email,Refund,Medium,John,27.9,2,resolved
TKT-12558,09/08/2025,CUST-151,Anna Smith,East,CHAT,Billing,Medium,James,93.1,2,Resolved
TKT-12559,06/09/2025,CUST-530,Michael Wilson,East,Email,Delivery,High,Emma,52.4,1,Pending
TKT-12560,17/03/2025,CUST-278,David Brown,North,Phone ,Technical,Medium,Mary,7.6,5,Pending
TKT-12561,23/11/2026,CUST-593,Michael Wilson,North,Email,Technical,High,James,86.3,3,Resolved
TKT-12562,24/12/2025,CUST-330,Emma Davis,North,Chat,Technical,High,,5.6,5,Open
TKT-12563,15/04/2025,CUST-312,Sophia Anderson,East,Chat,Billing,Medium,Michael,87.1,3,Pending
TKT-12564,09/02/2025,CUST-253,Olivia Moore,North,email,Delivery,Medium,Sarah,17.9,3,Escalated
TKT-12565,19/07/2025,CUST-630,John Miller,South,CHAT,Delivery,High,Sarah,96.5,1,Resolved
TKT-12566,15/10/2025,CUST-885,James Taylor,East,Phone,Account,Medium,John,68.1,4,Resolved
TKT-12567,22/09/2025,CUST-490,Sophia Anderson,North,Phone,Technical,Low,Emma,N/A,4,Pending
TKT-12568,19/07/2025,CUST-266,Sophia Anderson,South,Chat,Delivery,High,David,30.7,3,Resolved
TKT-12569,04/02/2025,CUST-114,Anna Smith,South,Chat,Delivery,Medium,Mary,98.6,4,Resolved
TKT-12570,12/09/2025,CUST-195,Sarah Khan,South,CHAT,Account,High,David,68.9,3,Open
TKT-12571,04/09/2025,CUST-891,Michael Wilson, East,Phone,Billing,Medium,Emma ,64.1,1,Escalated
TKT-12572,13/06/2025,CUST-387,Emma Davis,South,Phone,Technical,Low,Mary,45.8,1,resolved
TKT-12573,06/07/2025,CUST-718,James Taylor,South,Phone,Technical,Medium,John,30.9,1,Resolved
TKT-12574,11/11/2025,CUST-942,Sarah Khan,East,Chat,billing,Low,,23.4,2,Resolved
TKT-12575,03/01/2025,CUST-114,Emma Davis,Noth,Phone ,Account,Medium,David,67.9,4,Open
TKT-12576,08/04/2025,CUST-250,Anna Smith,West,Email,Technical,Low,James,98.5,4,Escalated
TKT-12577,01/03/2025,CUST-192,Michael Wilson,North,Chat,Refund,Low,James,68.2,4,Pending
TKT-12578,18/05/2025,CUST-410,James Taylor,South,CHAT,Billing,Low,Mary,15.8,1,Open
TKT-12579,25/08/2024,CUST-780,Sarah Khan,South,Chat,billing,High,Olivia,87.4,2,Resolved
TKT-12580,05/01/2025,CUST-219,Daniel Thomas,West,Chat,Billing,Medium,Olivia,22.3,2,Resolved
TKT-12581,25/12/2025,CUST-163,Anna Smith,West ,Chat,Delivery,Medium,David,98.9,,Resolved
TKT-12582,03/06/2025,CUST-987,Olivia Moore,South,Phone,Billing,High,MARY,97.2,5,Resolved
TKT-12583,10/08/2025,CUST-445,James Taylor,South,Phone,Refund,Medium,Mary,N/A,,Escalated
TKT-12584,17/01/2025,CUST-970,Sophia Anderson,North,CHAT,Delivery,Medium,James,41.4,5,Resolved
TKT-12585,22/04/2025,CUST-227,Anna Smith,North,Email,Technical,Medium,Michael,Unknown,3,Pending
TKT-12586,04/11/2025,CUST-284,Michael Wilson,North,CHAT,Account,Low,Emma,3.8,4,resolved
TKT-12587,04/10/2025,CUST-713,Sophia Anderson,East,Email,Billing,Low,David,22.8,1,Resolved
TKT-12588,03/07/2025,CUST-672,Olivia Moore,North,Phone,Billing,Medium,James,Unknown,4,Resolved
TKT-12589,20/03/2025,CUST-809,Sophia Anderson,North,Phone,Delivery ,Low,Olivia,71.1,4,Resolved
TKT-12590,03/10/2025,CUST-319,Michael Wilson,East,Email,Delivery,Medium,Emma ,71.0,1,Resolved
TKT-12591,27/04/2025,CUST-542,Anna Smith,East,Email,Account,High,JAMES,80.0,4,Pending
TKT-12592,01/11/2025,CUST-796,Sarah Khan,South,Phone ,Technical,Medium,Michael,87.8,2,OPEN
TKT-12593,17/03/2025,CUST-549,Olivia Moore,West,Chat,Delivery,High,MICHAEL,92.6,4,Resolved
TKT-12594,21/11/2025,CUST-413,Daniel Thomas,East,Chat,Refund,Medium,Michael,14.8,2,resolved
TKT-12595,12/05/2025,CUST-435,Sarah Khan,Sth,Phone,Refund,Medium,Sarah,86.7,3,Pending
TKT-12596,21/02/2025,CUST-658,Anna Smith,West,Phone,Billing,Low,John ,2.5,2,resolved
TKT-12597,02/02/2025,CUST-366,Daniel Thomas,West ,Email,Technical,Medium,James,80.1,1,Open
TKT-12598,11/01/2025,CUST-752,John Miller,West,email,Refund,Medium,,Pending,3,Open
TKT-12599,13/06/2025,CUST-976,Emma Davis,North,Phone,Billing,Low,Sarah,51.5,1,Pending
TKT-12600,03/07/2025,CUST-530,Sophia Anderson,East,Phone,Account,Low,Michael,71.9,1,Pending
TKT-12601,14/05/2025,CUST-320,Michael Wilson,North,Phone,Account,Low,David,84.2,5,Open
TKT-12602,02/07/2025,CUST-353,Anna Smith,West,email,Billing,Medium,Emma,8.1,1,Pending
TKT-12603,24/01/2025,CUST-960,Daniel Thomas,North,Phone,Technical,Medium,Sarah,Unknown,1,Resolved
TKT-12604,11/06/2025,CUST-910,David Brown,Sth,Phone,billing,Medium,Michael,52.3,2,Pending
TKT-12605,17/11/2025,CUST-227,David Brown,South,Phone,Billing,High,James,94.9,2,Pending
TKT-12606,20/05/2025,CUST-157,Olivia Moore,South,CHAT,Technical,High,Mary,33.1,1,OPEN
TKT-12607,23/12/2025,CUST-725,Sophia Anderson,East,Phone,Technical,Medium,Michael,41.8,5,Open
TKT-12608,28/03/2025,CUST-759,David Brown,West ,CHAT,Refund,Low,MICHAEL,74.8,5,OPEN
TKT-12609,12/06/2025,CUST-500,Emma Davis,West,Phone ,Billing,Medium,Sarah,86.4,3,Resolved
TKT-12610,27/02/2025,CUST-113,Sophia Anderson,East,Chat,Billing,High,Olivia,11.1,2,Open
TKT-12611,02/12/2025,CUST-389,Sarah Khan,South,email,Technical,Medium,,51.5,4,Pending
TKT-12612,19/03/2025,CUST-147,Emma Davis,South,Phone,Delivery ,Medium,John,40.0,,Resolved
TKT-12613,11/10/2025,CUST-462,Michael Wilson,South,Phone ,Delivery,Medium,Olivia,71.8,3,Resolved
TKT-12614,16/05/2025,CUST-464,John Miller,South,Email,Technical,Medium,Mary,93.2,3,Escalated
TKT-12615,28/08/2025,CUST-521,Sarah Khan,North,Chat,Account,High,DAVID,Unknown,2,Resolved
TKT-12616,24/12/2025,CUST-542,Anna Smith,South,Email,billing,High,Sarah,Unknown,1,Pending
TKT-12617,28/11/2025,CUST-351,Anna Smith,South,Chat,Billing,High,James ,N/A,2,Resolved
TKT-12618,10/11/2025,CUST-263,Michael Wilson,Noth,Phone,TECHNICAL,Medium,Michael,40.4,2,Pending 
TKT-12619,28/09/2025,CUST-177,Sophia Anderson,West,Chat,Technical,Medium,OLIVIA,71.1,5,Resolved
TKT-12620,06/01/2025,CUST-392,Emma Davis,West,CHAT,Delivery,Low,Olivia ,55.1,4,Pending
TKT-12621,07/08/2025,CUST-794,David Brown,West,Phone,Delivery ,Low,David,96.9,3,Pending
TKT-12622,25/08/2025,CUST-999,Sarah Khan,South,Email,Billing,Medium,James,57.2,5,Pending
TKT-12623,01/04/2025,CUST-456,David Brown,West,Chat,Refund,High,Mary,13.4,2,Resolved
TKT-12624,05/12/2025,CUST-864,Anna Smith,West,Phone ,Billing,Medium,David,44.3,4,Pending
TKT-12625,14/12/2025,CUST-756,Olivia Moore,North,Phone,Account,High,Mary,42.8,2,Escalated
TKT-12626,02/11/2025,CUST-251,Olivia Moore,East,CHAT,Technical,Low,Emma,84.7,2,Pending
TKT-12627,07/12/2025,CUST-215,Michael Wilson,North,Phone,Account,Medium,Olivia,38.0,1,Pending 
TKT-12628,02/08/2025,CUST-192,Sarah Khan,West,Chat,Billing,Low,John,92.8,2,Resolved
TKT-12629,11/03/2025,CUST-575,Emma Davis,East,email,Technical,High,Olivia,56.0,1,Resolved
TKT-12630,15/04/2025,CUST-349,Sophia Anderson,North,Chat,Technical,Medium,David,31.0,5,Escalated
TKT-12631,28/09/2025,CUST-820,Anna Smith,North,Phone,Account,High,John,77.6,4,Resolved
TKT-12632,08/09/2025,CUST-801,Emma Davis,West,Chat,Technical,High,Sarah,N/A,2,Resolved
TKT-12633,16/12/2025,CUST-386,Sarah Khan,North,Chat,Billing,Medium,John,2.9,3,Open
TKT-12634,05/12/2025,CUST-577,Daniel Thomas,West,Chat,Delivery ,High,Mary ,3.2,4,resolved
TKT-12635,07/04/2025,CUST-488,David Brown,Noth,Chat,Billing,Medium,OLIVIA,90.9,3,Open
TKT-12636,05/02/2025,CUST-966,James Taylor,West,Phone,Billing,Medium,David,33.7,5,Pending
TKT-12637,28/08/2025,CUST-350,Michael Wilson,South,Phone,Technical,High,Michael,93.9,5,Pending
TKT-12638,27/12/2025,CUST-374,John Miller,West,Email,Delivery,Medium,James,22.6,7,resolved
TKT-12639,23/11/2025,CUST-416,David Brown,North,email,Billing,High,James,39.4,,Resolved
TKT-12640,16/04/2025,CUST-281,James Taylor,North,Phone,Billing,Medium,Sarah,85.0,1,Resolved
TKT-12641,12/07/2025,CUST-274,Sophia Anderson,West,CHAT,Billing,Low,MARY,Unknown,3,Resolved
TKT-12642,06/12/2025,CUST-804,Emma Davis,East,email,Technical,Medium,David,10.7,2,Escalated
TKT-12643,26/07/2025,CUST-452,Olivia Moore,South,CHAT,Billing,Medium,,30.0,5,Open
TKT-12644,13/02/2025,CUST-974,Daniel Thomas,Sth,Phone,Account,Medium,Olivia,16.7,1,Pending
TKT-12645,05/06/2025,CUST-865,Michael Wilson,South,Chat,Delivery,High,David,84.2,4,Open
TKT-12646,19/03/2025,CUST-150,Sarah Khan,North,Phone ,Refund,Medium,David,63.3,2,Open
TKT-12647,14/11/2025,CUST-247,James Taylor,North,Phone,Delivery,High,Olivia,97.2,5,Open
TKT-12648,11/03/2025,CUST-175,David Brown,East,Phone ,Account,Medium,OLIVIA,92.3,3,Pending
TKT-12649,28/11/2025,CUST-885,Emma Davis,North,Chat,billing,High,James,51.4,1,Resolved
TKT-12650,22/08/2025,CUST-936,David Brown,South,Phone,Technical,Medium,James,85.6,4,Resolved
TKT-12651,19/01/2025,CUST-163,Anna Smith,West ,Chat,Delivery ,Medium,Mary,14.5,3,Resolved
TKT-12652,24/02/2025,CUST-250,David Brown,South,Email,Technical,Medium,Sarah,75.4,4,Pending
TKT-12653,17/03/2025,CUST-419,Emma Davis,North,Phone ,billing,High,Sarah,26.3,,Open
TKT-12654,11/05/2024,CUST-760,David Brown,East,Phone ,Technical,High,James,78.4,7,Open
TKT-12655,01/06/2025,CUST-214,John Miller,North,CHAT,Refund,Medium,Emma,66.1,1,Pending 
TKT-12656,07/11/2025,CUST-702,Daniel Thomas,Noth,Chat,Refund,Medium,Mary ,Unknown,1,Resolved
TKT-12657,12/11/2025,CUST-800,Sophia Anderson,West,email,Delivery,Medium,Sarah,40.1,4,Resolved
TKT-12658,24/09/2025,CUST-703,James Taylor,North,CHAT,Billing,Medium,John,97.6,2,Pending
TKT-12659,06/04/2026,CUST-832,Sarah Khan,Sth,Phone,Billing,High,John,86.6,2,Resolved
TKT-12660,14/01/2025,CUST-227,James Taylor,North,Phone,Account,Medium,James ,1.3,5,Pending
TKT-12661,20/10/2025,CUST-538,Michael Wilson,East,Chat,Refund,Medium,Michael,56.2,1,Open
TKT-12662,09/06/2025,CUST-489,Olivia Moore,Sth,Email,Account,High,David,91.5,5,Resolved
TKT-12663,18/10/2025,CUST-902,Michael Wilson,West,Chat,Refund,High,John,29.7,4,Resolved
TKT-12664,16/02/2025,CUST-258,Daniel Thomas,East,Email,Account,Low,Olivia,29.7,3,Resolved
TKT-12665,06/12/2025,CUST-656,Olivia Moore,North,Phone ,TECHNICAL,Low,Mary,88.6,1,Resolved
TKT-12666,04/08/2025,CUST-803,Daniel Thomas, East,Chat,Delivery,Low,David,Unknown,5,Resolved
TKT-12667,28/07/2025,CUST-802,Daniel Thomas,North,Chat,Delivery,Low,Mary ,63.5,4,Resolved
TKT-12668,25/01/2025,CUST-928,Olivia Moore,East,Chat,Billing,Low,Sarah,98.1,2,Pending
TKT-12669,10/03/2025,CUST-290,David Brown,South,Email,Technical,Medium,James,14.9,,OPEN
TKT-12670,23/09/2025,CUST-294,David Brown,North,Email,Account,Medium,Michael,53.4,5,Resolved
TKT-12671,08/11/2025,CUST-178,David Brown,East,Chat,Account,Low,James,96.9,3,Resolved
TKT-12672,10/11/2025,CUST-323,Olivia Moore,North,Chat,Delivery,High,Mary,51.0,3,Pending
TKT-12673,27/02/2025,CUST-515,Daniel Thomas,Noth,Chat,Technical,Medium,Olivia,Unknown,2,Open
TKT-12674,11/08/2025,CUST-442,Emma Davis,South,CHAT,Billing,Low,Emma,66.2,3,OPEN
TKT-12675,04/06/2025,CUST-124,James Taylor,West,Phone,Technical,High,John,10.3,0,Open
TKT-12676,08/09/2025,CUST-308,Sarah Khan,South,Chat,Billing,Medium,Emma,22.0,2,Escalated
TKT-12677,27/05/2026,CUST-621,Olivia Moore,West,Phone,Technical,Low,Mary,64.1,2,Open
TKT-12678,03/10/2025,CUST-185,Sarah Khan,West,Chat,Account,Medium,Mary,30.3,1,Resolved
TKT-12679,08/09/2025,CUST-597,Daniel Thomas,Sth,Phone,Delivery,Medium,Sarah ,64.4,3,Resolved
TKT-12680,04/10/2025,CUST-705,John Miller,North,Phone,Delivery,Medium,David,5.7,4,Pending
TKT-12681,24/10/2025,CUST-642,James Taylor,West,Chat,Technical,Medium,James,Pending,2,Open
TKT-12682,11/02/2025,CUST-651,Sarah Khan,South,Chat,Billing,Medium,David,15.8,5,Pending 
TKT-12683,11/06/2025,CUST-486,James Taylor,East,Phone,Billing,High,David,7.9,1,Open
TKT-12684,06/12/2025,CUST-218,Sarah Khan,North,CHAT,Refund,High,Olivia,76.1,4,Pending
TKT-12685,10/05/2025,CUST-738,Daniel Thomas,West ,Email,Account,Medium,Sarah,91.7,4,Resolved
TKT-12686,11/06/2025,CUST-320,Daniel Thomas,Noth,CHAT,Technical,High,David,76.2,2,Pending
TKT-12687,16/01/2025,CUST-819,David Brown,East,Chat,Technical,Medium,James,8.2,4,Open
TKT-12688,08/06/2025,CUST-697,Sarah Khan,West ,Chat,Delivery,Medium,John,61.5,1,Escalated
TKT-12689,11/07/2025,CUST-732,Anna Smith,South,Email,Delivery,Medium,Olivia ,23.4,4,Open
TKT-12690,03/01/2025,CUST-146,Sophia Anderson,South,Chat,Billing,Medium,James,5.5,3,Open
TKT-12691,09/01/2025,CUST-225,Sarah Khan,South,Phone,Technical,High,John,Pending,3,Pending
TKT-12692,19/06/2025,CUST-617,James Taylor,West,Chat,Account,Low,James,35.7,3,Open
TKT-12693,08/12/2025,CUST-278,Michael Wilson,South,CHAT,Delivery,Medium,John,76.1,5,Resolved
TKT-12694,05/06/2025,CUST-539,John Miller,South,email,Delivery,Medium,James,54.2,5,Open
TKT-12695,28/08/2025,CUST-358,John Miller,Noth,email,TECHNICAL,Low,Olivia,37.9,7,Open
TKT-12696,05/01/2025,CUST-812,Michael Wilson,South,Chat,Refund,Medium,David,45.6,4,OPEN
TKT-12697,18/06/2025,CUST-853,Daniel Thomas,West,Email,Delivery,Low,Michael,18.3,3,Resolved
TKT-12698,23/11/2025,CUST-967,Sarah Khan,South,CHAT,Account,High,JOHN,23.6,5,Resolved
TKT-12699,10/10/2025,CUST-207,Emma Davis,North,Chat,billing,Low,,55.3,5,Open
TKT-12700,11/03/2025,CUST-122,Daniel Thomas,North,Phone,Billing,Medium,DAVID,75.4,1,Resolved
TKT-12701,13/10/2025,CUST-863,Anna Smith,Noth,CHAT,Delivery,Medium,JAMES,37.1,2,Resolved
TKT-12702,19/08/2025,CUST-570,Anna Smith,North,Chat,Account,Medium,SARAH,67.8,4,Open
TKT-12703,04/02/2025,CUST-619,David Brown,South,Chat,TECHNICAL,Low,David,86.5,3,Escalated
TKT-12704,22/10/2025,CUST-261,Olivia Moore,East,Email,Technical,Medium,,71.1,2,Resolved
TKT-12705,21/07/2025,CUST-737,David Brown,North,Email,Account,Low,David,63.1,5,Pending
TKT-12706,25/06/2025,CUST-678,Michael Wilson,East,Phone ,Account,Medium,James,66.3,3,Resolved
TKT-12707,14/01/2025,CUST-429,David Brown,East,CHAT,Billing,Medium,Mary,75.3,3,Pending
TKT-12708,12/12/2025,CUST-547,Anna Smith,Sth,Phone,Technical,Medium,Michael,Pending,0,Open
TKT-12709,10/02/2025,CUST-562,Anna Smith,Noth,CHAT,Technical,High,Michael,71.3,4,Resolved
TKT-12710,14/12/2025,CUST-725,David Brown,West,email,Account,Medium,David,Pending,2,OPEN
TKT-12711,03/09/2025,CUST-483,James Taylor,South,Chat,Technical,Low,Sarah,14.2,2,Escalated
TKT-12712,22/07/2025,CUST-496,Michael Wilson,West,Chat,Delivery,Medium,Olivia,27.3,1,Resolved
TKT-12713,01/08/2025,CUST-473,Sarah Khan,East,Email,Technical,Low,Sarah,13.5,7,Pending
TKT-12714,11/06/2025,CUST-151,Sarah Khan,West,Phone,Delivery,Medium,Emma ,33.6,2,Escalated
TKT-12715,19/06/2025,CUST-130,Michael Wilson,South,email,Account,High,James,20.1,2,Escalated
TKT-12716,22/05/2025,CUST-119,Anna Smith,South,Chat,Account,Medium,James,80.9,,Pending
TKT-12717,08/06/2025,CUST-722,Sophia Anderson, East,email,Technical,Medium,Michael,20.6,5,OPEN
TKT-12718,13/08/2025,CUST-916,Sarah Khan,East,Phone ,Technical,Medium,James,96.9,5,Escalated
TKT-12719,01/09/2025,CUST-297,Emma Davis,South,Chat,Account,Low,Michael,40.1,,Resolved
TKT-12720,04/12/2025,CUST-928,Sophia Anderson,West,Email,Billing,High,Mary,72.0,5,Pending
TKT-12721,02/06/2025,CUST-427,Anna Smith,West ,Chat,Account,Low,James,98.1,1,Resolved
TKT-12722,12/05/2025,CUST-992,David Brown,East,Email,Billing,Medium,Michael,86.8,2,OPEN
TKT-12723,09/04/2025,CUST-253,Emma Davis,South,Email,billing,Low,James,98.8,2,Pending
TKT-12724,14/08/2025,CUST-891,Sarah Khan,North,Phone ,Billing,High,Olivia,89.9,,Open
TKT-12725,06/07/2025,CUST-629,James Taylor,North,Chat,Delivery,Medium,John,47.7,3,Open
TKT-12726,19/02/2025,CUST-182,Anna Smith,South,Chat,Account,Medium,James,42.1,2,Resolved
TKT-12727,19/01/2025,CUST-569,Daniel Thomas,East,Phone ,Delivery ,Medium,Olivia,100.0,1,Resolved
TKT-12728,23/04/2025,CUST-431,Sophia Anderson,South,Email,Account,Low,,46.6,3,Resolved
TKT-12729,01/07/2025,CUST-903,Daniel Thomas,North,Phone,Technical,Low,John,44.3,2,resolved
TKT-12730,24/09/2025,CUST-244,Michael Wilson,Sth,Phone ,Account,Low,,93.0,,OPEN
TKT-12731,25/03/2025,CUST-592,Olivia Moore,South,Phone ,Account,Medium,John ,41.8,1,Resolved
TKT-12732,26/02/2025,CUST-847,Daniel Thomas,West,email,Technical,Medium,Michael,46.4,2,Pending
TKT-12733,10/01/2025,CUST-539,Anna Smith,South,Email,Technical,Medium,Mary,29.9,1,Resolved
TKT-12734,24/04/2025,CUST-478,Daniel Thomas,South,Phone ,Technical,Medium,Emma,4.5,5,Resolved
TKT-12735,11/08/2025,CUST-910,Sarah Khan,East,Phone,Billing,Low,Mary,30.4,3,Resolved
TKT-12736,04/11/2025,CUST-248,Michael Wilson,West,Phone,Technical,High,John,54.2,2,Escalated
TKT-12737,07/04/2025,CUST-358,Sophia Anderson,North,Phone ,Billing,Medium,Michael,34.6,1,Escalated
TKT-12738,03/11/2025,CUST-989,Daniel Thomas,West,Phone ,Refund,Medium,David,4.3,,Resolved
TKT-12739,10/07/2025,CUST-852,Emma Davis,West ,Chat,Billing,Medium,Olivia,35.4,1,Resolved
TKT-12740,20/10/2025,CUST-995,John Miller,West,Chat,Technical,Medium,OLIVIA,7.7,3,Resolved
TKT-12741,26/12/2025,CUST-773,Daniel Thomas,East,Chat,Delivery,Medium,James,35.7,,Open
TKT-12742,25/10/2025,CUST-558,James Taylor,North,Email,TECHNICAL,Medium,DAVID,20.9,4,Pending
TKT-12743,15/02/2025,CUST-755,James Taylor,West,Email,Account,Low,Sarah,89.6,2,Pending
TKT-12744,24/04/2025,CUST-207,Anna Smith, East,Chat,Delivery,Medium,Sarah,14.2,3,resolved
TKT-12745,02/06/2026,CUST-657,Anna Smith,North,Phone,Refund,Medium,John,38.0,4,Escalated
TKT-12746,08/09/2025,CUST-143,Emma Davis,West,Chat,Technical,Medium,Sarah,33.0,3,Escalated
TKT-12747,21/05/2025,CUST-152,Anna Smith,East,CHAT,Account,High,Mary,72.7,5,OPEN
TKT-12748,14/07/2025,CUST-916,Anna Smith,East,email,billing,Low,MICHAEL,86.8,4,Resolved
TKT-12749,21/02/2025,CUST-663,Emma Davis,West,Email,Billing,Low,James,57.4,4,Resolved
TKT-12750,24/02/2025,CUST-513,David Brown,South,Chat,Billing,Low,MICHAEL,58.6,1,Open
TKT-12751,28/07/2025,CUST-673,Sophia Anderson,West,Chat,Billing,High,Sarah ,79.1,2,Open
TKT-12752,06/01/2025,CUST-536,Daniel Thomas, East,Email,Account,Medium,Olivia,7.2,5,Open
TKT-12753,13/11/2025,CUST-366,Anna Smith,East,Email,Billing,Low,,48.1,,Resolved
TKT-12754,01/02/2025,CUST-820,Sarah Khan,West,Chat,Delivery,High,Emma ,66.6,2,resolved
TKT-12755,17/11/2025,CUST-573,James Taylor,West,Phone,Delivery,Medium,Mary,63.6,4,Resolved
TKT-12756,19/09/2025,CUST-355,David Brown,Noth,CHAT,Account,High,James,Unknown,1,Resolved
TKT-12757,28/01/2025,CUST-248,Sarah Khan,South,Chat,Delivery,High,Sarah,Pending,,Resolved
TKT-12758,06/07/2025,CUST-211,Emma Davis,South,Chat,Refund,Medium,Olivia,46.4,4,Resolved
TKT-12759,28/11/2025,CUST-368,Daniel Thomas,East,email,Delivery,High,David,N/A,2,Pending
TKT-12760,10/02/2025,CUST-857,Sarah Khan,East,Chat,Account,High,James,82.1,3,Resolved
TKT-12761,18/01/2025,CUST-274,Sarah Khan,East,Phone,Delivery,Low,James,71.1,5,Resolved
TKT-12762,28/05/2025,CUST-367,John Miller,North,Phone ,Technical,High,Sarah,23.0,5,Resolved
TKT-12763,28/12/2025,CUST-319,Michael Wilson,West,Phone,Billing,Low,Emma,41.3,2,Open
TKT-12764,06/10/2025,CUST-588,Emma Davis,South,Email,Delivery,Medium,Michael,Pending,5,Resolved
TKT-12765,22/09/2025,CUST-686,Sarah Khan,West,Chat,Billing,Medium,Mary,56.0,4,Resolved
TKT-12766,05/08/2025,CUST-931,Emma Davis, East,Email,Delivery,High,Olivia,61.6,2,Pending
TKT-12767,17/05/2025,CUST-523,David Brown,Noth,Phone,Delivery,Medium,Sarah,7.0,5,Escalated
TKT-12768,04/04/2025,CUST-153,Olivia Moore,East,Phone,Billing,High,John,17.4,1,Resolved
TKT-12769,27/11/2025,CUST-536,Daniel Thomas,East,Chat,Billing,Low,Michael,6.4,5,Pending
TKT-12770,19/07/2024,CUST-421,Anna Smith,West,CHAT,Account,Low,OLIVIA,Unknown,1,Open
TKT-12771,14/06/2025,CUST-255,Olivia Moore,East,Phone,Technical,Low,John,39.7,3,Pending
TKT-12772,23/04/2025,CUST-556,Anna Smith,Noth,email,Account,High,Michael,42.6,3,Open
TKT-12773,23/05/2025,CUST-924,Emma Davis,East,Email,Account,Medium,,59.3,5,Open
TKT-12774,14/06/2025,CUST-457,Emma Davis,East,Phone,Delivery,Low,Emma,58.6,4,Open
TKT-12775,12/06/2025,CUST-359,Anna Smith,North,email,Technical,Low,Emma,93.1,1,Resolved
TKT-12776,26/11/2025,CUST-774,James Taylor,Sth,Phone,Billing,High,JAMES,Pending,5,Resolved
TKT-12777,11/06/2025,CUST-984,Sarah Khan,West,Phone,Technical,High,James,98.9,1,Escalated
TKT-12778,28/08/2025,CUST-171,Olivia Moore,South,Phone,Delivery,Low,John,83.8,1,Pending
TKT-12779,27/06/2025,CUST-822,Olivia Moore,South,Chat,Technical,Medium,David,84.9,5,Resolved
TKT-12780,26/03/2025,CUST-625,David Brown,North,Email,Delivery ,High,MARY,66.0,1,resolved
TKT-12781,04/02/2025,CUST-155,David Brown,South,Phone,Account,High,SARAH,86.9,1,Resolved
TKT-12782,26/04/2025,CUST-899,Sarah Khan,East,Phone,Account,Low,Olivia,17.0,4,Pending
TKT-12783,25/02/2025,CUST-807,John Miller,South,Email,Refund,Low,Mary,82.1,1,Resolved
TKT-12784,13/04/2025,CUST-953,Daniel Thomas,East,CHAT,Delivery,High,Mary,89.5,3,Pending
TKT-12785,18/12/2025,CUST-224,Anna Smith,South,Email,Technical,Low,Emma,N/A,3,Resolved
TKT-12786,17/11/2025,CUST-412,David Brown,South,Email,Billing,Medium,Michael,N/A,5,Resolved
TKT-12787,07/09/2025,CUST-102,Sarah Khan,South,Email,Billing,Low,Olivia,43.3,3,Resolved
TKT-12788,03/08/2025,CUST-804,Emma Davis,West,CHAT,Technical,Low,OLIVIA,70.3,3,Open
TKT-12789,19/12/2025,CUST-400,Sarah Khan,North,Email,Account,Low,JOHN,92.8,1,Pending
TKT-12790,13/04/2025,CUST-502,David Brown,West ,Chat,Account,Medium,Mary,48.7,3,Open
TKT-12791,23/03/2025,CUST-580,John Miller,North,Phone ,Refund,Low,Michael,24.1,5,Pending
TKT-12792,11/07/2025,CUST-379,David Brown,Sth,Phone,Account,High,Olivia ,N/A,4,Resolved
TKT-12793,10/03/2024,CUST-686,Olivia Moore,West ,CHAT,Delivery,Low,Mary,64.2,,Pending
TKT-12794,11/11/2025,CUST-176,Sarah Khan,West,Email,Delivery,Medium,Olivia,32.4,5,Escalated
TKT-12795,12/06/2026,CUST-216,Anna Smith,Sth,Phone,Account,High,Michael,39.2,2,Resolved
TKT-12796,22/07/2025,CUST-528,Anna Smith,North,Phone ,Technical,Low,Michael,Pending,3,Pending
TKT-12797,16/11/2025,CUST-538,Anna Smith,East,Phone,Technical,High,JOHN,14.2,3,Open
TKT-12798,20/12/2025,CUST-251,Sarah Khan,Sth,Phone,Account,High,Sarah,9.5,5,OPEN
TKT-12799,28/11/2025,CUST-142,Daniel Thomas,West,email,Account,Medium,Mary,89.8,2,Resolved
TKT-12800,23/12/2025,CUST-217,David Brown,North,Email,Billing,Medium,Sarah,92.7,3,Pending
TKT-12801,18/02/2025,CUST-879,Sophia Anderson,West,Email,billing,Medium,Michael,Unknown,4,Open
TKT-12802,18/02/2025,CUST-745,Michael Wilson,West,Chat,Delivery,High,David,32.9,3,Pending
TKT-12803,17/07/2025,CUST-228,Sarah Khan,South,Chat,billing,Medium,John,87.7,5,Resolved
TKT-12804,27/09/2025,CUST-502,Sophia Anderson,East,Chat,Delivery ,Medium,Olivia,Unknown,2,Pending
TKT-12805,24/06/2025,CUST-470,Anna Smith,North,email,Refund,Low,James,Unknown,5,Pending
TKT-12806,06/07/2025,CUST-481,Sophia Anderson,West,email,Account,Medium,EMMA,13.2,3,Resolved
TKT-12807,14/08/2025,CUST-908,David Brown,East,CHAT,Refund,Low,Michael ,1.9,1,Open
TKT-12808,14/09/2025,CUST-844,Daniel Thomas,South,Email,Billing,Medium,James,59.3,3,Resolved
TKT-12809,12/04/2025,CUST-375,Sophia Anderson,West,Phone,Account,Low,Mary,36.4,5,Pending
TKT-12810,10/09/2025,CUST-994,James Taylor,East,Email,Delivery ,Medium,Michael,76.7,1,Resolved
TKT-12811,15/12/2025,CUST-145,Anna Smith,West,CHAT,Account,Medium,Sarah,68.6,4,Resolved
TKT-12812,10/11/2025,CUST-614,Anna Smith,North,Email,Delivery,Low,James,36.4,3,Resolved
TKT-12813,27/11/2025,CUST-695,John Miller,Sth,Email,Technical,Low,Olivia,8.6,5,Resolved
TKT-12814,18/06/2025,CUST-527,Daniel Thomas,West,Phone,Account,High,James,Pending,2,Pending
TKT-12815,27/11/2025,CUST-512,David Brown,North,Chat,Account,Medium,John,24.4,5,Resolved
TKT-12816,19/05/2025,CUST-498,John Miller,North,Phone,Technical,Medium,John,45.7,1,resolved
TKT-12817,05/12/2025,CUST-316,Michael Wilson,South,Chat,Technical,Medium,SARAH,82.9,3,Resolved
TKT-12818,21/08/2025,CUST-267,Anna Smith,Noth,Phone,Delivery ,Medium,James,89.6,5,Resolved
TKT-12819,11/02/2025,CUST-662,Daniel Thomas,North,Chat,Delivery,Medium,Mary,34.2,1,Resolved
TKT-12820,28/05/2025,CUST-114,Emma Davis,East,Phone,Refund,Low,Sarah ,41.7,4,Pending
TKT-12821,09/05/2025,CUST-558,David Brown,North,Chat,Account,High,Michael,16.0,1,Escalated
TKT-12822,24/12/2025,CUST-182,Olivia Moore,West,Phone,Billing,Low,Michael,51.9,3,Escalated
TKT-12823,08/08/2025,CUST-105,Emma Davis,South,Chat,Delivery,Low,Michael,68.0,1,Resolved
TKT-12824,01/11/2025,CUST-825,James Taylor,West,Email,Technical,Medium,Sarah,38.9,5,Open
TKT-12825,25/08/2025,CUST-549,James Taylor,North,email,billing,Low,MICHAEL,27.9,1,Pending
TKT-12826,14/02/2025,CUST-254,Olivia Moore,South,Email,Technical,Medium,Michael,7.3,3,Escalated
TKT-12827,01/03/2025,CUST-687,Anna Smith,East,Phone,Delivery,Medium,Sarah,34.6,3,Resolved
TKT-12828,15/11/2025,CUST-147,Sarah Khan,West,Email,Billing,Medium,Sarah,Pending,,Escalated
TKT-12829,09/06/2025,CUST-289,Sophia Anderson,North,email,Technical,High,,87.5,3,Open
TKT-12830,22/08/2025,CUST-438,Olivia Moore,East,email,Account,Medium,James ,60.3,4,Resolved
TKT-12831,01/05/2025,CUST-920,David Brown,South,Email,Delivery,High,John,14.5,2,Open
TKT-12832,04/07/2025,CUST-671,Michael Wilson,East,Phone,Technical,Medium,James,7.9,,Resolved
TKT-12833,28/03/2025,CUST-814,Anna Smith,West,Phone ,Billing,Medium,Michael,87.7,1,Pending
TKT-12834,26/07/2025,CUST-335,Sarah Khan,East,Phone,Account,Medium,John,84.1,1,Escalated
TKT-12835,27/03/2025,CUST-536,Anna Smith,West ,email,Account,Medium,Emma,56.4,1,Open
TKT-12836,17/03/2025,CUST-783,Sophia Anderson,South,Phone,Account,Medium,John,35.7,1,Escalated
TKT-12837,08/07/2025,CUST-755,Michael Wilson,North,Chat,Account,Low,Michael,73.3,,Resolved
TKT-12838,05/10/2025,CUST-202,David Brown,East,Email,Delivery,High,Sarah,8.3,5,Escalated
TKT-12839,11/03/2025,CUST-292,Sarah Khan,West,Phone,Account,Low,David,26.1,4,Resolved
TKT-12840,24/12/2025,CUST-496,Olivia Moore,West,Email,Billing,Low,John,46.1,5,Resolved
TKT-12841,17/10/2026,CUST-347,Michael Wilson,South,Phone ,Delivery ,Medium,Olivia ,51.4,3,Pending
TKT-12842,11/07/2025,CUST-513,Emma Davis,South,email,Account,Low,Mary,Unknown,1,Pending 
TKT-12843,06/10/2025,CUST-866,David Brown,East,Phone ,Account,Medium,John,69.2,4,Open
TKT-12844,28/09/2025,CUST-590,David Brown,South,Email,Refund,Medium,David,57.9,1,Open
TKT-12845,25/06/2025,CUST-929,David Brown,West,Chat,Delivery,Medium,John,16.2,5,Pending 
TKT-12846,26/03/2025,CUST-220,Sarah Khan,Noth,Chat,Refund,Low,John,34.2,1,Pending
TKT-12847,01/07/2025,CUST-339,Olivia Moore,West,Phone ,Technical,Medium,Sarah,51.5,2,Resolved
TKT-12848,21/02/2025,CUST-528,James Taylor,North,Chat,Delivery,Medium,JAMES,85.8,4,Resolved
TKT-12849,28/06/2025,CUST-549,Michael Wilson,East,Chat,Billing,Medium,Sarah,99.5,3,Resolved
TKT-12850,19/03/2025,CUST-308,David Brown,East,Email,Account,Low,JAMES,33.8,4,Resolved
TKT-12851,16/05/2025,CUST-431,Daniel Thomas,South,Chat,Technical,High,Michael,69.4,4,Open
TKT-12852,08/07/2025,CUST-377,David Brown,East,email,Delivery,Low,SARAH,8.2,5,Open
TKT-12853,21/04/2025,CUST-817,Michael Wilson,South,Phone ,Account,Low,Mary,Unknown,3,Resolved
TKT-12854,23/06/2025,CUST-873,Anna Smith,South,CHAT,billing,High,Emma,22.8,5,Open
TKT-12855,17/11/2025,CUST-114,Sarah Khan,South,Email,Delivery,Medium,Emma,23.9,5,Resolved
TKT-12856,02/06/2025,CUST-610,Emma Davis,East,email,Delivery,High,Mary,56.1,3,Open
TKT-12857,09/09/2025,CUST-922,Olivia Moore,East,Email,Account,Medium,Michael,17.0,3,Resolved
TKT-12858,28/08/2025,CUST-369,Emma Davis,East,Chat,Technical,Medium,John,22.8,3,Resolved
TKT-12859,18/09/2025,CUST-695,David Brown,South,Phone,Refund,Low,JOHN,85.4,1,Resolved
TKT-12860,18/04/2025,CUST-247,John Miller,East,Chat,Billing,Medium,James,Pending,1,Resolved
TKT-12861,07/05/2025,CUST-783,Michael Wilson,North,Chat,Delivery,Medium,John,77.3,,Open
TKT-12862,20/10/2025,CUST-291,Sophia Anderson,West,Email,Billing,High,Michael,34.1,5,Escalated
TKT-12863,10/12/2025,CUST-702,John Miller,North,Chat,Account,Medium,JOHN,34.4,4,Open
TKT-12864,07/08/2025,CUST-122,Daniel Thomas,North,Phone,Account,Medium,MICHAEL,57.9,5,resolved
TKT-12865,04/04/2025,CUST-913,Michael Wilson,North,CHAT,Delivery,Medium,Olivia,93.0,4,Resolved
TKT-12866,27/05/2025,CUST-601,Olivia Moore,North,email,Billing,Low,Olivia,95.3,5,Resolved
TKT-12867,05/05/2025,CUST-670,David Brown,West,Phone,Account,Low,Emma,N/A,4,Resolved
TKT-12868,05/08/2025,CUST-132,Michael Wilson,West,Phone,TECHNICAL,Medium,John,82.1,4,Resolved
TKT-12869,16/04/2025,CUST-187,Daniel Thomas,North,email,Refund,Low,Mary,65.4,4,Pending
TKT-12870,28/05/2025,CUST-571,Daniel Thomas,Noth,Phone ,Delivery,High,John,65.7,1,Open
TKT-12871,20/09/2025,CUST-981,Daniel Thomas,West,Chat,Billing,Medium,Michael,27.6,3,Resolved
TKT-12872,04/11/2025,CUST-183,Olivia Moore,West,CHAT,Billing,Low,James,88.9,3,Resolved
TKT-12873,02/03/2025,CUST-445,Anna Smith,West,Email,Technical,Medium,Olivia,N/A,3,Pending
TKT-12874,14/05/2025,CUST-846,Emma Davis,North,Chat,Account,Medium,John,83.6,4,Escalated
TKT-12875,17/07/2025,CUST-727,John Miller,West,Email,Account,Medium,James,30.1,2,Escalated
TKT-12876,14/02/2025,CUST-576,Sarah Khan,South,Email,Technical,Medium,James,85.2,2,Open
TKT-12877,22/02/2025,CUST-757,John Miller,North,Chat,Billing,Medium,Olivia,94.2,1,resolved
TKT-12878,23/10/2025,CUST-345,Emma Davis,West,Phone,Account,Low,Olivia,24.3,4,resolved
TKT-12879,11/06/2025,CUST-260,Olivia Moore,Sth,Email,Technical,Medium,Olivia,96.7,5,Resolved
TKT-12880,16/11/2025,CUST-428,Olivia Moore,South,Email,Billing,Low,Olivia,33.4,4,Pending
TKT-12881,23/12/2025,CUST-981,Daniel Thomas,North,email,Billing,Low,John,12.7,3,Pending
TKT-12882,12/10/2025,CUST-577,Anna Smith,South,Phone ,Technical,Low,James,15.3,1,Escalated
TKT-12883,21/08/2025,CUST-503,Michael Wilson,West,CHAT,Account,Low,MICHAEL,7.6,4,Resolved
TKT-12884,07/07/2025,CUST-900,David Brown,West,Phone,Account,High,Mary,68.1,5,Resolved
TKT-12885,22/03/2025,CUST-898,David Brown,Sth,Email,Delivery,Medium,Sarah,82.5,4,Open
TKT-12886,27/07/2025,CUST-279,James Taylor,North,email,Billing,Medium,James ,98.0,2,Pending
TKT-12887,04/02/2025,CUST-607,Michael Wilson,East,Chat,Billing,Medium,James,16.4,3,Resolved
TKT-12888,15/07/2025,CUST-905,David Brown,North,Phone,Billing,Medium,Sarah,54.1,3,Resolved
TKT-12889,20/10/2025,CUST-258,John Miller,South,Chat,Billing,Low,David,73.4,1,Resolved
TKT-12890,09/09/2025,CUST-117,Anna Smith,West,Email,Account,Low,Mary,38.3,4,Pending
TKT-12891,18/10/2025,CUST-572,Emma Davis,East,Phone ,billing,Medium,Mary,50.9,,Pending
TKT-12892,15/03/2025,CUST-856,Olivia Moore,West,email,Account,Low,Olivia,31.5,3,Resolved
TKT-12893,19/01/2025,CUST-182,James Taylor,South,Phone ,Refund,Medium,John ,37.4,4,Pending
TKT-12894,08/08/2025,CUST-169,Michael Wilson,North,Phone,Technical,Medium,Mary ,61.4,1,Resolved
TKT-12895,25/05/2025,CUST-874,James Taylor,South,Phone,Delivery,Medium,Mary,92.6,5,Resolved
TKT-12896,19/10/2025,CUST-168,Emma Davis,West ,Chat,Delivery ,Low,JOHN,82.4,3,Open
TKT-12897,27/08/2025,CUST-223,Sarah Khan,West,email,Billing,Low,DAVID,49.0,4,Open
TKT-12898,15/06/2026,CUST-529,Anna Smith,Sth,Chat,Refund,Low,Sarah,47.5,1,Open
TKT-12899,27/03/2025,CUST-285,John Miller,North,Email,Delivery,Low,EMMA,30.5,4,Open
TKT-12900,05/11/2025,CUST-199,David Brown,North,Phone,Delivery,Low,James ,58.1,2,Resolved
TKT-12901,09/11/2025,CUST-453,James Taylor,East,Phone,billing,Low,Sarah,24.5,3,Pending
TKT-12902,04/02/2025,CUST-229,James Taylor,South,Phone ,Billing,Low,Mary,23.5,4,Escalated
TKT-12903,28/05/2025,CUST-560,Emma Davis,West,Email,Account,High,Emma ,47.6,2,Pending
TKT-12904,24/01/2025,CUST-958,James Taylor,North,Chat,Refund,Medium,Mary,98.3,2,Open
TKT-12905,05/12/2025,CUST-666,Daniel Thomas,North,Chat,Billing,Low,Olivia,98.9,2,Open
TKT-12906,11/08/2025,CUST-847,David Brown,East,CHAT,Account,High,Michael,28.5,3,Pending
TKT-12907,04/02/2025,CUST-343,Sarah Khan,East,Phone,Billing,Medium,David,99.0,1,Escalated
TKT-12908,03/06/2025,CUST-597,Sarah Khan,West ,Chat,billing,Low,David,77.1,4,Resolved
TKT-12909,26/02/2025,CUST-326,Olivia Moore,East,Phone,Technical,Low,John,61.0,3,Resolved
TKT-12910,21/08/2025,CUST-150,David Brown,Sth,Chat,Account,Medium,,72.8,3,Pending
TKT-12911,05/04/2025,CUST-479,Michael Wilson,North,Email,Delivery,Low,John,Unknown,1,Resolved
TKT-12912,22/04/2025,CUST-637,Sophia Anderson,North,Chat,Refund,High,John,78.0,2,Pending
TKT-12913,09/04/2025,CUST-295,Sophia Anderson,East,Email,Account,Low,DAVID,52.3,3,Pending
TKT-12914,01/04/2025,CUST-697,Sophia Anderson,West,Chat,Billing,Low,John,86.0,4,Open
TKT-12915,02/08/2025,CUST-672,David Brown,West,Phone,Billing,Medium,Sarah,98.0,5,Open
TKT-12916,24/12/2025,CUST-744,Emma Davis,South,Chat,Technical,Medium,OLIVIA,47.7,4,Resolved
TKT-12917,03/12/2025,CUST-466,John Miller,East,Phone,Account,Medium,John,79.8,1,Escalated
TKT-12918,18/09/2025,CUST-956,Olivia Moore,East,Phone,Delivery,Low,John,11.0,1,Pending
TKT-12919,25/11/2025,CUST-796,Emma Davis,South,Chat,Refund,Medium,James ,32.9,4,Escalated
TKT-12920,04/04/2025,CUST-661,James Taylor,East,Phone,TECHNICAL,Medium,Michael,92.8,5,Escalated
TKT-12921,11/06/2025,CUST-369,Olivia Moore,East,Chat,Account,Low,Olivia,Pending,5,Resolved
TKT-12922,06/12/2024,CUST-484,Sarah Khan,South,Phone,Account,Medium,Mary,18.6,3,Resolved
TKT-12923,22/11/2025,CUST-360,Sophia Anderson,East,Email,Billing,Low,James,67.1,5,Resolved
TKT-12924,02/06/2025,CUST-408,Olivia Moore,East,CHAT,Technical,Medium,James,37.2,2,Pending
TKT-12925,20/07/2025,CUST-219,Olivia Moore,South,Email,Delivery,Low,David,Pending,3,Resolved
TKT-12926,19/12/2025,CUST-203,Daniel Thomas,East,Phone,Billing,Low,James,89.7,5,OPEN
TKT-12927,20/09/2025,CUST-230,Anna Smith,South,Email,Refund,Medium,EMMA,81.2,3,Pending
TKT-12928,21/06/2025,CUST-536,James Taylor,West,Chat,Billing,Low,Michael,12.7,1,Open
TKT-12929,06/11/2025,CUST-734,Anna Smith,West,email,Account,Low,MICHAEL,76.4,1,Pending 
TKT-12930,28/01/2025,CUST-953,Michael Wilson,North,Email,Technical,Low,Emma,99.9,2,Escalated
TKT-12931,02/08/2025,CUST-507,Emma Davis,Sth,Phone,TECHNICAL,Low,John,85.8,4,Pending
TKT-12932,27/07/2026,CUST-619,Sophia Anderson,South,Email,Account,Medium,John,25.2,1,Resolved
TKT-12933,01/05/2025,CUST-477,Daniel Thomas,South,Chat,Technical,High,Sarah,97.5,5,Resolved
TKT-12934,24/05/2025,CUST-447,Emma Davis,West,CHAT,Technical,High,Sarah,15.0,1,Open
TKT-12935,26/07/2025,CUST-361,John Miller,West,Chat,Technical,Medium,Olivia,57.9,5,Resolved
TKT-12936,22/12/2025,CUST-843,Michael Wilson,South,Email,Technical,Medium,Sarah,36.5,2,Pending
TKT-12937,28/09/2025,CUST-570,Olivia Moore,South,Email,Billing,Medium,Sarah,61.3,4,Pending
TKT-12938,02/10/2025,CUST-558,Emma Davis,East,Chat,Delivery,Medium,David,99.2,5,Resolved
TKT-12939,13/12/2025,CUST-725,Emma Davis,Sth,Phone ,Delivery,High,Olivia,70.4,5,Pending
TKT-12940,01/03/2025,CUST-278,Michael Wilson,East,Email,Delivery ,Medium,John,86.1,2,Resolved
TKT-12941,07/03/2025,CUST-212,Emma Davis,West,Phone ,Account,Low,,71.4,3,Resolved
TKT-12942,16/02/2025,CUST-843,Daniel Thomas,North,Phone,Technical,High,James,91.7,1,resolved
TKT-12943,10/01/2025,CUST-331,Sarah Khan,West,Phone,Billing,Medium,Olivia,11.3,3,Open
TKT-12944,21/11/2025,CUST-567,Sophia Anderson,North,Email,Technical,High,John,18.3,5,Resolved
TKT-12945,06/12/2026,CUST-961,Olivia Moore,North,Phone,Technical,Medium,MICHAEL,43.6,2,Open
TKT-12946,16/10/2025,CUST-848,Michael Wilson,West,CHAT,Technical,Low,Emma,94.0,,Resolved
TKT-12947,08/12/2025,CUST-888,Anna Smith,North,Chat,billing,Medium,Michael,8.1,1,Resolved
TKT-12948,25/04/2025,CUST-930,Sarah Khan,South,Phone,Delivery,Medium,Emma,96.6,3,Pending 
TKT-12949,25/12/2025,CUST-223,Emma Davis,South,Phone ,Account,High,David,Pending,0,Resolved
TKT-12950,01/08/2025,CUST-500,Sophia Anderson,North,Phone,Delivery,Medium,DAVID,51.0,4,Pending
TKT-12951,03/01/2025,CUST-267,Michael Wilson,North,CHAT,Billing,Medium,Olivia,90.4,5,Resolved
TKT-12952,12/01/2025,CUST-899,David Brown,West,Email,Billing,Low,Michael,22.7,4,Pending
TKT-12953,28/06/2025,CUST-201,Sophia Anderson,North,Email,Billing,High,David,41.2,2,Escalated
TKT-12954,04/12/2025,CUST-982,Sarah Khan,Noth,Phone,Account,Low,David,32.7,1,Resolved
TKT-12955,03/05/2025,CUST-530,David Brown,West,Phone,Technical,Medium,James,15.5,4,Resolved
TKT-12956,14/08/2025,CUST-922,Olivia Moore,East,Email,TECHNICAL,Low,Mary,3.9,1,Resolved
TKT-12957,27/12/2025,CUST-440,Olivia Moore,Noth,Phone,Technical,Low,Olivia,88.5,1,Pending 
TKT-12958,02/09/2025,CUST-376,John Miller,West,Phone,Delivery,High,Sarah,60.0,5,Open
TKT-12959,26/09/2025,CUST-530,Michael Wilson,East,email,Account,Medium,Emma,9.6,2,Open
TKT-12960,16/09/2025,CUST-151,Olivia Moore,West ,email,Delivery,Low,Olivia,N/A,5,Open
TKT-12961,21/03/2025,CUST-522,James Taylor,South,Phone,Delivery,Medium,JAMES,24.9,4,Escalated
TKT-12962,21/05/2025,CUST-429,Daniel Thomas,South,Chat,Account,High,David,N/A,2,Escalated
TKT-12963,20/03/2025,CUST-537,Daniel Thomas,North,email,Technical,Low,OLIVIA,62.0,1,Resolved
TKT-12964,05/05/2025,CUST-789,Daniel Thomas,North,email,Account,Low,Michael,38.4,2,Open
TKT-12965,27/01/2025,CUST-212,Emma Davis,West,Phone ,Billing,Medium,John ,78.3,4,Resolved
TKT-12966,15/04/2025,CUST-562,Anna Smith,Sth,Email,Account,Medium,Olivia,93.7,4,Open
TKT-12967,02/01/2025,CUST-467,Sarah Khan,North,Email,billing,Low,David,93.8,1,Resolved
TKT-12968,06/04/2025,CUST-830,Olivia Moore,West,Chat,Account,High,Mary,27.7,3,Resolved
TKT-12969,14/08/2025,CUST-267,David Brown,South,Phone,Refund,Medium,Mary ,11.6,3,Open
TKT-12970,12/11/2025,CUST-719,Emma Davis,East,Phone,Delivery,Low,JOHN,12.7,2,Open
TKT-12971,09/03/2025,CUST-273,James Taylor, East,Chat,TECHNICAL,Low,Emma,59.4,2,Open
TKT-12972,23/10/2025,CUST-633,Emma Davis,East,email,Billing,Low,Emma ,31.2,2,Pending
TKT-12973,05/02/2025,CUST-363,Anna Smith,North,Chat,billing,Low,Sarah,63.4,1,Resolved
TKT-12974,27/04/2025,CUST-266,Daniel Thomas,North,Email,Account,Low,MARY,78.1,5,Pending
TKT-12975,27/01/2025,CUST-355,Daniel Thomas,North,Chat,Account,Medium,Olivia,84.7,3,Resolved
TKT-12976,28/07/2025,CUST-448,John Miller,East,Chat,Billing,High,Emma,Unknown,3,Pending
TKT-12977,15/06/2026,CUST-470,Anna Smith,North,Chat,Delivery,Low,Sarah,1.6,5,Resolved
TKT-12978,26/08/2025,CUST-656,Sarah Khan,Noth,Email,Billing,Low,David,65.3,5,Pending
TKT-12979,28/06/2025,CUST-535,Sarah Khan,North,Phone,Refund,Low,David,31.9,1,Pending
TKT-12980,09/10/2025,CUST-696,Olivia Moore,North,Chat,Refund,High,David,25.0,4,Open
TKT-12981,28/01/2025,CUST-697,Sophia Anderson,West,Chat,Delivery ,Low,Mary,69.1,3,Pending
TKT-12982,28/04/2026,CUST-221,Daniel Thomas,South,Phone,Account,Medium,Michael,62.1,4,Open
TKT-12983,08/05/2025,CUST-938,Sarah Khan,West,Chat,Account,Medium,Olivia ,24.8,1,Resolved
TKT-12984,01/12/2025,CUST-599,Daniel Thomas,South,Email,Account,Medium,,12.4,1,Resolved
TKT-12985,26/10/2025,CUST-284,Olivia Moore,North,email,Billing,Low,John,Unknown,,resolved
TKT-12986,22/11/2025,CUST-283,Anna Smith,South,Phone,Delivery,Medium,Olivia,Pending,3,Resolved
TKT-12987,07/06/2025,CUST-683,David Brown,North,Chat,Billing,Low,Mary,Pending,4,Resolved
TKT-12988,01/08/2025,CUST-767,Sarah Khan,Sth,Phone,Delivery,High,Michael,61.5,5,Resolved
TKT-12989,15/04/2025,CUST-841,Sophia Anderson,West,Email,TECHNICAL,Medium,David,57.2,3,Pending
TKT-12990,10/04/2025,CUST-469,Daniel Thomas,North,Chat,Account,Low,MICHAEL,33.7,1,Pending
TKT-12991,25/11/2025,CUST-384,Michael Wilson,West,Phone ,Account,Medium,Sarah,39.2,3,Resolved
TKT-12992,23/10/2025,CUST-165,Michael Wilson,South,Phone,Account,Low,MICHAEL,98.2,5,OPEN
TKT-12993,14/10/2025,CUST-895,David Brown,North,Phone ,billing,Medium,Sarah,9.1,5,Pending
TKT-12994,25/07/2025,CUST-540,Anna Smith,West,Email,Technical,Medium,Olivia,28.3,5,Resolved
TKT-12995,14/07/2025,CUST-804,Emma Davis,South,Chat,Account,Low,Sarah,62.7,,Open
TKT-12996,13/02/2025,CUST-639,Michael Wilson,South,Email,Account,Medium,Emma,37.8,4,Resolved
TKT-12997,28/10/2025,CUST-143,Emma Davis,West,email,Account,Low,Olivia,76.4,3,Resolved
TKT-12998,12/05/2026,CUST-592,James Taylor,West,Chat,Refund,Low,Sarah,62.3,3,Open
TKT-12999,25/07/2025,CUST-382,Olivia Moore,East,email,Technical,Medium,Mary,1.9,1,Open
TKT-13000,21/09/2025,CUST-704,Sophia Anderson,North,Chat,Delivery,Medium,Olivia,Unknown,1,OPEN
TKT-13001,25/06/2025,CUST-195,David Brown,North,email,Refund,Low,Mary,47.3,3,Resolved
TKT-13002,13/12/2025,CUST-522,Emma Davis,West,email,Delivery,Low,OLIVIA,41.3,5,Pending
TKT-13003,21/11/2025,CUST-198,David Brown,South,Phone,Account,Low,Michael,86.7,3,Resolved
TKT-13004,08/01/2026,CUST-982,James Taylor,South,email,Technical,Low,David,90.4,5,OPEN
TKT-13005,14/12/2025,CUST-777,James Taylor,North,CHAT,Delivery ,Medium,David,18.3,1,Resolved
TKT-13006,07/03/2025,CUST-706,Emma Davis,East,Email,Billing,Medium,,33.4,3,Pending
TKT-13007,22/11/2025,CUST-190,James Taylor,South,Phone ,Account,Medium,James,26.5,6,Resolved
TKT-13008,20/09/2025,CUST-868,Anna Smith,Noth,email,Account,High,Olivia,93.7,4,Escalated
TKT-13009,07/04/2025,CUST-938,Anna Smith,North,email,Technical,High,Michael,2.9,1,Pending
TKT-13010,01/10/2025,CUST-150,James Taylor,North,Phone ,Billing,Medium,Olivia,49.9,3,Escalated
TKT-13011,07/05/2025,CUST-344,Daniel Thomas,West,Phone,Account,Medium,Michael,47.9,3,Open
TKT-13012,09/04/2025,CUST-548,John Miller,North,Phone,Delivery,High,David,96.2,5,Open
TKT-13013,04/12/2025,CUST-362,David Brown,South,Email,Refund,Medium,Olivia,92.9,5,Pending 
TKT-13014,09/07/2025,CUST-792,David Brown,South,Email,Delivery,Medium,Michael,31.0,3,Open
TKT-13015,22/11/2025,CUST-951,David Brown,South,Phone,Technical,High,John ,76.2,1,Pending
TKT-13016,14/08/2025,CUST-109,Olivia Moore,West,email,Technical,Low,Emma ,32.9,5,Open
TKT-13017,10/12/2025,CUST-129,Emma Davis,East,Email,Account,Medium,JOHN,83.2,5,Resolved
TKT-13018,15/06/2025,CUST-990,John Miller,South,Email,Technical,Low,Sarah,67.9,3,Resolved
TKT-13019,04/10/2025,CUST-217,Emma Davis,North,Chat,Account,High,JAMES,98.5,4,Pending 
TKT-13020,14/09/2025,CUST-768,Olivia Moore,South,Chat,Billing,Low,Olivia,78.9,2,Resolved
TKT-13021,24/07/2025,CUST-380,James Taylor,West,Phone,Billing,High,Emma,46.2,3,Pending
TKT-13022,25/03/2025,CUST-987,Daniel Thomas,South,Chat,Refund,Low,Michael ,67.6,5,Resolved
TKT-13023,25/06/2025,CUST-633,John Miller,West,email,Refund,Low,Olivia ,7.6,3,Escalated
TKT-13024,07/09/2025,CUST-909,Sophia Anderson,West,Phone,Refund,Medium,Michael,61.5,2,Pending
TKT-13025,25/04/2025,CUST-691,Daniel Thomas,East,Phone,Billing,Low,Michael,95.5,3,Open
TKT-13026,13/04/2025,CUST-706,Olivia Moore,South,Phone ,Refund,Medium,Michael,37.3,2,Escalated
TKT-13027,18/03/2025,CUST-684,Daniel Thomas,South,Email,Technical,Low,James,52.4,3,Pending
TKT-13028,17/05/2025,CUST-486,Daniel Thomas,Sth,Chat,Delivery,Low,Michael,88.5,4,Resolved
TKT-13029,03/09/2025,CUST-192,James Taylor,South,Chat,Account,Low,John,63.1,3,Open
TKT-13030,22/08/2025,CUST-758,Olivia Moore,South,Email,Billing,Medium,JOHN,12.4,5,Resolved
TKT-13031,18/02/2025,CUST-464,James Taylor,South,Chat,Billing,Medium,Olivia,35.1,5,Pending
TKT-13032,01/03/2025,CUST-631,Michael Wilson,West,email,Technical,Medium,Sarah,92.3,2,Open
TKT-13033,26/06/2025,CUST-107,John Miller,North,Chat,Technical,High,,99.1,5,Pending
TKT-13034,02/11/2025,CUST-854,Sarah Khan,East,CHAT,Account,Medium,,10.0,1,Resolved
TKT-13035,04/12/2025,CUST-149,Michael Wilson,West,Phone,Account,High,Michael ,99.2,3,OPEN
TKT-13036,25/05/2024,CUST-972,James Taylor,West,Chat,Technical,Low,Emma,Unknown,4,Pending
TKT-13037,15/02/2025,CUST-220,Olivia Moore,South,Chat,Delivery ,Medium,James,30.3,3,Open
TKT-13038,16/08/2025,CUST-622,Sophia Anderson,North,Email,Billing,High,Olivia,33.7,1,Open
TKT-13039,23/01/2025,CUST-120,Daniel Thomas,South,Phone,Delivery,Medium,Sarah,60.8,5,Resolved
TKT-13040,21/07/2025,CUST-983,Emma Davis,East,Phone,Technical,Low,James,81.7,1,Resolved
TKT-13041,19/12/2025,CUST-417,Olivia Moore,North,email,Delivery,Low,Emma,20.2,5,Resolved
TKT-13042,26/02/2025,CUST-323,John Miller,East,Phone,Account,Low,Emma ,27.1,,Escalated
TKT-13043,03/11/2025,CUST-393,Olivia Moore,South,email,Technical,Low,John,Unknown,2,Resolved
TKT-13044,04/05/2025,CUST-602,Olivia Moore,South,Chat,Technical,Low,David,1.6,1,Pending
TKT-13045,02/07/2025,CUST-149,John Miller,South,Chat,TECHNICAL,High,John,22.4,3,resolved
TKT-13046,01/11/2025,CUST-654,Sarah Khan,South,Chat,Technical,Medium,Olivia,9.2,5,Pending
TKT-13047,25/08/2025,CUST-391,Olivia Moore,South,Chat,Delivery,Low,John,Unknown,4,Resolved
TKT-13048,06/12/2025,CUST-230,Daniel Thomas,South,Email,Account,Medium,David,98.5,4,Resolved
TKT-13049,06/01/2025,CUST-208,Sarah Khan,East,Chat,Technical,Medium,Sarah ,41.7,5,Resolved
TKT-13050,22/04/2025,CUST-626,James Taylor,North,Phone,Technical,Low,Olivia,Pending,2,Pending
TKT-13051,23/11/2025,CUST-743,Daniel Thomas,North,Email,Technical,Low,James,13.7,4,Pending 
TKT-13052,21/05/2025,CUST-976,Emma Davis,West,Phone,Refund,Medium,Olivia ,67.9,2,Open
TKT-13053,28/12/2025,CUST-800,David Brown,West,Chat,TECHNICAL,Low,Olivia,80.2,5,Open
TKT-13054,26/09/2025,CUST-557,Sarah Khan,South,Phone,Delivery,High,MICHAEL,80.5,4,Escalated
TKT-13055,05/04/2025,CUST-721,Anna Smith,North,Chat,Refund,Medium,Michael,91.8,1,Resolved
TKT-13056,26/03/2025,CUST-629,Michael Wilson,East,Phone,Refund,Medium,David,61.2,4,Resolved
TKT-13057,13/06/2026,CUST-862,Michael Wilson,Noth,email,TECHNICAL,Low,John,92.8,3,Resolved
TKT-13058,16/10/2025,CUST-418,Daniel Thomas,Noth,email,Technical,Low,Olivia,34.7,,Open
TKT-13059,14/04/2025,CUST-427,Sophia Anderson,West,Phone,Delivery,Medium,Olivia,24.1,5,Resolved
TKT-13060,04/12/2025,CUST-302,Anna Smith, East,Email,Account,Low,,72.2,1,Pending
TKT-13061,25/11/2025,CUST-182,Michael Wilson,South,email,Delivery,Low,Michael,91.5,1,Resolved
TKT-13062,09/04/2025,CUST-406,Michael Wilson,West,Chat,billing,High,David,86.8,5,Resolved
TKT-13063,14/04/2025,CUST-645,James Taylor,North,Chat,Technical,Low,Olivia,1.2,3,Escalated
TKT-13064,26/11/2025,CUST-584,Michael Wilson,West,Chat,Refund,Low,Michael,N/A,1,Escalated
TKT-13065,14/02/2025,CUST-673,Sophia Anderson,West,CHAT,Delivery,Medium,John,74.1,3,OPEN
TKT-13066,17/03/2025,CUST-758,John Miller,East,Chat,Delivery,Low,Emma,51.1,2,Escalated
TKT-13067,10/04/2025,CUST-355,Anna Smith,Sth,Email,Billing,High,SARAH,59.6,5,Pending
TKT-13068,25/09/2025,CUST-143,John Miller,South,email,Technical,Medium,OLIVIA,21.5,5,Pending
TKT-13069,11/02/2025,CUST-788,David Brown,South,Email,billing,Low,David,43.6,5,Open
TKT-13070,06/10/2025,CUST-611,Anna Smith,West,CHAT,Technical,High,Mary,73.0,5,Resolved
TKT-13071,05/06/2025,CUST-356,Anna Smith,South,Email,Billing,Medium,Emma,Pending,3,Open
TKT-13072,08/01/2025,CUST-818,Sarah Khan,West,email,Delivery,Low,James,4.0,4,Open
TKT-13073,07/08/2025,CUST-619,Sophia Anderson,North,Chat,Account,Medium,Olivia,46.1,2,Open
TKT-13074,25/03/2025,CUST-815,Emma Davis,West,email,Technical,Medium,John ,66.7,2,Pending
TKT-13075,23/03/2025,CUST-911,Daniel Thomas,West,Chat,Technical,Medium,James,45.6,5,Pending
TKT-13076,07/05/2025,CUST-694,Anna Smith,East,Phone ,Account,Low,,42.8,5,Open
TKT-13077,20/12/2025,CUST-676,Sarah Khan,East,CHAT,Delivery,Low,JOHN,71.3,1,Resolved
TKT-13078,02/05/2025,CUST-973,Sarah Khan,South,Email,Account,Medium,JAMES,30.5,2,Resolved
TKT-13079,21/11/2025,CUST-894,Olivia Moore,North,Email,TECHNICAL,Low,Mary ,72.5,5,Open
TKT-13080,20/01/2025,CUST-640,Sarah Khan,West,Email,Technical,Low,James,97.4,3,Resolved
TKT-13081,17/10/2025,CUST-843,Daniel Thomas,South,Phone,Account,Medium,Michael,21.8,4,Resolved
TKT-13082,20/05/2025,CUST-219,Daniel Thomas,North,CHAT,Technical,Medium,Michael,8.0,3,Pending
TKT-13083,24/05/2025,CUST-869,John Miller,East,Phone,Account,Medium,James,5.1,4,Open
TKT-13084,14/02/2025,CUST-846,John Miller,West,Phone,Billing,Low,Mary,54.8,7,Resolved
TKT-13085,08/09/2025,CUST-196,James Taylor,East,Chat,Delivery,Low,MARY,18.0,3,Pending
TKT-13086,07/03/2025,CUST-874,Anna Smith,East,Email,Billing,Medium,Mary,54.0,4,Open
TKT-13087,12/03/2025,CUST-171,Olivia Moore,South,CHAT,Account,Low,Sarah,44.9,1,Resolved
TKT-13088,09/06/2025,CUST-900,Anna Smith,North,Phone,Delivery ,High,Emma,38.8,1,Pending 
TKT-13089,04/09/2025,CUST-638,John Miller,West,Email,Technical,High,John,51.7,3,Resolved
TKT-13090,18/01/2025,CUST-825,Emma Davis,West,Chat,Account,Medium,Olivia,66.2,2,Resolved
TKT-13091,26/07/2025,CUST-259,David Brown,East,Phone,Account,Medium,Michael,1.9,0,Resolved
TKT-13092,11/08/2025,CUST-742,Sarah Khan,West,Email,Delivery,Low,Olivia,48.3,3,Open
TKT-13093,27/08/2025,CUST-665,David Brown,East,email,Delivery,Low,Sarah,97.5,2,Pending
TKT-13094,26/12/2025,CUST-244,Sarah Khan,South,Email,Delivery,Medium,,Unknown,0,Resolved
TKT-13095,01/06/2025,CUST-577,Emma Davis,Noth,CHAT,Delivery,Low,James,54.3,3,Escalated
TKT-13096,04/09/2025,CUST-492,John Miller,North,Phone,Billing,High,Olivia,46.7,2,Resolved
TKT-13097,23/03/2025,CUST-398,Sarah Khan,East,Chat,Billing,High,MARY,Pending,2,Resolved
TKT-13098,26/04/2025,CUST-125,John Miller,West,Email,Technical,Medium,David,44.6,4,Resolved
TKT-13099,15/09/2025,CUST-332,Olivia Moore,West,CHAT,Delivery,Medium,Mary,18.3,4,Open
TKT-13100,27/01/2025,CUST-881,Sophia Anderson, East,email,Account,Low,James ,65.5,2,Resolved
TKT-13101,04/08/2025,CUST-399,Sophia Anderson,East,Email,billing,High,Olivia,11.8,2,Resolved
TKT-13102,19/01/2026,CUST-880,Michael Wilson,West,Email,Technical,High,,39.3,4,Resolved
TKT-13103,02/11/2025,CUST-654,Sophia Anderson,South,CHAT,Billing,Medium,MARY,Pending,4,Resolved
TKT-13104,08/12/2025,CUST-473,Anna Smith,West,Email,Delivery,Medium,John ,17.8,1,Open
TKT-13105,07/01/2025,CUST-837,Olivia Moore,West,Chat,Delivery,High,Sarah,60.3,5,Open
TKT-13106,18/03/2025,CUST-502,Anna Smith,South,email,Account,Medium,James,Unknown,1,Pending
TKT-13107,01/07/2025,CUST-545,Anna Smith,North,Chat,Account,Medium,Mary,91.9,4,Escalated
TKT-13108,12/11/2025,CUST-551,Sarah Khan,East,Phone,Account,Medium,MARY,48.8,4,Pending
TKT-13109,15/03/2025,CUST-618,Sophia Anderson,West,Phone ,Refund,Medium,Mary,1.9,1,Resolved
TKT-13110,10/02/2025,CUST-514,Sophia Anderson,North,Chat,Account,Low,James,64.0,5,Pending
TKT-13111,23/12/2025,CUST-841,Michael Wilson,South,email,Billing,Medium,Emma,84.1,4,Open
TKT-13112,09/05/2025,CUST-398,James Taylor,West,Chat,Account,Medium,John,32.0,3,Resolved
TKT-13113,08/01/2025,CUST-316,Michael Wilson,Sth,CHAT,Billing,Low,EMMA,92.8,3,OPEN
TKT-13114,13/05/2025,CUST-438,Olivia Moore,North,CHAT,Technical,Medium,MICHAEL,74.6,4,Open
TKT-13115,21/09/2025,CUST-631,Anna Smith,North,Chat,Account,Medium,JAMES,29.8,1,Resolved
TKT-13116,05/10/2025,CUST-117,Michael Wilson,East,CHAT,Account,Medium,David,59.0,3,Resolved
TKT-13117,26/03/2025,CUST-791,Daniel Thomas,South,Phone,Delivery,Low,Olivia,61.7,5,Escalated
TKT-13118,24/04/2025,CUST-853,Sarah Khan,South,Email,Billing,Medium,John,22.9,5,Resolved
TKT-13119,12/12/2025,CUST-462,Emma Davis,South,Phone ,billing,Medium,Mary,67.5,2,Pending 
TKT-13120,20/01/2025,CUST-808,David Brown,East,CHAT,Delivery,High,Olivia,30.7,1,Resolved
TKT-13121,14/09/2025,CUST-743,Sophia Anderson,West,CHAT,Technical,Medium,JAMES,1.5,2,resolved
TKT-13122,03/01/2025,CUST-727,David Brown,North,Chat,Billing,Medium,James,54.7,0,Open
TKT-13123,16/01/2025,CUST-671,John Miller,South,Email,Delivery,High,David,83.8,4,Open
TKT-13124,20/02/2025,CUST-996,Daniel Thomas,North,Phone ,Delivery,High,,75.3,5,Open
TKT-13125,21/08/2025,CUST-695,Sophia Anderson,North,Phone,Billing,High,Olivia,54.6,4,Open
TKT-13126,18/05/2025,CUST-253,Michael Wilson,West,Phone,Technical,Low,EMMA,79.4,,Resolved
TKT-13127,11/01/2025,CUST-716,Olivia Moore,Sth,Chat,billing,Low,Emma,33.6,1,Open
TKT-13128,21/05/2025,CUST-579,David Brown,South,Email,Delivery,Medium,MICHAEL,37.1,5,Resolved
TKT-13129,23/01/2025,CUST-448,Emma Davis,South,email,Billing,Medium,Sarah,38.3,1,Resolved
TKT-13130,27/09/2025,CUST-907,Anna Smith,West,Chat,Delivery ,Medium,MARY,52.5,5,Open
TKT-13131,16/07/2025,CUST-120,Sophia Anderson,Noth,Chat,Delivery,Medium,John,21.6,,Resolved
TKT-13132,10/03/2025,CUST-580,Daniel Thomas,North,email,Technical,Medium,Olivia,Unknown,1,Pending
TKT-13133,13/12/2025,CUST-838,Sarah Khan,West,Email,Account,Low,Emma,84.5,1,Pending
TKT-13134,28/11/2025,CUST-559,David Brown,South,Email,Delivery,Low,Olivia,78.8,2,Resolved
TKT-13135,25/06/2025,CUST-604,James Taylor,West,Email,Refund,Medium,Michael,74.3,5,Pending
TKT-13136,25/11/2025,CUST-145,Anna Smith,West,Phone,Account,Low,SARAH,82.6,1,Open
TKT-13137,16/06/2025,CUST-988,Emma Davis,North,CHAT,TECHNICAL,High,Emma,35.5,6,Resolved
TKT-13138,01/01/2025,CUST-359,Daniel Thomas,East,Phone ,Technical,Low,Emma ,Unknown,5,Escalated
TKT-13139,11/04/2025,CUST-983,Daniel Thomas,East,Chat,billing,Medium,JAMES,44.2,4,Pending
TKT-13140,27/10/2025,CUST-320,Emma Davis,North,Chat,Refund,Low,Michael,96.0,2,Open
TKT-13141,16/06/2025,CUST-428,James Taylor,West,Phone,Technical,High,Olivia,N/A,5,Escalated
TKT-13142,12/04/2025,CUST-909,Daniel Thomas,West,Phone,Delivery,Medium,Sarah,96.5,1,Escalated
TKT-13143,16/04/2026,CUST-774,John Miller,North,CHAT,Account,Low,Mary,26.2,3,Pending
TKT-13144,03/06/2025,CUST-507,David Brown,Noth,Phone ,Refund,High,David ,22.2,1,Open
TKT-13145,20/06/2025,CUST-950,John Miller,East,Chat,Billing,Low,MICHAEL,19.6,4,Open
TKT-13146,07/02/2025,CUST-349,Daniel Thomas,West,Phone,Technical,Medium,Emma,34.6,1,Resolved
TKT-13147,28/02/2025,CUST-446,Sophia Anderson,South,Phone,Account,High,James,29.9,5,Resolved
TKT-13148,08/06/2025,CUST-648,Anna Smith,North,Phone,Billing,High,DAVID,57.4,1,Resolved
TKT-13149,22/07/2025,CUST-840,Sophia Anderson,East,Phone,Technical,Medium,Mary,89.5,1,OPEN
TKT-13150,15/10/2025,CUST-830,Emma Davis,South,Chat,Billing,Medium,Sarah,74.9,1,Resolved
TKT-13151,23/12/2025,CUST-128,Daniel Thomas,North,Phone,Delivery,Medium,Olivia,27.1,4,Resolved
TKT-13152,06/06/2025,CUST-502,John Miller,North,Email,Delivery,Low,Emma,84.5,4,resolved
TKT-13153,17/12/2025,CUST-472,David Brown,West,Phone,Refund,Low,Emma,2.5,5,Resolved
TKT-13154,11/11/2025,CUST-848,Olivia Moore,North,Chat,Technical,Low,Mary,46.0,,Resolved
TKT-13155,09/12/2025,CUST-624,David Brown,North,Phone ,billing,Medium,John,41.4,4,Escalated
TKT-13156,03/01/2025,CUST-243,Michael Wilson,North,Phone,Technical,High,John,31.8,2,Pending
TKT-13157,07/11/2025,CUST-523,Emma Davis,West ,CHAT,billing,Medium,Michael,15.7,3,Open
TKT-13158,10/02/2025,CUST-653,Sarah Khan,North,Chat,Delivery ,Medium,James,98.8,5,Open
TKT-13159,28/10/2025,CUST-665,Sophia Anderson,West,Chat,Refund,Medium,Mary,40.5,1,Resolved
TKT-13160,15/04/2025,CUST-664,John Miller,North,email,Billing,Low,Sarah,29.7,2,Open
TKT-13161,23/12/2025,CUST-652,Sarah Khan,South,Email,Delivery,Medium,Mary,74.2,4,Open
TKT-13162,06/04/2025,CUST-440,Michael Wilson,Noth,Chat,Billing,Medium,Sarah,94.2,3,Pending 
TKT-13163,17/03/2025,CUST-322,Olivia Moore,North,Phone,Technical,Low,James,57.4,2,Pending
TKT-13164,12/08/2025,CUST-656,James Taylor,Noth,email,Delivery,Medium,JOHN,20.9,4,resolved
TKT-13165,06/05/2025,CUST-579,James Taylor,East,Email,Billing,Medium,Olivia ,76.3,2,Open
TKT-13166,12/04/2025,CUST-750,Sophia Anderson,North,Chat,Billing,High,Michael,74.4,3,Resolved
TKT-13167,26/04/2025,CUST-917,Daniel Thomas,North,Email,Account,High,John,67.4,5,Open
TKT-13168,02/12/2025,CUST-400,Olivia Moore,North,Phone,Technical,Medium,David,17.4,3,Open
TKT-13169,12/07/2025,CUST-590,John Miller,South,Phone ,Account,High,Olivia,20.1,4,Resolved
TKT-13170,20/02/2025,CUST-682,Anna Smith,South,Email,Technical,Medium,Olivia,21.4,3,Open
TKT-13171,14/08/2025,CUST-436,Michael Wilson,East,Email,Delivery ,Low,Sarah,Pending,4,Open
TKT-13172,11/08/2025,CUST-329,Michael Wilson,West ,Phone ,Account,Medium,David,Unknown,4,Resolved
TKT-13173,20/09/2025,CUST-768,James Taylor,East,Phone,Technical,Medium,MARY,53.8,,Resolved
TKT-13174,20/03/2025,CUST-769,Sophia Anderson,East,Chat,Billing,Medium,Sarah,1.5,1,Open
TKT-13175,05/11/2025,CUST-837,Michael Wilson,North,Email,Billing,Low,David,45.5,4,Open
TKT-13176,21/10/2025,CUST-292,Michael Wilson,West,Email,Technical,Low,John,20.7,5,Resolved
TKT-13177,27/05/2025,CUST-176,Emma Davis,West,Chat,Billing,Low,Mary,4.0,5,Resolved
TKT-13178,13/01/2025,CUST-525,Sarah Khan,Sth,Chat,billing,Medium,Mary,71.8,4,Resolved
TKT-13179,04/05/2025,CUST-196,Michael Wilson,Noth,Phone,Technical,Medium,James,74.4,1,Open
TKT-13180,26/08/2025,CUST-831,James Taylor,East,Phone,Delivery,Low,,69.9,3,Resolved
TKT-13181,13/03/2025,CUST-835,Sarah Khan,East,Phone,Technical,Medium,Emma,17.3,1,Resolved
TKT-13182,03/06/2025,CUST-835,Daniel Thomas,East,Chat,Technical,Low,Olivia,91.5,4,Resolved
TKT-13183,22/05/2025,CUST-369,John Miller,West,Phone,Technical,Low,Olivia,58.8,1,Open
TKT-13184,17/05/2025,CUST-977,Anna Smith,West,Phone ,Billing,Medium,Emma,83.5,2,Open
TKT-13185,10/02/2025,CUST-737,Sarah Khan,Sth,Chat,Delivery,Medium,John ,28.3,4,Pending
TKT-13186,16/04/2025,CUST-527,Daniel Thomas,East,Chat,Delivery,High,MICHAEL,56.2,3,Open
TKT-13187,22/07/2025,CUST-585,Michael Wilson,East,CHAT,Delivery,High,Emma,23.5,1,Open
TKT-13188,10/05/2025,CUST-353,Sophia Anderson,East,Chat,Billing,High,Mary,69.4,5,Resolved
TKT-13189,04/09/2025,CUST-118,Anna Smith,East,Email,TECHNICAL,High,Michael,65.8,5,Resolved
TKT-13190,26/07/2025,CUST-244,Sarah Khan,North,Email,Billing,Medium,Olivia,5.0,4,Open
TKT-13191,26/12/2025,CUST-924,Michael Wilson, East,Email,Delivery,Low,Mary,92.3,5,Open
TKT-13192,18/03/2025,CUST-657,Michael Wilson,West,Phone ,Refund,High,Olivia,95.6,2,Resolved
TKT-13193,05/03/2025,CUST-252,John Miller,East,Phone ,Refund,Medium,Sarah,Unknown,,Resolved
TKT-13194,11/04/2025,CUST-708,David Brown,West,Phone,Billing,Medium,David,24.7,5,Resolved
TKT-13195,08/04/2025,CUST-457,Sarah Khan,North,Email,Refund,High,Emma,Pending,5,Resolved
TKT-13196,25/03/2025,CUST-608,Olivia Moore,South,Email,Account,Medium,James,44.5,3,Escalated
TKT-13197,24/02/2025,CUST-373,John Miller, East,CHAT,Account,Medium,Emma,N/A,1,Pending
TKT-13198,09/01/2025,CUST-473,Emma Davis,East,Phone,Account,Medium,David,27.4,4,Resolved
TKT-13199,15/03/2025,CUST-770,David Brown,East,Phone,Technical,Medium,DAVID,88.4,5,Resolved
TKT-13200,15/03/2025,CUST-662,Anna Smith,West,Email,Account,Medium,Michael,54.2,4,Resolved
TKT-13201,04/11/2025,CUST-373,David Brown,Noth,Email,TECHNICAL,Low,JAMES,77.4,,Open
TKT-13202,11/11/2025,CUST-168,James Taylor,South,Chat,Delivery ,High,Mary,64.1,1,resolved
TKT-13203,21/05/2025,CUST-960,Sarah Khan,South,Chat,Technical,Medium,Olivia,51.3,2,Resolved
TKT-13204,03/07/2025,CUST-766,Sarah Khan,East,Phone,Refund,High,Sarah,Pending,2,Pending
TKT-13205,28/07/2025,CUST-207,Olivia Moore,East,Email,Technical,Low,John,43.4,1,Open
TKT-13206,01/06/2025,CUST-175,Daniel Thomas,Sth,Email,billing,Medium,Olivia ,4.4,4,Resolved
TKT-13207,17/12/2025,CUST-753,Sarah Khan,North,Phone,Delivery,Medium,Emma,10.3,1,OPEN
TKT-13208,04/08/2025,CUST-343,Emma Davis,West,Chat,Account,Medium,SARAH,7.0,,Open
TKT-13209,24/10/2025,CUST-650,John Miller,South,Email,Account,Medium,James,94.9,4,Resolved
TKT-13210,11/05/2025,CUST-375,Sophia Anderson,South,Phone,Technical,Low,Michael,37.8,7,Pending
TKT-13211,10/07/2025,CUST-984,John Miller,West,email,billing,Low,Sarah,57.4,1,Open
TKT-13212,21/10/2025,CUST-133,Sophia Anderson,Sth,CHAT,Refund,Low,David,79.8,5,Resolved
TKT-13213,21/01/2025,CUST-395,Michael Wilson,North,Chat,billing,Medium,Olivia,85.1,2,Pending
TKT-13214,06/04/2025,CUST-241,Emma Davis,North,Email,billing,Medium,James,81.8,4,Resolved
TKT-13215,15/01/2025,CUST-611,Daniel Thomas,West,Chat,Delivery ,High,Olivia,76.2,3,Pending 
TKT-13216,19/03/2025,CUST-960,David Brown,North,Phone,Refund,High,JOHN,94.8,1,Open
TKT-13217,28/05/2025,CUST-267,Michael Wilson,West,Chat,Delivery,High,David,45.7,5,Open
TKT-13218,11/08/2025,CUST-740,David Brown,East,Phone ,billing,Medium,Olivia,23.2,1,Resolved
TKT-13219,26/04/2025,CUST-452,Emma Davis,North,Email,Technical,Low,Sarah,99.1,5,Open
TKT-13220,02/07/2025,CUST-988,David Brown,South,email,Account,Medium,Emma,55.8,1,Pending
TKT-13221,10/02/2025,CUST-597,James Taylor,Noth,Phone,TECHNICAL,Medium,Sarah,35.0,4,Escalated
TKT-13222,17/12/2025,CUST-264,Anna Smith,Sth,Phone,Delivery,High,Emma,33.6,2,Escalated
TKT-13223,18/09/2025,CUST-873,Daniel Thomas,West,CHAT,billing,Medium,David,61.3,1,Resolved
TKT-13224,18/02/2025,CUST-392,Sophia Anderson,South,Phone,Account,Medium,Emma,29.9,2,Resolved
TKT-13225,28/03/2025,CUST-324,Anna Smith,West,Chat,Delivery ,Low,James,51.1,1,Escalated
TKT-13226,15/06/2025,CUST-206,David Brown, East,Phone,Delivery,High,James,63.7,5,Escalated
TKT-13227,27/05/2025,CUST-623,David Brown,West,Chat,Technical,High,David ,87.0,1,OPEN
TKT-13228,15/04/2025,CUST-798,John Miller,North,Phone,Billing,Low,David,21.7,4,Pending
TKT-13229,04/12/2025,CUST-283,Anna Smith,West,Chat,Technical,Low,Olivia,54.9,5,Resolved
TKT-13230,22/06/2025,CUST-325,Daniel Thomas,West,Email,Delivery ,Low,John ,38.4,5,Pending
TKT-13231,26/12/2025,CUST-491,Daniel Thomas,West,Phone,Technical,Low,Olivia ,11.4,4,Pending
TKT-13232,26/07/2025,CUST-639,Michael Wilson,North,Phone,Delivery,Low,James,66.7,5,Escalated
TKT-13233,05/08/2025,CUST-480,Sarah Khan,West,Email,Refund,Low,Emma,48.2,3,Open
TKT-13234,18/09/2025,CUST-643,Olivia Moore,West,Email,Delivery,Medium,Olivia,11.1,5,Pending
TKT-13235,09/10/2025,CUST-766,James Taylor,West,Chat,Account,Low,MICHAEL,28.6,2,Escalated
TKT-13236,23/02/2025,CUST-502,Olivia Moore,West,Chat,Billing,High,Michael,99.5,5,Open
TKT-13237,03/08/2026,CUST-555,Daniel Thomas,South,email,TECHNICAL,Medium,Sarah,24.2,4,OPEN
TKT-13238,21/01/2026,CUST-651,Michael Wilson,North,Phone,TECHNICAL,High,,Pending,3,Pending
TKT-13239,20/09/2025,CUST-652,Sarah Khan,North,Phone,Billing,Low,James,25.9,3,Open
TKT-13240,26/04/2025,CUST-296,Emma Davis,South,Chat,Delivery ,High,SARAH,45.2,2,Open
TKT-13241,21/09/2025,CUST-279,Sarah Khan,East,Phone,TECHNICAL,Medium,Mary,12.0,3,resolved
TKT-13242,09/02/2025,CUST-334,David Brown, East,Chat,Delivery ,Medium,James,28.4,5,Pending
TKT-13243,18/08/2025,CUST-487,David Brown,Noth,Phone,Account,High,John,1.1,2,Resolved
TKT-13244,05/07/2025,CUST-600,Daniel Thomas,South,Email,billing,Medium,Sarah,76.0,1,Resolved
TKT-13245,15/11/2025,CUST-772,David Brown,Sth,Phone,Technical,High,Olivia,20.0,4,Resolved
TKT-13246,21/01/2025,CUST-407,Sophia Anderson,East,Phone,Account,Low,Mary,95.5,5,Resolved
TKT-13247,16/03/2025,CUST-341,James Taylor, East,Email,Delivery,Medium,John,59.2,2,Open
TKT-13248,01/08/2025,CUST-879,James Taylor,West,Phone,Refund,Medium,James,68.4,5,Open
TKT-13249,13/07/2025,CUST-577,James Taylor,North,Email,Delivery,High,Sarah,Unknown,4,Open
TKT-13250,08/12/2025,CUST-294,Sophia Anderson,South,email,Billing,Medium,John,87.5,5,Pending
TKT-13251,02/08/2025,CUST-234,Michael Wilson,East,Chat,billing,Low,John ,48.1,1,Escalated
TKT-13252,05/09/2025,CUST-544,Emma Davis,East,Email,Technical,High,Sarah,Unknown,5,Escalated
TKT-13253,14/04/2025,CUST-194,Emma Davis,West,Phone,Account,High,Mary,14.1,2,Open
TKT-13254,20/05/2025,CUST-215,Emma Davis,North,Phone ,Technical,High,,18.3,2,Resolved
TKT-13255,06/05/2025,CUST-188,Sophia Anderson,South,Email,Technical,Low,MARY,5.5,4,Resolved
TKT-13256,05/09/2025,CUST-627,Emma Davis,South,Phone,Delivery,High,Sarah,97.8,4,Pending
TKT-13257,04/08/2025,CUST-889,David Brown,West,Phone,Technical,Medium,David,35.0,3,Open
TKT-13258,19/07/2025,CUST-483,James Taylor,Noth,Email,Delivery,Low,Michael,12.1,3,OPEN
TKT-13259,01/11/2025,CUST-640,Daniel Thomas,North,email,Refund,Low,Michael,92.3,4,Resolved
TKT-13260,03/08/2025,CUST-450,Daniel Thomas,West,Phone,Technical,Low,Mary,N/A,5,Resolved
TKT-13261,18/11/2025,CUST-424,Anna Smith,West,Email,Account,Medium,John,52.5,2,Resolved
TKT-13262,09/11/2025,CUST-291,James Taylor,East,email,Technical,Low,Emma,46.0,4,Open
TKT-13263,20/03/2025,CUST-994,Emma Davis,West,Chat,Delivery ,Medium,John,36.4,1,Open
TKT-13264,12/02/2025,CUST-538,Anna Smith,South,Chat,Technical,High,Michael,82.9,1,Pending
TKT-13265,23/05/2025,CUST-281,Sarah Khan,North,Email,Technical,Medium,Michael ,44.8,2,Resolved
TKT-13266,10/03/2025,CUST-439,Michael Wilson,Sth,Phone ,billing,High,DAVID,74.2,2,Open
TKT-13267,07/10/2025,CUST-298,Daniel Thomas,North,Chat,Account,Low,James,15.6,3,Open
TKT-13268,24/03/2025,CUST-364,David Brown,South,Phone,Delivery,Low,Mary ,14.9,,Open
TKT-13269,17/03/2025,CUST-449,Sarah Khan,East,Phone ,Delivery,High,SARAH,Pending,4,Pending
TKT-13270,25/02/2025,CUST-945,Michael Wilson,North,Phone,Technical,High,David,83.8,5,Resolved
TKT-13271,17/05/2025,CUST-723,John Miller,West,Phone,Technical,Medium,Mary,6.5,4,Resolved
TKT-13272,27/02/2025,CUST-430,Sarah Khan,Sth,Phone,Account,Medium,John,97.0,1,Pending
TKT-13273,16/06/2025,CUST-642,Daniel Thomas,West,Phone,Billing,High,John,58.8,4,Open
TKT-13274,03/04/2025,CUST-320,John Miller,North,Phone,Technical,Medium,Michael,78.8,4,Open
TKT-13275,14/07/2025,CUST-193,John Miller,East,Phone,Account,Medium,Emma,35.0,4,resolved
TKT-13276,23/09/2025,CUST-852,Olivia Moore,South,CHAT,Delivery,Low,Emma ,84.8,1,Resolved
TKT-13277,15/12/2025,CUST-531,Anna Smith,South,email,Technical,Low,David ,34.6,3,Pending
TKT-13278,16/02/2025,CUST-277,Anna Smith,North,Phone,Delivery,Medium,Sarah,Pending,1,Resolved
TKT-13279,12/12/2025,CUST-841,Daniel Thomas,East,Chat,Technical,Low,David,19.4,2,Resolved
TKT-13280,06/09/2025,CUST-862,Emma Davis,East,CHAT,Technical,Low,Olivia,5.5,1,Resolved
TKT-13281,17/06/2025,CUST-538,John Miller,South,Email,Delivery,Medium,David,30.7,1,Escalated
TKT-13282,10/02/2025,CUST-121,Olivia Moore,West,Chat,Delivery,Medium,Emma,34.1,4,Pending
TKT-13283,23/06/2025,CUST-638,John Miller,West,Phone,Billing,Low,,16.4,5,Open
TKT-13284,22/09/2025,CUST-301,Anna Smith,East,Phone,Refund,High,John,Pending,1,Pending
TKT-13285,09/10/2025,CUST-902,Michael Wilson,West,Email,Account,Low,Emma,93.2,5,Open
TKT-13286,17/01/2025,CUST-675,David Brown,East,CHAT,Delivery,Medium,James ,78.3,3,Escalated
TKT-13287,03/09/2025,CUST-456,James Taylor,West,Email,Technical,Medium,David,15.9,2,Pending
TKT-13288,11/10/2025,CUST-414,Daniel Thomas,West ,email,billing,Low,John ,24.1,1,Resolved
TKT-13289,07/01/2025,CUST-647,Emma Davis,West,Phone ,Technical,Medium,Sarah,58.9,3,resolved
TKT-13290,20/12/2025,CUST-131,Sophia Anderson,South,Chat,Delivery,Low,Emma,98.4,6,Pending
TKT-13291,12/10/2025,CUST-649,Olivia Moore,North,Chat,Refund,Medium,OLIVIA,49.3,5,Open
TKT-13292,17/08/2025,CUST-564,Sophia Anderson,West,Phone,Technical,High,Mary,59.6,1,OPEN
TKT-13293,02/08/2025,CUST-282,John Miller,West,email,billing,Medium,John ,57.1,2,Resolved
TKT-13294,23/06/2024,CUST-358,John Miller,East,Chat,Account,Medium,John ,81.8,5,Open
TKT-13295,27/10/2025,CUST-750,Daniel Thomas,East,Chat,Account,Medium,SARAH,78.9,1,Escalated
TKT-13296,18/05/2025,CUST-134,Anna Smith,North,Phone ,Billing,Medium,James,92.3,4,Open
TKT-13297,04/11/2025,CUST-971,Michael Wilson,North,Phone ,Refund,Low,John,44.8,2,Open
TKT-13298,04/03/2025,CUST-468,John Miller,South,Email,Delivery,Medium,Olivia,73.5,2,Pending
TKT-13299,07/12/2025,CUST-140,James Taylor,South,Phone,Technical,Medium,Mary,7.5,2,Open
TKT-13300,01/07/2025,CUST-969,David Brown,South,Phone,Delivery,Medium,Olivia,71.3,3,Open
TKT-13301,24/10/2025,CUST-363,Emma Davis,West,Chat,Billing,High,Emma,50.6,5,Resolved
TKT-13302,27/06/2025,CUST-534,Sophia Anderson,North,email,Account,Low,Michael,24.3,4,Resolved
TKT-13303,01/12/2025,CUST-404,David Brown,West,Chat,Billing,Medium,Sarah ,63.1,1,Resolved
TKT-13304,17/04/2025,CUST-727,Daniel Thomas,South,Phone,Technical,Low,John ,80.7,2,Escalated
TKT-13305,05/08/2025,CUST-988,Olivia Moore,East,Email,billing,Low,Mary,37.9,1,Resolved
TKT-13306,05/07/2025,CUST-812,Emma Davis,Sth,Phone,Account,Medium,James,59.2,2,Pending 
TKT-13307,01/06/2025,CUST-734,Emma Davis,South,Chat,Account,Low,Michael,33.3,3,Escalated
TKT-13308,13/01/2025,CUST-264,David Brown,North,Phone,Technical,High,Michael,64.4,2,Resolved
TKT-13309,08/01/2026,CUST-223,Emma Davis,North,Chat,Technical,Medium,James,72.9,2,Escalated
TKT-13310,05/05/2025,CUST-733,Emma Davis,West,Phone ,Account,Medium,Olivia,19.2,1,Resolved
TKT-13311,01/12/2025,CUST-340,Sophia Anderson,West,Phone ,Billing,Low,James,40.3,1,Escalated
TKT-13312,09/09/2025,CUST-309,Sophia Anderson,Sth,CHAT,Billing,Low,John,15.4,,Open
TKT-13313,13/02/2025,CUST-998,Anna Smith,South,Chat,Account,Medium,James,N/A,1,Escalated
TKT-13314,23/08/2025,CUST-513,Sarah Khan,South,Phone,Billing,Low,Emma,56.0,3,Pending
TKT-13315,26/12/2025,CUST-677,Olivia Moore,North,Email,Delivery,Low,Michael,54.9,2,Open
TKT-13316,07/04/2025,CUST-741,Michael Wilson,North,CHAT,Refund,Medium,Sarah,58.1,4,Resolved
TKT-13317,03/06/2026,CUST-489,David Brown,South,Email,Account,High,DAVID,21.9,2,Pending
TKT-13318,04/10/2025,CUST-310,John Miller,South,Email,Delivery,Medium,Emma,67.9,,Escalated
TKT-13319,27/09/2025,CUST-257,John Miller,North,Phone ,billing,Low,David,49.1,4,Open
TKT-13320,28/11/2025,CUST-701,Daniel Thomas,South,Chat,Account,Low,,76.0,3,Resolved
TKT-13321,28/10/2025,CUST-543,David Brown,Noth,Phone,Billing,Medium,David,55.1,5,Open
TKT-13322,15/06/2025,CUST-182,Sophia Anderson,North,email,Refund,High,James,83.0,1,Resolved
TKT-13323,04/10/2025,CUST-330,John Miller,East,Chat,Technical,Medium,John ,62.4,5,Open
TKT-13324,03/12/2025,CUST-171,Michael Wilson,East,Email,Delivery,High,Mary,46.5,3,Pending 
TKT-13325,20/03/2025,CUST-145,Michael Wilson,East,Phone,Billing,Medium,Emma,39.8,2,Pending
TKT-13326,13/09/2025,CUST-878,John Miller,Noth,Phone,Billing,Low,Mary,N/A,1,Pending
TKT-13327,06/08/2025,CUST-835,Michael Wilson, East,Email,Refund,Medium,Olivia ,78.6,4,resolved
TKT-13328,02/04/2025,CUST-268,John Miller,East,Chat,Delivery,Low,John,N/A,6,Escalated
TKT-13329,28/06/2025,CUST-242,Daniel Thomas,East,Phone ,Account,Low,Emma,40.6,4,Resolved
TKT-13330,27/02/2025,CUST-672,Anna Smith,Noth,Phone,Refund,Low,David ,6.0,4,resolved
TKT-13331,01/01/2025,CUST-273,Michael Wilson,West,Email,Account,High,Mary,23.7,7,Pending
TKT-13332,20/08/2025,CUST-414,Sophia Anderson,South,Phone,Delivery,Low,Mary,92.4,1,Open
TKT-13333,11/04/2025,CUST-639,James Taylor,West ,Chat,Billing,Low,Sarah,39.4,5,Escalated
TKT-13334,07/12/2025,CUST-323,John Miller,Noth,Phone ,Account,High,Olivia,48.7,4,resolved
TKT-13335,19/08/2025,CUST-768,Sarah Khan,South,Chat,Account,Medium,James,82.0,6,Open
TKT-13336,06/03/2025,CUST-776,Emma Davis,West,email,Delivery ,Medium,Emma,Pending,5,Pending 
TKT-13337,19/11/2025,CUST-821,John Miller,South,Email,Refund,Low,Sarah,36.5,2,Resolved
TKT-13338,10/12/2025,CUST-720,John Miller,North,Email,Delivery,Medium,Michael ,66.9,2,Resolved
TKT-13339,06/01/2025,CUST-894,Sarah Khan,West,Email,Technical,High,David,17.5,3,Open
TKT-13340,20/12/2025,CUST-214,Daniel Thomas,Sth,Chat,Account,Medium,Olivia,2.1,3,resolved
TKT-13341,10/02/2025,CUST-268,Emma Davis,West,Phone,Delivery,High,Mary,92.7,3,Resolved
TKT-13342,13/12/2025,CUST-531,James Taylor,East,CHAT,Delivery,Medium,Mary,44.6,4,OPEN
TKT-13343,22/03/2025,CUST-599,David Brown,Sth,Email,Account,Low,Sarah,73.7,2,Pending
TKT-13344,15/03/2025,CUST-223,Daniel Thomas,South,email,Delivery,Medium,JOHN,12.4,4,resolved
TKT-13345,14/09/2025,CUST-941,David Brown,East,Phone,Account,Low,Olivia,82.5,2,Open
TKT-13346,04/04/2025,CUST-182,David Brown,South,Phone,Refund,Medium,Sarah,14.4,5,Escalated
TKT-13347,17/10/2025,CUST-419,Sophia Anderson,North,Chat,Delivery,High,Sarah,98.9,1,Pending
TKT-13348,25/08/2025,CUST-381,John Miller,West,Phone,Technical,Medium,David,59.7,0,Pending
TKT-13349,18/04/2025,CUST-356,James Taylor,South,Phone,Account,Medium,John,75.7,4,Pending
TKT-13350,09/04/2025,CUST-757,James Taylor,South,Email,billing,Medium,Michael ,29.6,2,Pending
TKT-13351,07/09/2025,CUST-527,John Miller,West,CHAT,billing,Low,MICHAEL,99.8,2,resolved
TKT-13352,23/12/2025,CUST-950,Michael Wilson,North,Phone,Delivery,High,John,21.7,2,Open
TKT-13353,24/09/2025,CUST-483,James Taylor,East,Chat,Billing,Low,Michael,Unknown,1,Resolved
TKT-13354,15/07/2025,CUST-325,Michael Wilson,South,Email,Account,Low,James,20.2,2,Resolved
TKT-13355,26/02/2025,CUST-841,David Brown,Sth,Email,Refund,Low,James,16.2,1,Resolved
TKT-13356,27/09/2025,CUST-676,Olivia Moore,East,Email,Refund,Medium,JAMES,16.5,1,Resolved
TKT-13357,20/01/2025,CUST-768,Michael Wilson,Noth,Email,Billing,High,James,93.2,3,Resolved
TKT-13358,17/07/2025,CUST-416,Daniel Thomas,West,email,billing,Medium,Mary,71.1,2,OPEN
TKT-13359,06/08/2025,CUST-892,Daniel Thomas,South,Email,Delivery,Low,Emma,98.3,2,Resolved
TKT-13360,04/05/2025,CUST-430,Michael Wilson,North,Phone,Technical,High,James,75.4,1,Pending
TKT-13361,01/04/2025,CUST-238,Emma Davis,North,Email,Refund,Low,DAVID,16.5,4,Resolved
TKT-13362,17/07/2025,CUST-920,Daniel Thomas,South,Phone,Delivery ,High,Mary,78.6,5,Resolved
TKT-13363,03/01/2025,CUST-430,David Brown,South,email,Technical,Medium,JOHN,8.3,0,Pending
TKT-13364,08/03/2026,CUST-371,Sarah Khan,North,Phone,Billing,Medium,James,Pending,2,Open
TKT-13365,18/09/2025,CUST-683,Olivia Moore,West,Chat,Account,High,MICHAEL,77.8,3,Resolved
TKT-13366,08/03/2025,CUST-846,Anna Smith,North,Phone,Refund,Medium,EMMA,Unknown,1,Resolved
TKT-13367,07/01/2025,CUST-206,Anna Smith,North,Chat,Billing,Low,Sarah,54.2,3,Resolved
TKT-13368,24/03/2025,CUST-750,John Miller,Noth,Chat,Billing,Low,Emma,69.1,3,Resolved
TKT-13369,24/04/2025,CUST-162,James Taylor,East,email,Billing,Medium,OLIVIA,36.4,3,Open
TKT-13370,13/05/2025,CUST-833,Olivia Moore,Noth,Email,Account,High,Mary ,50.4,4,Pending 
TKT-13371,10/10/2025,CUST-380,Sarah Khan,West,Phone ,Delivery,Medium,JAMES,8.5,1,Resolved
TKT-13372,21/08/2025,CUST-494,Daniel Thomas,East,Phone ,Billing,High,David,86.9,7,Resolved
TKT-13373,21/11/2025,CUST-118,Sarah Khan,North,CHAT,Account,Medium,David,76.3,2,Escalated
TKT-13374,11/12/2025,CUST-281,Sarah Khan,North,Chat,Account,Medium,Michael,Unknown,2,Resolved
TKT-13375,19/03/2025,CUST-998,Olivia Moore,North,Chat,Delivery,Medium,Olivia,39.3,,Resolved
TKT-13376,12/04/2025,CUST-170,Daniel Thomas,North,CHAT,Delivery,Low,John,87.9,2,Open
TKT-13377,16/03/2025,CUST-929,Sophia Anderson,West,email,Refund,Medium,OLIVIA,23.5,2,Pending
TKT-13378,16/11/2025,CUST-153,Emma Davis,North,Email,billing,Medium,Sarah,62.7,2,Pending
TKT-13379,20/01/2025,CUST-990,Sophia Anderson,Noth,Phone,Refund,Low,Emma,Unknown,2,Open
TKT-13380,28/04/2025,CUST-820,Sarah Khan,South,Email,Billing,Medium,Olivia,9.5,5,Open
TKT-13381,10/05/2025,CUST-548,Sophia Anderson,Sth,Phone ,Delivery,Low,David,19.2,1,resolved
TKT-13382,03/10/2025,CUST-218,Anna Smith,North,email,Billing,Medium,Emma,36.0,3,Open
TKT-13383,17/06/2025,CUST-814,Emma Davis,East,Phone,Billing,High,James,67.1,5,Open
TKT-13384,17/02/2025,CUST-558,Anna Smith,West ,Chat,Billing,Low,OLIVIA,50.1,,Resolved
TKT-13385,18/06/2025,CUST-206,Sarah Khan,South,Email,Delivery,Medium,Mary,63.2,4,Resolved
TKT-13386,07/01/2025,CUST-571,Sarah Khan,North,Chat,Account,Medium,David,64.8,3,Escalated
TKT-13387,22/07/2025,CUST-954,Emma Davis,North,Email,Technical,Medium,Mary,Pending,,Pending
TKT-13388,16/08/2025,CUST-883,Daniel Thomas,North,Phone,Account,Medium,David,48.8,2,Open
TKT-13389,24/12/2025,CUST-831,Michael Wilson,West,Chat,Billing,High,JOHN,65.2,4,Resolved
TKT-13390,25/12/2025,CUST-265,James Taylor,East,Phone,Account,Medium,John,82.7,1,Pending
TKT-13391,03/04/2025,CUST-137,James Taylor,North,Chat,Billing,Low,James,85.0,,Resolved
TKT-13392,15/10/2025,CUST-982,David Brown,West,Chat,Account,Low,MARY,52.8,3,Open
TKT-13393,14/12/2025,CUST-248,David Brown,East,Phone,Technical,Low,Mary,54.8,5,Open
TKT-13394,14/12/2025,CUST-529,Michael Wilson,East,Phone,Billing,Low,John,30.1,4,Open
TKT-13395,08/10/2025,CUST-665,David Brown,North,Email,Technical,High,Sarah,62.3,5,Escalated
TKT-13396,05/10/2025,CUST-165,Emma Davis,West,Phone,Delivery,Medium,Michael,23.3,5,resolved
TKT-13397,08/07/2025,CUST-589,Michael Wilson,West,Email,Delivery ,Low,John,99.5,1,Open
TKT-13398,18/10/2025,CUST-615,Daniel Thomas,East,Email,Account,Medium,Sarah,9.9,5,Resolved
TKT-13399,27/07/2025,CUST-382,Michael Wilson,West,Email,Account,High,James,28.2,,Open
TKT-13400,13/07/2025,CUST-752,Olivia Moore,South,Phone,Account,Low,Olivia,69.8,,Resolved
TKT-13401,04/06/2025,CUST-512,Emma Davis,East,Phone,Refund,Medium,Emma,14.9,4,Pending
TKT-13402,05/11/2025,CUST-241,Olivia Moore,West ,Phone,Delivery,Medium,Sarah,71.5,4,Escalated
TKT-13403,05/09/2025,CUST-324,David Brown,Noth,Email,billing,Medium,Sarah,Unknown,5,Escalated
TKT-13404,24/07/2025,CUST-239,Anna Smith,South,email,billing,Low,John,Pending,5,Pending
TKT-13405,24/12/2025,CUST-866,Sarah Khan,West,Email,Account,Medium,David,31.8,5,resolved
TKT-13406,06/01/2025,CUST-694,David Brown,North,CHAT,Technical,Medium,Sarah ,81.4,2,Resolved
TKT-13407,01/10/2025,CUST-306,Daniel Thomas,East,Phone,Account,Low,Michael ,17.6,,Pending
TKT-13408,26/12/2025,CUST-428,Michael Wilson,West,email,Delivery,Low,Sarah,6.3,2,resolved
TKT-13409,05/06/2025,CUST-296,David Brown,South,Chat,Billing,Medium,Olivia,47.4,5,Resolved
TKT-13410,20/08/2025,CUST-754,Daniel Thomas,West,Phone ,Account,Medium,James,77.5,7,Open
TKT-13411,27/06/2025,CUST-864,John Miller,Sth,Phone,TECHNICAL,Low,James,Pending,3,Resolved
TKT-13412,20/03/2025,CUST-160,Michael Wilson,North,Chat,Billing,Low,James,39.6,0,Resolved
TKT-13413,22/01/2025,CUST-941,Olivia Moore,South,CHAT,Technical,Medium,James,10.7,1,Pending
TKT-13414,16/07/2025,CUST-691,Olivia Moore,West,Phone,Billing,Medium,Michael,24.1,0,Open
TKT-13415,20/11/2025,CUST-560,Sophia Anderson,West,Chat,Account,Low,Sarah,33.8,3,Open
TKT-13416,22/11/2025,CUST-737,David Brown,South,Chat,Billing,Low,Olivia,41.2,2,Escalated
TKT-13417,27/05/2025,CUST-576,Sarah Khan,North,Email,Billing,Medium,Mary,Pending,2,Resolved
TKT-13418,10/11/2025,CUST-758,Sophia Anderson,West,Email,Billing,Medium,Mary,72.8,1,resolved
TKT-13419,17/11/2025,CUST-173,Sophia Anderson,East,email,Refund,Medium,Mary,92.1,4,Open
TKT-13420,18/02/2025,CUST-410,David Brown,West,Chat,Account,Medium,John,91.7,3,Open
TKT-13421,18/01/2025,CUST-393,James Taylor,West,Phone,Technical,Medium,David,41.4,2,Open
TKT-13422,08/09/2025,CUST-666,Michael Wilson,East,Email,Delivery ,Low,John,71.0,5,Pending
TKT-13423,13/07/2025,CUST-708,Anna Smith,South,Chat,Technical,Medium,Emma,25.2,3,Escalated
TKT-13424,01/07/2025,CUST-980,Emma Davis,South,Phone,Refund,High,Sarah,21.4,5,Resolved
TKT-13425,10/07/2025,CUST-248,Olivia Moore,North,Chat,Billing,Low,Mary,39.4,1,Escalated
TKT-13426,17/12/2025,CUST-506,John Miller,West,CHAT,Refund,Medium,Michael,62.7,4,Escalated
TKT-13427,10/11/2025,CUST-592,David Brown,South,Email,Account,Medium,Olivia ,81.9,3,OPEN
TKT-13428,05/10/2025,CUST-810,Sarah Khan,West,CHAT,Technical,Low,Mary,93.1,5,Escalated
TKT-13429,12/03/2025,CUST-804,Daniel Thomas,South,email,Delivery,Low,Emma ,1.9,4,Pending
TKT-13430,09/09/2025,CUST-324,Michael Wilson,North,CHAT,Billing,Medium,Michael,67.8,1,Pending 
TKT-13431,27/09/2025,CUST-311,Olivia Moore,North,Phone,Technical,High,John,87.7,3,Pending 
TKT-13432,11/05/2025,CUST-888,Daniel Thomas,West,Phone,Technical,Medium,DAVID,24.4,5,Open
TKT-13433,12/09/2025,CUST-562,Anna Smith,West,Email,Account,Medium,John ,53.2,3,Resolved
TKT-13434,16/09/2025,CUST-389,Olivia Moore,South,email,Account,Medium,Olivia,73.0,3,Pending
TKT-13435,02/03/2025,CUST-999,David Brown,East,Email,billing,Low,Michael ,51.9,3,Escalated
TKT-13436,12/02/2025,CUST-752,Sophia Anderson,Noth,Email,Delivery,Low,Michael,21.4,5,Resolved
TKT-13437,03/06/2025,CUST-668,Emma Davis,West,Phone,billing,Medium,Michael,90.3,7,Resolved
TKT-13438,27/08/2025,CUST-473,Emma Davis,East,Chat,Technical,High,John,44.2,,Resolved
TKT-13439,21/09/2025,CUST-117,Sarah Khan,West,email,Refund,Low,DAVID,92.4,1,Resolved
TKT-13440,15/01/2025,CUST-416,Michael Wilson,East,Phone,Technical,Low,John,1.1,5,Pending
TKT-13441,26/11/2025,CUST-449,Daniel Thomas,North,Email,Billing,Low,Olivia,20.1,3,Escalated
TKT-13442,15/08/2025,CUST-797,Emma Davis,West,Phone,Billing,High,James ,65.3,2,Open
TKT-13443,12/10/2025,CUST-523,Sarah Khan,Sth,Phone ,Technical,Low,David,42.3,3,Resolved
TKT-13444,14/03/2026,CUST-762,James Taylor,South,Chat,billing,Medium,EMMA,2.4,3,Pending
TKT-13445,27/03/2025,CUST-641,Anna Smith,North,Phone,Billing,Medium,MARY,72.0,2,Pending
TKT-13446,28/09/2026,CUST-708,John Miller,West,email,Account,Medium,OLIVIA,74.6,3,Resolved
TKT-13447,18/07/2025,CUST-406,Michael Wilson,West,Phone,Billing,Medium,OLIVIA,53.1,1,resolved
TKT-13448,23/02/2025,CUST-111,James Taylor,South,Email,Delivery,Medium,Michael,74.5,1,Open
TKT-13449,11/02/2025,CUST-845,David Brown,West,Phone,Billing,Low,Emma ,12.5,1,Pending
TKT-13450,09/04/2025,CUST-610,Emma Davis,North,Phone,Technical,High,Michael,86.0,0,Resolved
TKT-13451,22/04/2025,CUST-130,Olivia Moore,East,Email,TECHNICAL,Medium,Mary,16.5,5,Resolved
TKT-13452,17/08/2025,CUST-789,Emma Davis,South,Chat,Billing,Low,Michael,34.2,1,Pending
TKT-13453,16/12/2025,CUST-221,Sarah Khan,North,Phone,Account,High,OLIVIA,63.7,3,Pending
TKT-13454,09/03/2025,CUST-943,Anna Smith,East,Email,Refund,Medium,Olivia,94.2,5,Resolved
TKT-13455,06/03/2025,CUST-422,James Taylor,Noth,Chat,Technical,Low,James ,60.6,3,Pending
TKT-13456,22/12/2025,CUST-577,Anna Smith,West,email,Delivery,Medium,Emma,Unknown,1,Resolved
TKT-13457,17/05/2025,CUST-444,James Taylor,North,Phone,Delivery,Low,Emma,45.9,5,Resolved
TKT-13458,26/12/2025,CUST-417,Michael Wilson,South,CHAT,Account,Low,Emma ,1.7,2,Escalated
TKT-13459,11/01/2025,CUST-188,Michael Wilson,East,CHAT,Billing,High,John,41.0,2,Open
TKT-13460,06/02/2025,CUST-192,Daniel Thomas,South,CHAT,Account,Low,Mary,49.9,1,Resolved
TKT-13461,13/11/2025,CUST-887,Sophia Anderson,East,Email,Account,High,David,83.8,,Pending
TKT-13462,04/02/2025,CUST-200,Michael Wilson,South,CHAT,Delivery,Medium,John,36.9,1,Resolved
TKT-13463,18/02/2025,CUST-767,John Miller,East,Phone ,Billing,Low,Emma,81.6,5,Open
TKT-13464,26/06/2025,CUST-330,David Brown,East,email,Delivery,Medium,Sarah,85.0,4,Resolved
TKT-13465,11/10/2025,CUST-488,Anna Smith,West,Chat,Delivery,Medium,Sarah,16.4,4,Open
TKT-13466,10/10/2025,CUST-371,Anna Smith,West,Email,Delivery ,Low,Olivia ,31.4,6,Resolved
TKT-13467,23/12/2025,CUST-440,Sarah Khan,East,Chat,Refund,Medium,Michael,3.0,3,Resolved
TKT-13468,01/06/2025,CUST-760,Michael Wilson,South,Email,Account,High,Sarah,7.0,2,Open
TKT-13469,01/06/2025,CUST-381,Emma Davis,South,Chat,Billing,Medium,Michael,52.9,1,Resolved
TKT-13470,18/02/2025,CUST-721,Anna Smith,East,CHAT,Delivery,Medium,David,89.9,1,Resolved
TKT-13471,28/02/2025,CUST-822,Michael Wilson,North,Email,Technical,Low,Emma,34.4,1,Resolved
TKT-13472,24/02/2025,CUST-382,Sarah Khan,South,Chat,Billing,High,Michael,34.3,5,Open
TKT-13473,26/06/2025,CUST-896,Michael Wilson,North,Email,Account,Low,Sarah,66.5,1,Pending
TKT-13474,08/10/2025,CUST-818,John Miller,South,Chat,Account,Medium,SARAH,63.3,5,Resolved
TKT-13475,15/01/2025,CUST-705,Olivia Moore,North,Email,Billing,Medium,James,8.8,4,Resolved
TKT-13476,15/01/2025,CUST-297,John Miller,North,Phone ,Delivery,Low,Emma,62.8,5,Escalated
TKT-13477,18/08/2025,CUST-348,Sarah Khan,Sth,Chat,Billing,Medium,James ,70.3,,Pending
TKT-13478,22/11/2025,CUST-801,Michael Wilson,South,Phone,Technical,Low,SARAH,17.4,5,Resolved
TKT-13479,11/12/2025,CUST-318,John Miller,East,Phone ,Billing,High,Sarah,61.9,4,Escalated
TKT-13480,27/11/2025,CUST-688,David Brown,South,Email,Technical,Low,Michael ,Pending,1,Escalated
TKT-13481,05/01/2025,CUST-838,Sarah Khan,West,Phone,billing,Medium,Emma,28.9,1,Resolved
TKT-13482,19/12/2025,CUST-998,Olivia Moore,South,Phone,Delivery ,Medium,James,Pending,4,Pending
TKT-13483,08/07/2025,CUST-486,John Miller, East,Phone,billing,High,John,40.5,4,Pending
TKT-13484,26/05/2025,CUST-469,Daniel Thomas,North,Chat,Technical,Low,Sarah,55.6,1,Pending 
TKT-13485,15/08/2025,CUST-310,Daniel Thomas,Noth,Chat,Account,Medium,James,23.9,2,Open
TKT-13486,26/02/2025,CUST-960,Emma Davis,North,CHAT,Account,Medium,SARAH,Unknown,3,Resolved
TKT-13487,23/05/2025,CUST-308,Emma Davis,East,Phone ,Delivery,Medium,Mary,2.2,5,Open
TKT-13488,09/10/2025,CUST-252,Anna Smith,North,Phone,Billing,Medium,Sarah,60.2,4,resolved
TKT-13489,05/03/2025,CUST-853,David Brown,West,Chat,Billing,Low,Sarah,33.0,3,Open
TKT-13490,10/06/2025,CUST-595,Sarah Khan,West,Phone,billing,Medium,Emma,32.6,4,Pending 
TKT-13491,04/03/2025,CUST-478,Olivia Moore,West,Email,Billing,Low,Mary,90.4,1,Resolved
TKT-13492,21/10/2025,CUST-223,Olivia Moore,East,Phone,Delivery,Medium,Sarah,80.4,3,resolved
TKT-13493,07/08/2025,CUST-574,Sarah Khan,East,Email,Technical,Low,David,70.7,2,Resolved
TKT-13494,12/03/2025,CUST-788,Daniel Thomas,East,Chat,billing,Low,Sarah ,94.4,5,Open
TKT-13495,05/07/2025,CUST-550,John Miller,Noth,Phone ,Billing,Low,James,81.4,2,Open
TKT-13496,01/05/2025,CUST-265,Sophia Anderson,West,Phone,Delivery ,Medium,OLIVIA,85.1,1,Open
TKT-13497,09/05/2025,CUST-984,Sophia Anderson,East,Phone,Billing,Low,EMMA,Unknown,1,Open
TKT-13498,08/02/2025,CUST-286,David Brown,West,Chat,Billing,Low,James,34.5,5,Pending
TKT-13499,02/07/2025,CUST-542,Emma Davis,East,Phone,Technical,Medium,James,42.7,1,Resolved
TKT-13500,22/08/2025,CUST-119,James Taylor,East,Chat,Delivery ,Medium,James,42.7,4,Open
TKT-13501,04/09/2025,CUST-801,Daniel Thomas,East,email,Refund,Low,Michael ,60.1,4,Escalated
TKT-13502,04/12/2025,CUST-623,Michael Wilson,South,Phone,Account,Medium,David ,15.0,3,Resolved
TKT-13503,14/12/2025,CUST-636,Daniel Thomas,North,CHAT,Account,Medium,John,64.6,3,Resolved
TKT-13504,14/12/2025,CUST-957,Michael Wilson,South,Phone ,Technical,High,Mary,77.4,4,Open
TKT-13505,06/11/2025,CUST-773,John Miller,North,Email,Refund,Medium,Michael,64.5,2,Pending
TKT-13506,12/09/2025,CUST-701,Sophia Anderson,Noth,Phone,Technical,Low,James,91.5,5,Open
TKT-13507,18/08/2025,CUST-555,James Taylor,South,email,Technical,Low,John,Unknown,2,Resolved
TKT-13508,15/08/2025,CUST-544,Emma Davis,East,CHAT,Delivery,Medium,Michael,31.6,1,Pending
TKT-13509,08/08/2025,CUST-406,John Miller,East,Chat,Account,High,MICHAEL,2.9,,Resolved
TKT-13510,02/12/2025,CUST-540,Michael Wilson,North,Email,Billing,Medium,OLIVIA,30.8,3,Open
TKT-13511,03/03/2025,CUST-494,Daniel Thomas,North,Phone,billing,Medium,Emma,29.5,2,Pending
TKT-13512,06/09/2025,CUST-835,Daniel Thomas,West,Phone,Delivery,Low,Sarah,17.8,2,Resolved
TKT-13513,13/05/2025,CUST-546,Anna Smith,Sth,Phone,Billing,Low,MARY,25.5,5,Open
TKT-13514,11/04/2025,CUST-152,Emma Davis,North,Phone,Account,Medium,David,25.1,2,Pending
TKT-13515,25/06/2025,CUST-609,David Brown,East,Phone,Delivery,Low,David ,69.0,1,Escalated
TKT-13516,04/08/2025,CUST-408,Daniel Thomas,West,Chat,Billing,Low,James,76.9,3,Open
TKT-13517,15/05/2025,CUST-586,Sophia Anderson,West,Email,Technical,Medium,James,77.3,3,Open
TKT-13518,04/09/2025,CUST-749,John Miller,West,Phone,Account,Low,DAVID,19.2,2,Resolved
TKT-13519,03/03/2025,CUST-973,Daniel Thomas,South,email,Technical,Low,Emma,14.6,5,Escalated
TKT-13520,28/01/2025,CUST-383,Daniel Thomas,West,Phone,Account,High,John,69.6,4,Resolved
TKT-13521,07/01/2025,CUST-194,Michael Wilson,North,Chat,Account,High,OLIVIA,96.4,5,Resolved
TKT-13522,03/09/2025,CUST-573,John Miller,South,Chat,Account,Medium,Emma,3.8,5,Resolved
TKT-13523,26/04/2025,CUST-393,Daniel Thomas,East,Phone,Account,Medium,Emma,86.7,3,Open
TKT-13524,04/03/2025,CUST-203,Sarah Khan,North,Phone,Refund,Medium,Mary,79.0,3,Resolved
TKT-13525,13/03/2025,CUST-843,Olivia Moore,South,email,Refund,High,Michael ,24.1,5,Open
TKT-13526,01/08/2025,CUST-634,Sarah Khan,South,Phone,Technical,Low,Sarah,13.5,5,Open
TKT-13527,16/12/2025,CUST-395,John Miller,South,Phone,Billing,Low,Mary,17.8,4,Open
TKT-13528,10/08/2025,CUST-866,David Brown,East,Email,Refund,Low,Olivia,17.4,2,OPEN
TKT-13529,20/01/2025,CUST-423,Michael Wilson,East,Phone,Technical,Medium,EMMA,38.5,,Resolved
TKT-13530,21/02/2025,CUST-266,John Miller,North,Chat,Delivery,Medium,OLIVIA,44.8,3,Resolved
TKT-13531,01/03/2025,CUST-329,Daniel Thomas,West,Phone,Account,Low,Mary,Unknown,5,Resolved
TKT-13532,11/11/2025,CUST-417,Anna Smith,South,Chat,Refund,High,,97.5,4,Resolved
TKT-13533,01/04/2025,CUST-968,Olivia Moore,East,Phone,Delivery,High,Sarah,33.8,4,Escalated
TKT-13534,06/03/2025,CUST-188,Michael Wilson,North,CHAT,billing,Medium,Olivia,36.6,3,Resolved
TKT-13535,28/08/2025,CUST-441,James Taylor,West,Email,Account,Medium,Sarah,71.2,3,Open
TKT-13536,28/06/2025,CUST-187,Olivia Moore,South,email,Billing,Medium,Olivia,67.8,5,Resolved
TKT-13537,17/11/2026,CUST-431,Anna Smith,North,Chat,Billing,High,Sarah,38.9,2,Open
TKT-13538,09/01/2025,CUST-822,Daniel Thomas,West,Phone,Delivery,High,James,57.6,1,Pending
TKT-13539,10/05/2025,CUST-138,Daniel Thomas,East,Phone ,Billing,Medium,Mary,90.6,3,Escalated
TKT-13540,14/11/2025,CUST-345,Sarah Khan,North,Email,billing,Low,MARY,8.4,5,Pending
TKT-13541,27/09/2025,CUST-149,Sarah Khan,West,Chat,Technical,Medium,,29.6,4,Resolved
TKT-13542,28/07/2025,CUST-792,Sophia Anderson,North,email,Refund,Low,James,22.2,5,OPEN
TKT-13543,13/10/2025,CUST-882,Daniel Thomas,East,Email,Account,Medium,Emma,78.9,5,Open
TKT-13544,19/09/2025,CUST-576,Olivia Moore,West,Email,Technical,Medium,Sarah,Pending,4,Resolved
TKT-13545,06/10/2025,CUST-856,Emma Davis,East,Chat,Account,High,Michael,4.5,3,Pending
TKT-13546,06/06/2025,CUST-176,Sophia Anderson,East,Phone,Technical,Low,Emma,32.5,,Open
TKT-13547,17/03/2025,CUST-231,John Miller,East,Chat,TECHNICAL,Low,John ,69.3,,Resolved
TKT-13548,02/01/2025,CUST-126,Emma Davis,North,Phone,Account,Medium,Olivia,N/A,4,Resolved
TKT-13549,25/03/2025,CUST-458,Anna Smith,East,Chat,Billing,High,John,59.1,0,Resolved
TKT-13550,28/03/2025,CUST-918,Sophia Anderson,Noth,Chat,Billing,Low,Sarah,70.2,1,Open
TKT-13551,05/01/2025,CUST-652,Sophia Anderson,West,Email,Billing,High,Olivia,9.9,1,Resolved
TKT-13552,15/01/2025,CUST-414,John Miller,North,Email,Technical,Low,MARY,72.7,3,Escalated
TKT-13553,25/06/2025,CUST-495,John Miller,North,CHAT,Delivery,High,,36.4,3,Escalated
TKT-13554,19/11/2025,CUST-952,John Miller,North,Phone,Delivery,Medium,Mary,17.3,2,Resolved
TKT-13555,07/07/2025,CUST-410,James Taylor,East,email,TECHNICAL,Medium,,Unknown,5,Resolved
TKT-13556,27/04/2025,CUST-900,James Taylor,Noth,Email,TECHNICAL,High,David,54.9,2,Pending
TKT-13557,06/02/2025,CUST-850,John Miller,East,Phone,Account,Medium,David,99.2,1,Open
TKT-13558,06/07/2025,CUST-543,Sophia Anderson,West,Phone,Billing,High,Michael,31.3,1,Pending
TKT-13559,24/10/2025,CUST-238,Sarah Khan,East,Phone,billing,Low,David,45.6,4,Resolved
TKT-13560,26/11/2025,CUST-336,David Brown,North,Email,Delivery,Medium,MICHAEL,16.1,3,Escalated
TKT-13561,24/07/2025,CUST-150,Sophia Anderson,West,Email,Refund,Low,JAMES,1.7,5,Escalated
TKT-13562,23/11/2025,CUST-249,Sophia Anderson,East,Phone,Delivery,Medium,JOHN,6.3,1,Resolved
TKT-13563,23/04/2025,CUST-948,Emma Davis,East,CHAT,Account,High,OLIVIA,17.4,3,Pending 
TKT-13564,02/07/2025,CUST-507,David Brown,West,Chat,Technical,Low,Sarah,85.6,3,OPEN
TKT-13565,20/03/2025,CUST-429,Emma Davis,South,Chat,Account,Medium,Emma,33.5,4,resolved
TKT-13566,28/01/2025,CUST-288,Sarah Khan,Sth,Chat,Delivery ,Low,Emma,89.0,5,OPEN
TKT-13567,26/10/2025,CUST-734,Michael Wilson,West,Email,Delivery ,Low,Olivia,4.3,4,Pending 
TKT-13568,19/11/2025,CUST-235,Sarah Khan,North,Phone ,Account,Medium,Sarah,83.3,4,Pending
TKT-13569,15/09/2025,CUST-175,David Brown,South,Email,Billing,Medium,Emma,44.2,1,Open
TKT-13570,27/09/2025,CUST-702,Michael Wilson,West,email,Account,Low,,80.0,2,Resolved
TKT-13571,07/03/2025,CUST-707,Olivia Moore,East,Email,Billing,Low,Mary,Unknown,1,Pending
TKT-13572,14/03/2025,CUST-291,Sarah Khan,East,Email,Delivery ,Low,John,87.6,4,resolved
TKT-13573,04/02/2025,CUST-339,Anna Smith,North,Chat,Refund,Medium,David,17.7,4,Resolved
TKT-13574,03/06/2025,CUST-222,Olivia Moore,North,Chat,Account,Medium,John,71.7,0,Open
TKT-13575,12/07/2025,CUST-397,James Taylor,East,Chat,Account,Medium,Michael,16.0,5,Open
TKT-13576,09/08/2025,CUST-268,Emma Davis,North,Phone,Technical,Medium,Mary,3.1,3,Open
TKT-13577,19/11/2025,CUST-615,Olivia Moore,East,Chat,Technical,Low,,Pending,2,Resolved
TKT-13578,18/11/2025,CUST-705,Sarah Khan,West,Email,Technical,Medium,Sarah ,59.9,1,Resolved
TKT-13579,22/06/2025,CUST-193,David Brown,East,Email,Billing,Medium,Olivia,87.9,5,resolved
TKT-13580,04/11/2025,CUST-614,Michael Wilson,West,Phone,billing,Medium,Emma,61.9,1,Resolved
TKT-13581,27/07/2025,CUST-573,Olivia Moore,Sth,Chat,Delivery,Medium,David,21.0,4,Resolved
TKT-13582,18/03/2025,CUST-241,John Miller,East,email,Technical,Low,John,66.5,2,Resolved
TKT-13583,03/02/2026,CUST-725,John Miller,East,Chat,Refund,High,OLIVIA,44.5,4,Escalated
TKT-13584,12/11/2025,CUST-270,Daniel Thomas,South,Email,Technical,Medium,,54.2,5,Resolved
TKT-13585,21/09/2025,CUST-373,James Taylor,Sth,CHAT,Delivery ,Low,Mary,45.6,,Pending
TKT-13586,17/05/2025,CUST-646,Anna Smith,East,Phone ,Delivery ,Medium,John,Unknown,4,Resolved
TKT-13587,06/01/2025,CUST-781,Michael Wilson,South,Email,Billing,Medium,Emma,10.5,4,Resolved
TKT-13588,23/01/2025,CUST-876,John Miller,East,Phone,Billing,Medium,MARY,99.5,1,Escalated
TKT-13589,06/02/2025,CUST-699,Sophia Anderson,North,Phone,Billing,Low,David,79.8,2,Resolved
TKT-13590,11/10/2025,CUST-839,Sarah Khan,East,Phone,billing,Low,Emma,73.2,1,resolved
TKT-13591,08/04/2025,CUST-396,Daniel Thomas,West,Chat,Technical,Medium,Emma,14.0,3,Open
TKT-13592,09/02/2025,CUST-647,James Taylor,West,Email,Delivery,Medium,James ,78.8,2,Escalated
TKT-13593,09/01/2025,CUST-361,John Miller,West,CHAT,Billing,Medium,Michael,5.1,2,Open
TKT-13594,17/05/2024,CUST-254,Daniel Thomas,North,Chat,Billing,Low,Emma ,40.7,5,OPEN
TKT-13595,17/10/2025,CUST-701,Olivia Moore,South,Chat,Account,High,JOHN,11.0,1,Resolved
TKT-13596,26/08/2025,CUST-957,Emma Davis,North,email,Technical,High,EMMA,60.1,5,Open
TKT-13597,10/06/2025,CUST-960,John Miller,West,email,Delivery ,Low,John,56.1,4,OPEN
TKT-13598,10/01/2025,CUST-116,Sarah Khan,West,Chat,Billing,High,James,87.0,1,Pending
TKT-13599,18/05/2025,CUST-265,Anna Smith,Sth,Email,Billing,High,DAVID,64.5,4,Resolved
TKT-13600,16/04/2025,CUST-884,Daniel Thomas,East,Phone,Delivery,Medium,Emma,24.7,5,Escalated
TKT-13601,15/10/2026,CUST-603,David Brown,South,Email,Account,Low,David,21.0,4,Pending
TKT-13602,21/01/2025,CUST-961,James Taylor, East,Phone,Account,High,David,Unknown,2,resolved
TKT-13603,21/04/2025,CUST-494,David Brown,Sth,Phone ,billing,High,James,52.3,0,Pending
TKT-13604,26/09/2025,CUST-510,David Brown,South,Email,Delivery,High,Michael,45.1,2,Resolved
TKT-13605,21/03/2025,CUST-879,Emma Davis,West ,Email,Technical,Medium,Mary,14.8,2,Escalated
TKT-13606,28/10/2025,CUST-366,Michael Wilson,North,Phone,Delivery,High,Sarah,70.0,1,Pending
TKT-13607,08/12/2025,CUST-654,Anna Smith,North,Email,Delivery,High,Sarah,53.0,1,Resolved
TKT-13608,03/02/2025,CUST-507,Michael Wilson,North,Email,Refund,High,David,62.0,5,resolved
TKT-13609,07/11/2025,CUST-203,Anna Smith,South,Email,Technical,Medium,Michael,27.5,3,Open
TKT-13610,13/06/2025,CUST-802,Daniel Thomas,West,CHAT,Account,Medium,Mary,24.7,2,Open
TKT-13611,24/03/2025,CUST-118,Olivia Moore,North,Phone,Billing,Medium,EMMA,55.3,4,Resolved
TKT-13612,22/06/2025,CUST-118,John Miller,Sth,Email,Billing,Medium,Mary,38.2,5,Pending
TKT-13613,15/03/2025,CUST-178,Sarah Khan,East,Chat,Billing,Low,Emma ,Unknown,3,Resolved
TKT-13614,13/08/2025,CUST-152,John Miller,South,Chat,billing,Medium,Mary,8.5,5,Open
TKT-13615,04/03/2025,CUST-102,David Brown,South,CHAT,Delivery,Low,MICHAEL,66.1,1,resolved
TKT-13616,11/07/2025,CUST-827,Olivia Moore,West,Chat,Delivery ,Medium,Olivia ,96.8,2,Open
TKT-13617,16/07/2025,CUST-196,Emma Davis,East,Email,Technical,Medium,Emma,39.2,1,Open
TKT-13618,15/04/2025,CUST-893,Emma Davis,West,email,Account,Medium,John,26.2,5,Open
TKT-13619,07/09/2025,CUST-813,John Miller,East,Chat,Delivery,Low,James,48.3,1,Resolved
TKT-13620,09/11/2025,CUST-782,Olivia Moore,North,Phone ,Account,Medium,Mary,83.1,4,Resolved
TKT-13621,01/12/2025,CUST-282,Michael Wilson,North,Chat,Billing,Medium,David,51.5,3,Resolved
TKT-13622,06/10/2025,CUST-137,John Miller,Sth,Phone,Account,Medium,James,26.2,2,resolved
TKT-13623,22/11/2025,CUST-259,Emma Davis,West,Phone,Delivery,Medium,JAMES,80.7,,resolved
TKT-13624,26/12/2025,CUST-351,Anna Smith,West ,Phone,Account,Low,John,41.1,2,Pending
TKT-13625,26/02/2025,CUST-373,Anna Smith,East,Phone,Refund,High,Michael ,8.2,5,Open
TKT-13626,09/12/2025,CUST-751,Sophia Anderson,East,Chat,Billing,Low,Mary,16.1,1,Resolved
TKT-13627,09/06/2025,CUST-742,Emma Davis,Noth,Phone,Delivery,Medium,Mary,17.7,2,Pending
TKT-13628,15/08/2025,CUST-133,James Taylor,West,Email,Billing,High,James,18.3,1,Pending
TKT-13629,02/02/2025,CUST-411,Olivia Moore,North,Chat,Account,Medium,James,30.1,,Resolved
TKT-13630,16/12/2025,CUST-795,Anna Smith,East,Chat,Refund,High,David,40.9,1,Resolved
TKT-13631,27/09/2025,CUST-483,James Taylor,East,Phone,Technical,Medium,Sarah ,44.9,4,Pending
TKT-13632,04/12/2025,CUST-433,Sarah Khan,East,Phone ,Technical,Low,Emma,40.7,1,Resolved
TKT-13633,13/04/2025,CUST-683,Daniel Thomas,South,Phone,Delivery,Low,MARY,2.6,3,Open
TKT-13634,14/10/2025,CUST-667,John Miller,West,Email,Billing,Low,JOHN,Pending,1,Resolved
TKT-13635,03/09/2025,CUST-950,Sarah Khan,South,Phone ,Delivery,Low,Emma,21.3,2,Resolved
TKT-13636,01/08/2025,CUST-649,Anna Smith,East,Chat,Account,Low,John,55.9,4,Resolved
TKT-13637,12/05/2025,CUST-937,Anna Smith,East,email,Billing,High,James,37.1,2,Resolved
TKT-13638,17/01/2025,CUST-683,David Brown,North,Chat,Delivery,Medium,MICHAEL,65.1,2,Open
TKT-13639,11/03/2025,CUST-439,Michael Wilson,West,Phone,Delivery,High,David,6.8,5,Escalated
TKT-13640,05/10/2025,CUST-305,James Taylor,Noth,Chat,Delivery,Medium,James,Unknown,4,Resolved
TKT-13641,23/10/2025,CUST-427,Emma Davis,South,CHAT,Technical,High,James,87.1,2,Pending
TKT-13642,03/01/2025,CUST-937,Emma Davis,East,email,Billing,Medium,James,73.2,3,Open
TKT-13643,05/11/2025,CUST-824,Emma Davis,West,Email,Technical,Medium,John,Pending,4,Pending
TKT-13644,01/01/2025,CUST-305,Michael Wilson,North,Phone,Delivery,Low,JOHN,62.7,1,Pending
TKT-13645,26/05/2025,CUST-185,John Miller,West,Email,billing,Low,MARY,19.8,3,Pending
TKT-13646,16/05/2025,CUST-613,Michael Wilson,East,Email,Technical,Low,,4.2,2,Pending 
TKT-13647,16/06/2025,CUST-290,Olivia Moore,North,Chat,Account,Low,James,69.8,3,Open
TKT-13648,02/08/2025,CUST-291,Sarah Khan,East,Chat,Billing,Low,,30.2,4,resolved
TKT-13649,05/02/2025,CUST-126,James Taylor,North,email,Billing,Medium,MARY,30.5,,Pending
TKT-13650,11/04/2025,CUST-453,Emma Davis,East,Chat,Technical,High,John,Unknown,2,Resolved
TKT-13651,20/01/2025,CUST-779,Olivia Moore,West,Phone,Technical,High,MARY,15.0,1,Resolved
TKT-13652,10/06/2025,CUST-739,Anna Smith,West,CHAT,Refund,Medium,Michael,79.0,3,Pending
TKT-13653,02/09/2025,CUST-490,Emma Davis, East,Email,Billing,Low,David,57.6,3,Open
TKT-13654,20/03/2025,CUST-484,David Brown,South,CHAT,TECHNICAL,Medium,,39.5,1,Open
TKT-13655,26/06/2025,CUST-164,Emma Davis,North,Phone ,Delivery,High,MARY,51.4,1,Pending
TKT-13656,20/02/2025,CUST-390,David Brown,Sth,Phone,Delivery,High,Emma,N/A,2,Resolved
TKT-13657,10/07/2025,CUST-522,Sophia Anderson,North,Email,Delivery,High,Olivia,12.1,5,Escalated
TKT-13658,26/01/2025,CUST-233,Michael Wilson,North,email,Delivery,Low,Sarah,60.5,1,Pending
TKT-13659,20/08/2025,CUST-627,Emma Davis,South,Phone,Account,High,Emma,3.9,3,Resolved
TKT-13660,20/01/2025,CUST-365,Sarah Khan,South,CHAT,Delivery,Medium,EMMA,82.7,1,Pending
TKT-13661,06/04/2025,CUST-572,John Miller,North,Phone,Delivery,Medium,Olivia ,19.9,4,Resolved
TKT-13662,27/10/2025,CUST-309,James Taylor,North,Chat,Account,Medium,David,65.9,1,Open
TKT-13663,19/04/2025,CUST-856,Daniel Thomas,North,Email,Refund,Low,SARAH,65.4,1,resolved
TKT-13664,11/06/2025,CUST-713,Daniel Thomas,West,Chat,Billing,High,,65.3,3,Resolved
TKT-13665,02/09/2025,CUST-777,Emma Davis,West,Phone ,Technical,Low,Mary ,47.1,3,Resolved
TKT-13666,20/10/2025,CUST-499,David Brown,Sth,Email,Delivery,Low,Sarah,22.1,3,Open
TKT-13667,15/03/2025,CUST-857,David Brown,West,Email,Billing,Medium,Michael,41.8,1,Resolved
TKT-13668,09/02/2025,CUST-460,Daniel Thomas,South,Phone,Delivery,Medium,Emma,9.1,7,Open
TKT-13669,27/11/2025,CUST-776,Olivia Moore,West,Phone ,Technical,Low,Emma ,Pending,3,Resolved
TKT-13670,17/04/2025,CUST-688,Sarah Khan,East,Chat,Account,Medium,,18.1,4,Open
TKT-13671,25/11/2025,CUST-743,Michael Wilson,North,Chat,Account,Low,Emma,50.5,4,Pending
TKT-13672,03/10/2025,CUST-265,Sarah Khan,Noth,Phone,billing,High,MARY,97.8,2,Pending
TKT-13673,23/09/2025,CUST-168,Emma Davis,South,email,Technical,Medium,John,50.7,4,resolved
TKT-13674,08/05/2025,CUST-620,James Taylor,North,Chat,billing,Medium,John,13.0,3,Resolved
TKT-13675,16/09/2025,CUST-495,Michael Wilson,South,Phone,Billing,Low,Olivia,47.6,4,Escalated
TKT-13676,08/01/2025,CUST-179,David Brown,West,Email,Technical,Medium,Michael,55.0,1,Open
TKT-13677,16/10/2025,CUST-870,Sophia Anderson,South,Phone,Delivery,Medium,Michael,18.6,4,Escalated
TKT-13678,25/11/2025,CUST-303,Olivia Moore,West,Chat,Account,Medium,SARAH,78.8,4,OPEN
TKT-13679,08/02/2025,CUST-435,Anna Smith,West ,Phone,Delivery,Low,JOHN,27.0,1,Open
TKT-13680,25/12/2025,CUST-485,David Brown,South,CHAT,Delivery,High,John,9.0,4,Pending
TKT-13681,22/02/2025,CUST-286,John Miller,Noth,CHAT,Account,Medium,John,96.7,4,Pending
TKT-13682,12/01/2025,CUST-423,James Taylor,East,Phone,Billing,Medium,David ,51.8,1,Open
TKT-13683,09/01/2025,CUST-630,Sarah Khan,West,Email,Technical,High,Olivia,48.9,1,Resolved
TKT-13684,28/02/2025,CUST-378,Michael Wilson,Noth,Chat,Delivery ,Low,John,60.9,1,Pending
TKT-13685,21/06/2025,CUST-895,David Brown,West,Phone,Delivery,High,Sarah,95.3,3,Open
TKT-13686,16/08/2025,CUST-878,Sophia Anderson,North,Phone,Billing,Medium,John,16.1,2,Open
TKT-13687,12/11/2025,CUST-726,Olivia Moore,West,Phone ,Delivery,Medium,Mary,46.6,3,Resolved
TKT-13688,03/05/2025,CUST-876,Sophia Anderson,West,Chat,Billing,Medium,Sarah,50.6,4,Open
TKT-13689,07/09/2025,CUST-672,Emma Davis,North,email,Billing,High,MICHAEL,90.8,,Open
TKT-13690,01/04/2025,CUST-589,David Brown,West,Email,Technical,Medium,Mary,94.4,2,Pending
TKT-13691,06/06/2025,CUST-862,Olivia Moore,West,Phone,Technical,Medium,David,42.3,3,Resolved
TKT-13692,03/05/2025,CUST-263,Emma Davis,South,Phone,Billing,Low,Sarah,30.3,2,Resolved
TKT-13693,23/09/2025,CUST-508,David Brown,East,Email,Refund,Low,John,18.2,2,Resolved
TKT-13694,11/01/2025,CUST-977,John Miller,West,email,Delivery,Medium,Olivia,Unknown,5,Resolved
TKT-13695,01/07/2025,CUST-744,Olivia Moore,North,Chat,Billing,Medium,James,Unknown,3,Open
TKT-13696,20/05/2025,CUST-997,Anna Smith,South,Chat,Billing,High,David,73.7,,Resolved
TKT-13697,11/03/2025,CUST-838,John Miller,West,Email,billing,Medium,John ,24.0,1,Pending
TKT-13698,13/06/2025,CUST-819,David Brown,South,Chat,Technical,Low,Emma,70.7,5,Open
TKT-13699,24/04/2025,CUST-311,James Taylor,South,Chat,Delivery,High,Michael,60.8,2,Pending
TKT-13700,09/12/2025,CUST-976,John Miller, East,email,Technical,High,Emma,11.8,3,OPEN
TKT-13701,14/02/2025,CUST-598,Sophia Anderson,West,Chat,Technical,Low,David,49.0,,Pending
TKT-13702,10/01/2025,CUST-674,James Taylor,West,Chat,Technical,Medium,MICHAEL,70.0,,Resolved
TKT-13703,05/06/2025,CUST-925,Sophia Anderson,East,email,Delivery,Low,Sarah,8.3,2,Resolved
TKT-13704,03/03/2025,CUST-818,James Taylor,West,Chat,Account,Low,JAMES,9.1,5,Resolved
TKT-13705,04/08/2025,CUST-253,John Miller,North,Email,Technical,Medium,John ,13.9,2,Open
TKT-13706,13/09/2025,CUST-582,Emma Davis,East,Phone,Billing,Low,MARY,41.3,4,Resolved
TKT-13707,28/04/2024,CUST-131,Anna Smith,North,Chat,Delivery,Medium,James,47.6,1,Resolved
TKT-13708,14/06/2025,CUST-174,Sophia Anderson,North,Chat,Technical,Medium,James,66.9,1,Resolved
TKT-13709,22/10/2025,CUST-999,Daniel Thomas,West ,Email,Delivery,High,Michael,89.8,4,Pending
TKT-13710,28/02/2025,CUST-897,John Miller,West,Chat,Technical,Low,Olivia,83.6,0,Escalated
TKT-13711,11/08/2025,CUST-625,Sophia Anderson,North,Email,Account,Medium,Michael,Unknown,4,Resolved
TKT-13712,05/10/2025,CUST-951,Sarah Khan,West,Chat,Account,High,Emma,15.2,2,Open
TKT-13713,10/09/2025,CUST-999,Anna Smith,North,Phone,Delivery,Low,James ,20.0,7,Open
TKT-13714,10/01/2025,CUST-143,David Brown,South,Phone,Delivery,Medium,David,Pending,5,Resolved
TKT-13715,22/12/2025,CUST-401,Anna Smith,South,Phone,Delivery,Medium,Michael ,33.5,4,Pending
TKT-13716,20/01/2025,CUST-481,Sophia Anderson,West ,Phone,billing,Low,Michael ,44.7,4,Resolved
TKT-13717,07/03/2025,CUST-639,Daniel Thomas,West,Chat,TECHNICAL,Medium,Michael,83.1,2,Resolved
TKT-13718,01/04/2025,CUST-773,David Brown,East,Phone,billing,Medium,Sarah,25.7,4,resolved
TKT-13719,13/09/2025,CUST-378,Michael Wilson,West,CHAT,Delivery,Medium,Emma,27.8,1,Resolved
TKT-13720,09/07/2025,CUST-760,David Brown,South,Chat,Account,Low,Sarah,76.7,3,Open
TKT-13721,05/08/2025,CUST-403,Michael Wilson,East,Phone,Refund,High,David,89.7,1,Open
TKT-13722,18/04/2025,CUST-760,David Brown,Noth,Phone,Billing,High,John,96.8,3,Resolved
TKT-13723,06/06/2025,CUST-880,Olivia Moore,East,Phone ,Technical,Medium,Sarah,45.7,4,Resolved
TKT-13724,27/11/2025,CUST-620,Sarah Khan,South,Phone,Technical,High,Emma,81.0,3,Resolved
TKT-13725,17/10/2025,CUST-958,Michael Wilson,North,Chat,Billing,High,Michael,Unknown,5,Open
TKT-13726,17/04/2025,CUST-749,Olivia Moore, East,Chat,billing,Low,James,76.0,4,OPEN
TKT-13727,12/07/2025,CUST-556,James Taylor,East,CHAT,Account,High,JAMES,37.8,4,Open
TKT-13728,03/10/2025,CUST-122,Michael Wilson,West,Chat,billing,Low,Olivia,22.8,2,resolved
TKT-13729,01/12/2025,CUST-905,James Taylor, East,Email,Account,Low,Michael,54.7,2,Resolved
TKT-13730,05/10/2025,CUST-134,Emma Davis,East,CHAT,Technical,High,Emma,64.3,5,Resolved
TKT-13731,21/08/2025,CUST-696,Emma Davis,East,CHAT,Account,High,OLIVIA,6.8,1,Escalated
TKT-13732,10/01/2025,CUST-822,Sarah Khan,South,CHAT,Technical,Medium,Michael,27.8,1,Open
TKT-13733,14/06/2025,CUST-132,Sarah Khan,South,CHAT,Refund,High,Sarah,55.4,1,Open
TKT-13734,17/03/2025,CUST-272,David Brown,West ,Email,Account,Medium,Mary,4.0,5,Resolved
TKT-13735,01/08/2025,CUST-246,David Brown,East,CHAT,Delivery,Medium,Olivia,17.6,2,Open
TKT-13736,04/11/2025,CUST-238,Michael Wilson,East,Chat,Billing,Medium,DAVID,5.3,5,Escalated
TKT-13737,21/04/2025,CUST-975,Olivia Moore,South,email,Delivery ,Low,JAMES,Unknown,1,Escalated
TKT-13738,13/02/2025,CUST-728,Sarah Khan,West,Email,Technical,Low,Olivia ,6.4,5,Pending
TKT-13739,04/04/2025,CUST-902,Anna Smith,South,CHAT,Delivery ,Low,SARAH,33.4,2,Resolved
TKT-13740,06/01/2025,CUST-625,Olivia Moore,North,CHAT,Delivery ,Low,James,12.0,1,Resolved
TKT-13741,02/05/2025,CUST-789,Anna Smith,North,Chat,Technical,Medium,David,84.8,4,Open
TKT-13742,28/11/2025,CUST-147,Anna Smith,Sth,Phone,Billing,Medium,Olivia,N/A,3,Open
TKT-13743,17/11/2025,CUST-158,Anna Smith,South,Phone,Billing,Medium,James,87.1,4,Open
TKT-13744,05/12/2025,CUST-752,Michael Wilson,North,Email,Delivery,Medium,Olivia,94.7,5,Resolved
TKT-13745,04/04/2024,CUST-390,Michael Wilson,North,Email,Technical,High,John,91.9,1,Pending
TKT-13746,16/04/2025,CUST-736,Sarah Khan,East,email,Billing,Medium,Emma,36.3,2,Pending
TKT-13747,27/02/2025,CUST-502,Anna Smith,North,CHAT,Technical,Low,Mary,70.7,1,Resolved
TKT-13748,19/07/2025,CUST-942,David Brown,North,Email,Technical,Medium,Michael,96.7,1,Escalated
TKT-13749,27/09/2025,CUST-917,Anna Smith,East,Phone,Technical,Medium,Olivia,Unknown,1,Escalated
TKT-13750,02/12/2025,CUST-316,Michael Wilson,North,Chat,Refund,High,Sarah,85.9,5,Escalated
TKT-13751,16/12/2025,CUST-115,James Taylor,East,Phone,Refund,Medium,Michael,15.9,5,Resolved
TKT-13752,26/10/2025,CUST-316,Michael Wilson,Sth,email,Delivery,Medium,Mary,40.4,3,Open
TKT-13753,11/11/2025,CUST-406,Olivia Moore,West,Chat,TECHNICAL,Medium,Olivia,1.9,5,Resolved
TKT-13754,11/04/2025,CUST-860,Emma Davis,East,email,Billing,High,Olivia,30.4,2,Escalated
TKT-13755,16/11/2024,CUST-869,Michael Wilson,West,email,Technical,Medium,Michael,52.5,,Resolved
TKT-13756,08/01/2025,CUST-281,Anna Smith,North,Phone,Billing,Medium,James,66.4,1,Resolved
TKT-13757,12/09/2024,CUST-521,David Brown,North,Chat,Refund,Medium,Mary,41.6,2,Open
TKT-13758,02/10/2025,CUST-324,Sarah Khan,East,Email,Account,High,Olivia,24.5,4,Open
TKT-13759,04/08/2025,CUST-578,David Brown,West,email,Technical,Low,DAVID,Unknown,2,Resolved
TKT-13760,23/02/2025,CUST-962,Daniel Thomas,North,CHAT,Account,Low,David,71.0,3,Resolved
TKT-13761,17/09/2025,CUST-558,John Miller,North,email,billing,Medium,Emma,68.1,5,Resolved
TKT-13762,26/05/2025,CUST-658,Michael Wilson,South,Chat,Delivery,Medium,MARY,12.9,2,Open
TKT-13763,03/05/2025,CUST-345,Olivia Moore,East,Chat,Account,High,EMMA,49.6,2,Resolved
TKT-13764,07/10/2024,CUST-985,David Brown, East,Phone ,Billing,Low,James,2.7,6,Pending
TKT-13765,11/06/2025,CUST-842,Michael Wilson,North,Email,TECHNICAL,Low,Sarah,79.6,5,Open
TKT-13766,28/02/2025,CUST-423,Daniel Thomas,East,Email,Account,Medium,David,90.4,2,Resolved
TKT-13767,25/12/2025,CUST-390,James Taylor,North,Email,Account,Low,Mary,8.3,5,OPEN
TKT-13768,19/02/2025,CUST-707,Sophia Anderson,West,Phone,Account,Medium,,67.4,4,Open
TKT-13769,16/03/2025,CUST-338,Michael Wilson,East,Phone ,Technical,Medium,Olivia,63.6,1,Pending
TKT-13770,25/06/2025,CUST-169,Anna Smith,West,Chat,Delivery ,Low,John,24.3,4,Pending
TKT-13771,06/09/2025,CUST-339,David Brown,South,Chat,Account,Medium,Emma,54.3,3,resolved
TKT-13772,22/12/2025,CUST-798,James Taylor,West,Phone ,Account,Low,,74.0,3,Pending
TKT-13773,19/08/2025,CUST-536,Emma Davis,South,Email,Technical,Low,John,79.8,3,OPEN
TKT-13774,09/10/2025,CUST-271,Daniel Thomas,North,Email,Delivery,Medium,Emma,60.4,2,Resolved
TKT-13775,26/09/2025,CUST-318,David Brown,North,CHAT,Technical,Medium,Michael,35.9,3,Open
TKT-13776,09/10/2025,CUST-926,David Brown,West,Email,Refund,Low,John,Pending,5,Pending
TKT-13777,07/07/2025,CUST-728,Emma Davis,Noth,Email,billing,Medium,James ,25.3,3,Pending
TKT-13778,20/08/2025,CUST-305,John Miller,South,email,Technical,Low,Michael,37.9,5,Pending 
TKT-13779,08/07/2025,CUST-629,Olivia Moore,East,email,Technical,High,EMMA,23.6,2,Resolved
TKT-13780,02/03/2025,CUST-864,John Miller,West,Phone,Technical,High,Mary ,68.3,1,Pending
TKT-13781,26/03/2025,CUST-236,Daniel Thomas,West,Chat,Billing,High,John,69.0,4,Open
TKT-13782,19/02/2025,CUST-647,Sophia Anderson,South,Phone,Account,Medium,David,49.9,5,Pending
TKT-13783,25/06/2025,CUST-415,Olivia Moore,North,CHAT,billing,Low,Olivia,16.6,2,Open
TKT-13784,06/02/2025,CUST-566,David Brown,East,Chat,Billing,Medium,Mary,2.6,5,Pending
TKT-13785,11/02/2025,CUST-892,Olivia Moore,North,Phone,Billing,Low,JAMES,18.6,4,Resolved
TKT-13786,08/06/2025,CUST-694,Emma Davis,East,email,Billing,Medium,James,76.8,5,Open
TKT-13787,17/02/2025,CUST-305,James Taylor,North,Phone,Account,Low,James,1.9,1,Resolved
TKT-13788,27/07/2025,CUST-435,Sarah Khan,South,Email,Delivery,Low,Sarah,Unknown,7,Open
TKT-13789,10/10/2025,CUST-650,Sarah Khan,West,Chat,Refund,Medium,,98.1,2,Pending
TKT-13790,27/02/2025,CUST-396,Emma Davis,North,Chat,Delivery,Medium,Olivia,2.8,5,Pending
TKT-13791,19/08/2025,CUST-650,David Brown,South,Phone,Delivery,High,Mary,N/A,3,Resolved
TKT-13792,26/09/2025,CUST-666,Daniel Thomas,East,Email,Billing,High,Olivia,37.8,0,Open
TKT-13793,08/11/2025,CUST-278,Sophia Anderson,West,Email,Technical,Low,MARY,2.0,4,Resolved
TKT-13794,24/07/2025,CUST-507,John Miller,South,Phone,Billing,Low,John,5.5,4,Pending
TKT-13795,19/03/2025,CUST-458,James Taylor,South,email,Billing,High,Sarah,Pending,5,Pending
TKT-13796,05/08/2025,CUST-200,Sarah Khan,West ,Phone,billing,Low,Emma ,57.0,4,resolved
TKT-13797,03/09/2025,CUST-453,Sarah Khan,North,Phone,Refund,Low,David,73.0,,Resolved
TKT-13798,17/02/2025,CUST-959,Daniel Thomas,East,Chat,Billing,Medium,John,67.1,3,Open
TKT-13799,20/04/2025,CUST-170,Olivia Moore,West,Phone,Technical,Low,Michael ,90.2,,Escalated
TKT-13800,06/01/2025,CUST-822,Sophia Anderson,West,Phone,Billing,Medium,MARY,7.4,5,Pending
TKT-13801,15/02/2025,CUST-770,Sophia Anderson,East,Phone,Technical,High,EMMA,74.9,3,Resolved
TKT-13802,22/02/2025,CUST-393,John Miller, East,Phone ,Delivery,High,James,57.6,2,Escalated
TKT-13803,12/06/2025,CUST-875,Emma Davis,South,email,Delivery,High,Olivia,69.8,2,Resolved
TKT-13804,28/09/2025,CUST-964,Sarah Khan,Noth,Chat,Billing,Medium,OLIVIA,15.3,,Resolved
TKT-13805,17/12/2025,CUST-815,Anna Smith,South,email,Refund,Medium,David,38.3,1,Open
TKT-13806,24/08/2025,CUST-604,James Taylor,South,CHAT,Technical,Medium,Emma ,13.2,4,Pending
TKT-13807,24/08/2025,CUST-119,Anna Smith,East,Email,Delivery,High,Mary,43.2,5,Open
TKT-13808,10/01/2025,CUST-547,Emma Davis,East,Phone ,Account,Low,Olivia,42.4,2,Pending
TKT-13809,04/04/2025,CUST-261,Sarah Khan,South,Email,Billing,Low,JOHN,48.7,2,resolved
TKT-13810,04/01/2025,CUST-836,Michael Wilson,North,email,Billing,High,Michael,72.7,3,Resolved
TKT-13811,17/01/2025,CUST-635,David Brown,East,Chat,Technical,Low,Sarah ,1.9,2,Escalated
TKT-13812,08/11/2026,CUST-241,Sarah Khan,East,Email,Account,High,David,5.8,5,Pending 
TKT-13813,12/06/2025,CUST-919,Sophia Anderson,East,email,Technical,Low,Mary,71.9,1,resolved
TKT-13814,03/10/2025,CUST-506,Olivia Moore,South,email,Account,Medium,JAMES,5.8,4,Resolved
TKT-13815,24/08/2025,CUST-619,Daniel Thomas,South,Email,Billing,Medium,Michael,92.8,,Resolved
TKT-13816,16/03/2025,CUST-875,Olivia Moore,East,email,Refund,Medium,Michael,50.5,5,Escalated
TKT-13817,09/06/2025,CUST-412,James Taylor,East,Phone,Technical,Medium,John,57.5,5,Open
TKT-13818,13/09/2025,CUST-731,Emma Davis,South,email,Account,High,Michael,4.0,1,Pending
TKT-13819,01/07/2025,CUST-960,Sarah Khan,West ,email,Technical,High,Mary,77.9,2,Resolved
TKT-13820,05/05/2025,CUST-892,Daniel Thomas,East,Phone,Delivery,Medium,Olivia,64.3,2,Pending
TKT-13821,11/02/2025,CUST-617,Anna Smith,West,Email,Delivery,High,Olivia,55.9,2,Resolved
TKT-13822,08/03/2025,CUST-998,Sophia Anderson,West,Phone,TECHNICAL,Medium,JOHN,79.8,1,Escalated
TKT-13823,26/03/2025,CUST-493,Olivia Moore,West,Chat,Technical,High,SARAH,87.4,1,Pending
TKT-13824,08/08/2025,CUST-205,Sophia Anderson,East,Phone,Technical,Low,MICHAEL,93.1,1,Pending
TKT-13825,09/02/2025,CUST-478,Sarah Khan,West,Phone,Refund,Medium,Michael,74.9,3,Resolved
TKT-13826,17/02/2025,CUST-498,Olivia Moore,North,email,Delivery,Medium,Mary,67.3,4,Pending
TKT-13827,03/12/2025,CUST-862,Sarah Khan,West,Phone,Billing,Medium,James ,48.7,4,Resolved
TKT-13828,08/10/2025,CUST-887,John Miller,North,Email,Technical,Medium,James,33.2,3,OPEN
TKT-13829,04/12/2025,CUST-710,Emma Davis,East,email,Technical,Medium,Sarah,94.4,3,Pending
TKT-13830,05/06/2025,CUST-852,Olivia Moore,West,Phone,Delivery,Low,Emma,47.9,3,Pending
TKT-13831,11/12/2025,CUST-541,Anna Smith,Sth,Email,Refund,Medium,Michael,19.6,3,Resolved
TKT-13832,23/10/2026,CUST-898,Daniel Thomas,West,Phone ,Account,High,Emma,39.2,1,Escalated
TKT-13833,27/11/2025,CUST-581,David Brown,East,CHAT,Billing,Low,Sarah,84.7,3,Pending
TKT-13834,03/10/2025,CUST-414,David Brown,West,Email,Technical,Low,David ,23.7,,Resolved
TKT-13835,16/05/2025,CUST-266,Sophia Anderson,West ,Email,Account,Medium,Michael,Pending,7,Resolved
TKT-13836,08/05/2025,CUST-709,Emma Davis, East,Email,Account,Low,Sarah,60.8,4,Resolved
TKT-13837,12/12/2025,CUST-946,John Miller,South,CHAT,Billing,Low,Emma ,96.0,2,Open
TKT-13838,12/07/2025,CUST-263,Olivia Moore,East,Chat,Technical,High,Emma,37.3,3,Escalated
TKT-13839,10/03/2025,CUST-262,John Miller,West,Chat,Delivery ,Low,Michael,52.9,5,Resolved
TKT-13840,24/03/2025,CUST-327,John Miller,West,CHAT,Billing,Medium,Sarah ,Unknown,5,Open
TKT-13841,12/02/2025,CUST-941,David Brown,East,Phone,Delivery,Medium,Olivia,84.8,3,Resolved
TKT-13842,28/02/2026,CUST-935,Sarah Khan,Noth,Chat,Technical,High,Sarah ,73.9,2,Resolved
TKT-13843,14/05/2025,CUST-565,Olivia Moore,Noth,Chat,Delivery,Low,Sarah,80.3,1,Escalated
TKT-13844,02/08/2025,CUST-631,Sophia Anderson,East,Phone,billing,High,David,97.8,,resolved
TKT-13845,10/07/2025,CUST-827,Anna Smith,West,Phone,Account,Low,Mary,69.3,4,Escalated
TKT-13846,12/02/2025,CUST-269,James Taylor,East,Phone,Billing,Medium,David,N/A,5,Open
TKT-13847,28/04/2025,CUST-406,David Brown,West,Phone ,Delivery,Medium,Sarah,48.4,2,Resolved
TKT-13848,08/01/2025,CUST-174,Anna Smith,West,Phone,Billing,High,John,53.9,2,Resolved
TKT-13849,26/07/2025,CUST-318,Sarah Khan,East,Phone,Technical,High,Mary,28.6,5,Resolved
TKT-13850,20/06/2025,CUST-504,Sophia Anderson,East,email,Account,High,Sarah,79.9,2,Pending 
TKT-13851,02/07/2025,CUST-609,Emma Davis,East,Chat,Technical,Low,Michael ,62.9,5,Pending
TKT-13852,07/12/2025,CUST-590,Anna Smith,North,Email,Refund,Medium,OLIVIA,92.6,5,Open
TKT-13853,06/01/2025,CUST-186,Michael Wilson,West,Email,Technical,High,John,37.2,4,Open
TKT-13854,12/12/2025,CUST-257,Emma Davis,East,Chat,Technical,Medium,Michael,56.9,3,Resolved
TKT-13855,07/09/2025,CUST-535,James Taylor,West,Phone ,Account,Medium,Michael,69.1,1,Pending 
TKT-13856,22/05/2025,CUST-648,Michael Wilson,North,Chat,Account,Medium,John ,Pending,2,Pending
TKT-13857,04/11/2025,CUST-689,Emma Davis,North,Email,TECHNICAL,Low,Sarah,91.4,2,Open
TKT-13858,26/09/2025,CUST-444,Daniel Thomas,North,Email,Technical,Medium,Olivia,18.1,1,Pending
TKT-13859,20/02/2025,CUST-760,Emma Davis,South,Phone,Delivery,Low,Michael,61.2,4,Pending
TKT-13860,28/07/2025,CUST-450,Olivia Moore,North,Phone,Technical,Medium,JAMES,65.0,2,Resolved
TKT-13861,15/10/2025,CUST-560,John Miller,West,Phone,billing,Medium,Mary,92.2,2,Resolved
TKT-13862,22/07/2025,CUST-166,Michael Wilson,West,Phone,Billing,Medium,,5.1,,Resolved
TKT-13863,28/03/2025,CUST-407,Sophia Anderson,West,Phone,Billing,Low,Mary,50.4,4,Pending
TKT-13864,09/11/2025,CUST-677,Sophia Anderson,South,Email,Delivery,Medium,Emma,3.9,5,Escalated
TKT-13865,23/06/2025,CUST-604,James Taylor,North,Phone,Delivery,Low,Sarah,50.0,3,Escalated
TKT-13866,01/04/2025,CUST-684,John Miller,North,Phone,Billing,High,,75.5,3,Pending
TKT-13867,01/06/2025,CUST-324,Sophia Anderson,West,Email,Billing,Low,EMMA,47.4,5,Pending
TKT-13868,02/08/2025,CUST-932,David Brown,East,Chat,Delivery,Medium,James,22.6,1,Pending
TKT-13869,03/08/2025,CUST-141,Anna Smith,West,Chat,Technical,Medium,Sarah,97.5,,Open
TKT-13870,21/09/2025,CUST-858,Daniel Thomas,North,Phone,Technical,Low,James,25.6,4,Resolved
TKT-13871,12/05/2025,CUST-930,Sarah Khan,West,Email,Billing,Medium,Emma,46.8,2,Pending
TKT-13872,07/08/2025,CUST-358,David Brown,West,Chat,Delivery,Low,Emma,44.9,4,Resolved
TKT-13873,05/09/2025,CUST-689,Sophia Anderson,East,Chat,Delivery,Medium,James,78.9,5,Resolved
TKT-13874,09/10/2025,CUST-881,Daniel Thomas,North,Phone,Refund,High,Mary ,86.7,1,Resolved
TKT-13875,18/09/2025,CUST-419,James Taylor,West,email,billing,Medium,James,21.3,3,Resolved
TKT-13876,14/01/2025,CUST-754,Anna Smith,North,Chat,billing,Low,Michael ,Unknown,,Escalated
TKT-13877,23/04/2025,CUST-532,Daniel Thomas,North,Email,Billing,Low,John,43.7,2,Escalated
TKT-13878,16/08/2025,CUST-703,David Brown,South,Phone,TECHNICAL,Low,Mary,Unknown,2,Pending
TKT-13879,11/11/2025,CUST-130,Sophia Anderson,Sth,CHAT,Billing,High,Olivia,14.4,3,Resolved
TKT-13880,20/12/2025,CUST-296,James Taylor,West ,Phone ,Delivery,Medium,Olivia ,66.2,5,Open
TKT-13881,28/05/2025,CUST-518,Emma Davis,East,Email,Billing,High,John,82.1,3,Open
TKT-13882,02/08/2025,CUST-514,John Miller,South,Email,Delivery,Low,Olivia,9.9,3,Pending
TKT-13883,08/01/2025,CUST-438,Michael Wilson,West,email,Delivery,Medium,Michael,47.4,2,Resolved
TKT-13884,20/04/2025,CUST-263,Olivia Moore,South,email,Refund,Medium,John,4.4,3,Pending
TKT-13885,20/06/2025,CUST-623,Anna Smith,North,Phone,Delivery,Medium,James,N/A,4,Escalated
TKT-13886,22/05/2025,CUST-251,Michael Wilson,Sth,Phone,Account,Medium,John ,N/A,5,Resolved
TKT-13887,25/01/2025,CUST-358,Michael Wilson,North,Chat,billing,Medium,James,Unknown,4,Open
TKT-13888,24/08/2025,CUST-515,Anna Smith,North,Email,Billing,Medium,Emma,17.0,1,Resolved
TKT-13889,27/04/2025,CUST-889,Sarah Khan,North,Email,Billing,Medium,James,Pending,3,Resolved
TKT-13890,10/07/2025,CUST-172,Michael Wilson,South,Email,Billing,Medium,Olivia,56.7,6,Open
TKT-13891,04/07/2025,CUST-904,Olivia Moore,West,Phone,Account,Low,Olivia,84.4,2,Pending 
TKT-13892,10/01/2025,CUST-481,John Miller,South,Phone,Account,Low,Emma,12.9,5,Resolved
TKT-13893,28/03/2025,CUST-346,Sophia Anderson,West,Phone,Account,Low,JAMES,16.3,1,Pending
TKT-13894,16/02/2025,CUST-627,Anna Smith,West,Email,Account,Low,Emma,32.9,3,Resolved
TKT-13895,01/06/2025,CUST-681,Sophia Anderson,North,Chat,Account,Low,Olivia,20.2,5,Resolved
TKT-13896,26/10/2025,CUST-293,James Taylor,East,CHAT,Technical,Medium,Michael ,9.3,5,Resolved
TKT-13897,17/01/2025,CUST-793,Emma Davis,East,email,Delivery,Low,Michael,86.1,3,Pending
TKT-13898,10/09/2025,CUST-705,Sarah Khan,South,Chat,Account,Low,Sarah,34.2,2,Resolved
TKT-13899,02/01/2025,CUST-752,John Miller,East,Chat,Billing,Medium,David,48.5,2,Escalated
TKT-13900,22/12/2025,CUST-453,Olivia Moore,West,Email,Delivery,Low,Olivia ,68.4,0,Pending
TKT-13901,22/09/2025,CUST-693,John Miller,West,Phone ,Account,High,MICHAEL,2.2,3,Open
TKT-13902,05/06/2025,CUST-919,Michael Wilson,West ,Phone,Refund,Low,David,17.2,5,Pending
TKT-13903,23/10/2025,CUST-297,David Brown,East,Email,Delivery,Low,David,Pending,4,Resolved
TKT-13904,07/11/2025,CUST-146,James Taylor,East,Phone,Delivery,Low,JOHN,Unknown,1,Escalated
TKT-13905,20/11/2025,CUST-278,Daniel Thomas,East,Phone,Technical,Medium,Sarah,93.3,4,Pending
TKT-13906,25/10/2025,CUST-145,Olivia Moore,West,Phone,Account,Medium,James,85.4,1,Resolved
TKT-13907,16/04/2025,CUST-787,Michael Wilson,South,CHAT,Account,Low,James,53.5,1,Resolved
TKT-13908,06/01/2025,CUST-470,Michael Wilson,South,Email,billing,High,Emma,67.8,1,Resolved
TKT-13909,08/06/2025,CUST-359,Emma Davis,West,Phone,Refund,Medium,John,28.1,1,Escalated
TKT-13910,13/11/2025,CUST-883,David Brown,East,Chat,Technical,Medium,John,9.2,2,Open
TKT-13911,19/01/2025,CUST-976,Emma Davis,West,Phone,Account,Low,Olivia,71.7,4,Resolved
TKT-13912,16/02/2025,CUST-733,John Miller,South,Email,Technical,Medium,Olivia,8.5,3,Escalated
TKT-13913,08/03/2025,CUST-113,Emma Davis,West,Email,Delivery,High,Emma,10.3,2,Open
TKT-13914,06/08/2025,CUST-116,John Miller,North,Chat,Billing,Medium,Sarah,N/A,5,Pending 
TKT-13915,14/11/2025,CUST-818,Sophia Anderson,West,Chat,Delivery ,High,Michael,1.9,2,resolved
TKT-13916,16/10/2025,CUST-974,David Brown,South,Email,TECHNICAL,Low,DAVID,37.9,3,Resolved
TKT-13917,12/07/2025,CUST-412,Sophia Anderson,North,Phone,Delivery,Medium,SARAH,96.1,4,Pending
TKT-13918,04/08/2025,CUST-211,John Miller,North,Email,Account,Medium,Sarah,Pending,4,Resolved
TKT-13919,09/09/2025,CUST-687,Sophia Anderson,North,email,Refund,Medium,Sarah,50.3,3,Resolved
TKT-13920,19/08/2025,CUST-314,David Brown,West,Chat,Account,Low,Sarah,75.8,4,Resolved
TKT-13921,02/03/2025,CUST-885,David Brown,West,Email,Account,Medium,Olivia ,34.0,1,Resolved
TKT-13922,17/08/2025,CUST-427,Daniel Thomas,North,Email,Delivery,High,DAVID,59.5,5,Escalated
TKT-13923,04/07/2025,CUST-113,Olivia Moore,West,Phone,Account,Medium,David,Pending,1,Resolved
TKT-13924,27/06/2025,CUST-817,Sarah Khan,Noth,Email,TECHNICAL,High,Sarah,67.1,2,Open
TKT-13925,28/10/2025,CUST-590,Anna Smith,North,Email,Technical,Low,MARY,33.0,1,Resolved
TKT-13926,06/05/2025,CUST-962,David Brown,West,Phone,Technical,Low,James,65.0,2,Escalated
TKT-13927,07/08/2025,CUST-121,Sophia Anderson,South,Chat,Delivery,Medium,Sarah,86.5,2,Resolved
TKT-13928,27/07/2025,CUST-165,Sophia Anderson,North,Chat,Technical,Medium,David,22.8,5,Open
TKT-13929,04/06/2025,CUST-826,James Taylor, East,Phone ,Technical,Medium,James,10.5,3,Open
TKT-13930,18/01/2025,CUST-928,Michael Wilson,East,Chat,Technical,Low,John,3.1,3,Resolved
TKT-13931,20/05/2025,CUST-696,John Miller, East,Phone,Delivery ,Low,Sarah,6.8,4,Resolved
TKT-13932,23/02/2025,CUST-945,Michael Wilson,North,Chat,Delivery ,Medium,Michael ,73.9,5,Open
TKT-13933,20/01/2025,CUST-734,Sophia Anderson,North,Phone,Technical,Medium,Michael,Pending,1,Pending
TKT-13934,09/09/2025,CUST-973,Anna Smith,East,Chat,Account,Medium,Olivia,25.2,4,Escalated
TKT-13935,27/08/2025,CUST-557,Michael Wilson,South,Phone,TECHNICAL,Medium,David,43.6,2,Resolved
TKT-13936,28/05/2025,CUST-483,Sophia Anderson,East,Chat,Technical,Medium,Emma,73.8,3,Open
TKT-13937,15/11/2025,CUST-444,James Taylor,East,Chat,Technical,Medium,David,43.9,5,Pending
TKT-13938,18/12/2025,CUST-927,Sophia Anderson,Sth,Chat,Billing,Low,Emma,80.0,,Pending
TKT-13939,02/09/2025,CUST-841,Sophia Anderson,South,Email,Technical,Medium,Sarah,11.4,1,Resolved
TKT-13940,19/09/2024,CUST-423,Sarah Khan,South,Phone,Refund,Low,Michael,68.9,1,OPEN
TKT-13941,12/01/2025,CUST-882,Emma Davis,North,Phone,billing,Low,John,16.4,3,Resolved
TKT-13942,05/02/2025,CUST-945,John Miller,East,Chat,Account,Medium,Emma,N/A,4,Resolved
TKT-13943,19/11/2025,CUST-640,Daniel Thomas,North,Chat,Account,Low,MARY,51.0,1,Pending
TKT-13944,25/08/2025,CUST-180,David Brown,South,Phone,Account,Medium,,16.6,4,Resolved
TKT-13945,09/02/2025,CUST-674,Emma Davis,East,Phone,Delivery,Medium,Michael,10.8,5,Resolved
TKT-13946,07/12/2025,CUST-913,Sarah Khan,East,Email,Delivery ,High,EMMA,12.4,2,Resolved
TKT-13947,06/07/2025,CUST-349,David Brown,East,Phone ,Account,Medium,David,89.2,3,Open
TKT-13948,12/09/2025,CUST-619,Olivia Moore,North,Phone,Account,Low,John,44.5,5,Resolved
TKT-13949,16/11/2025,CUST-653,Anna Smith,East,Phone,Technical,Medium,John,71.6,2,Open
TKT-13950,04/03/2025,CUST-673,Anna Smith,North,Chat,Billing,Low,,18.5,1,Escalated
TKT-13951,03/11/2025,CUST-264,David Brown,East,Phone,Billing,Low,Emma ,74.6,1,resolved
TKT-13952,19/12/2025,CUST-399,Emma Davis,North,Chat,Technical,Medium,,7.6,3,Pending
TKT-13953,02/06/2025,CUST-411,Sarah Khan,Noth,Phone,Billing,Medium,David ,50.5,5,Open
TKT-13954,11/06/2025,CUST-412,Sophia Anderson,West,CHAT,Account,Medium,Olivia,18.7,3,Resolved
TKT-13955,17/07/2025,CUST-633,Sophia Anderson,West,Phone,Delivery,Medium,Olivia ,Unknown,5,OPEN
TKT-13956,06/12/2025,CUST-136,James Taylor,South,CHAT,Refund,Medium,EMMA,42.5,3,OPEN
TKT-13957,19/03/2025,CUST-460,Sophia Anderson,South,CHAT,billing,Low,Sarah,31.4,4,Resolved
TKT-13958,22/09/2025,CUST-924,Olivia Moore,South,CHAT,Delivery,High,David,50.7,5,Escalated
TKT-13959,14/11/2026,CUST-998,Michael Wilson,East,Phone,Technical,Medium,JOHN,25.0,5,resolved
TKT-13960,07/04/2025,CUST-601,James Taylor,North,Chat,Delivery,High,Michael,41.5,1,Resolved
TKT-13961,10/11/2025,CUST-593,John Miller,West,email,Technical,Low,Michael,63.7,3,Resolved
TKT-13962,22/06/2025,CUST-939,Emma Davis,South,Email,Refund,Low,James,18.4,,Resolved
TKT-13963,15/03/2025,CUST-432,David Brown,East,CHAT,Billing,Low,James,41.7,3,Resolved
TKT-13964,03/09/2025,CUST-734,Sophia Anderson,North,Phone,Account,Medium,Michael ,52.8,5,Open
TKT-13965,24/08/2026,CUST-163,David Brown,East,Chat,Technical,Medium,DAVID,95.5,4,Open
TKT-13966,04/10/2025,CUST-407,Sarah Khan,South,Phone,Billing,Low,Olivia,55.8,5,Pending
TKT-13967,01/05/2025,CUST-803,Sarah Khan,North,Chat,Technical,Low,JAMES,5.6,2,Escalated
TKT-13968,26/08/2025,CUST-775,Sarah Khan,East,CHAT,Account,Medium,Olivia,39.1,2,Open
TKT-13969,13/10/2025,CUST-883,Emma Davis,East,Phone,Technical,Low,Olivia,84.2,5,Resolved
TKT-13970,22/07/2025,CUST-171,Sarah Khan,North,Email,billing,Medium,Olivia,54.3,4,Pending
TKT-13971,08/08/2026,CUST-138,Daniel Thomas,East,email,Account,Low,Mary,Pending,1,Resolved
TKT-13972,16/11/2025,CUST-960,Olivia Moore,South,Phone,Technical,Medium,James,8.7,4,OPEN
TKT-13973,14/04/2025,CUST-135,Sarah Khan,South,Chat,Billing,Medium,Emma,35.2,5,Open
TKT-13974,26/04/2025,CUST-974,Michael Wilson,West,Phone,Account,High,James,28.3,2,Open
TKT-13975,05/10/2025,CUST-560,Sophia Anderson,South,Email,TECHNICAL,Medium,Emma,89.2,3,Open
TKT-13976,19/03/2025,CUST-389,Emma Davis,East,Chat,TECHNICAL,Medium,David,Unknown,3,Open
TKT-13977,18/04/2025,CUST-909,David Brown,North,Email,Account,Medium,Olivia,73.9,2,Resolved
TKT-13978,17/06/2025,CUST-694,Michael Wilson,East,email,Account,Low,Olivia,31.6,1,Escalated
TKT-13979,07/10/2025,CUST-905,Michael Wilson,West ,email,Delivery,Medium,JOHN,28.6,3,Resolved
TKT-13980,17/06/2025,CUST-584,Sophia Anderson,North,Email,Account,High,John,38.8,3,Open
TKT-13981,01/05/2025,CUST-597,Michael Wilson,North,Email,Billing,Low,Sarah,99.2,1,Resolved
TKT-13982,06/08/2025,CUST-354,Emma Davis,East,email,Account,High,David,10.0,3,Resolved
TKT-13983,16/05/2025,CUST-391,Emma Davis,South,Phone,billing,Low,John,N/A,4,Open
TKT-13984,07/02/2025,CUST-323,Emma Davis,South,Chat,Account,Low,John,17.3,2,Open
TKT-13985,28/11/2025,CUST-951,Emma Davis,East,CHAT,Account,Low,David,N/A,4,Open
TKT-13986,09/08/2025,CUST-915,Anna Smith,West,Phone,Technical,Medium,John,46.8,2,Resolved
TKT-13987,03/04/2025,CUST-475,Michael Wilson,West,Chat,Account,High,Michael ,N/A,6,Open
TKT-13988,23/01/2025,CUST-989,James Taylor,West,Email,Technical,Low,Olivia ,55.0,1,Escalated
TKT-13989,13/11/2025,CUST-917,James Taylor,South,Chat,Delivery,Low,Michael,12.5,6,Open
TKT-13990,27/10/2025,CUST-553,David Brown,West,Email,Delivery,Medium,John,78.2,1,Resolved
TKT-13991,02/10/2025,CUST-558,Sarah Khan,South,Phone,Account,Low,JAMES,Unknown,,Resolved
TKT-13992,14/09/2025,CUST-844,Daniel Thomas,East,Email,Refund,High,Olivia,11.9,4,Resolved
TKT-13993,28/09/2025,CUST-947,Olivia Moore,West,Phone,Refund,Medium,James,23.0,4,Resolved
TKT-13994,14/10/2025,CUST-899,Anna Smith,East,email,Account,Low,David,9.5,5,Open
TKT-13995,09/09/2025,CUST-842,Michael Wilson,West,Chat,Technical,Medium,Olivia,31.9,1,Resolved
TKT-13996,24/10/2025,CUST-728,Sophia Anderson,East,Email,Billing,Low,Michael,55.8,3,Resolved
TKT-13997,15/09/2025,CUST-954,James Taylor,North,Email,TECHNICAL,Low,James,30.9,4,Open
TKT-13998,01/07/2025,CUST-263,Daniel Thomas,South,Phone,Technical,Low,John,75.0,5,Pending
TKT-13999,12/06/2025,CUST-773,Michael Wilson,East,CHAT,Delivery,Low,Emma,30.7,2,Resolved
TKT-14000,05/11/2025,CUST-536,James Taylor,West,Email,Delivery,Medium,John,61.7,5,Resolved
TKT-14001,21/07/2025,CUST-150,Emma Davis,West,Chat,Delivery,Low,Sarah,21.8,5,Resolved
TKT-14002,01/06/2025,CUST-673,James Taylor,Sth,Chat,Technical,Medium,JAMES,5.3,3,Resolved
TKT-14003,21/01/2025,CUST-903,Sarah Khan,East,Email,Account,Low,Olivia,60.1,4,Pending
TKT-14004,23/03/2024,CUST-551,Michael Wilson,North,Chat,Billing,High,JAMES,79.7,5,Open
TKT-14005,10/01/2025,CUST-418,Emma Davis,East,Chat,Billing,Medium,Emma,38.4,1,Resolved
TKT-14006,22/08/2025,CUST-205,Daniel Thomas,North,Chat,Delivery,Medium,Sarah,91.2,1,Escalated
TKT-14007,19/07/2025,CUST-358,Sophia Anderson,East,Email,Delivery,Medium,David,57.8,1,Pending
TKT-14008,21/02/2025,CUST-952,Olivia Moore,Sth,Phone ,Delivery,High,Emma ,97.3,4,Open
TKT-14009,07/08/2025,CUST-642,Emma Davis,East,Phone,Account,High,Sarah,19.9,2,Resolved
TKT-14010,06/08/2025,CUST-879,Sophia Anderson,North,Email,Account,Low,DAVID,29.5,4,Open
TKT-14011,21/11/2025,CUST-429,John Miller,South,Phone ,Account,High,James,67.8,2,Pending
TKT-14012,14/03/2025,CUST-671,Anna Smith,East,Phone,Delivery,High,Sarah,83.4,4,Resolved
TKT-14013,21/01/2025,CUST-540,David Brown,South,Chat,Delivery ,Low,John,65.5,1,Resolved
TKT-14014,06/11/2025,CUST-704,Michael Wilson,West,Chat,Account,Low,Emma,Pending,0,Resolved
TKT-14015,08/10/2025,CUST-359,Anna Smith,West,Chat,billing,Medium,John,48.4,,Escalated
TKT-14016,06/09/2025,CUST-536,Daniel Thomas,East,Phone,Delivery,Medium,Olivia,56.4,5,Open
TKT-14017,13/08/2025,CUST-818,Sarah Khan,North,Phone,Technical,High,John,7.1,1,Pending
TKT-14018,05/09/2025,CUST-692,Olivia Moore,South,Phone,Technical,Low,JOHN,34.3,4,Open
TKT-14019,11/06/2025,CUST-595,John Miller,South,Phone,Technical,Medium,John,34.0,2,Pending
TKT-14020,07/04/2025,CUST-923,Michael Wilson,South,Chat,Technical,Medium,John,Pending,5,Resolved
TKT-14021,12/03/2025,CUST-994,Daniel Thomas,West,Email,Delivery,Medium,MARY,Pending,,Pending
TKT-14022,06/12/2025,CUST-918,Sarah Khan,South,Chat,Delivery,Medium,MARY,53.5,1,Open
TKT-14023,24/05/2025,CUST-940,Sophia Anderson,East,email,Technical,Medium,John ,80.4,2,resolved
TKT-14024,23/10/2025,CUST-814,Michael Wilson,North,Phone,Billing,High,Michael,Unknown,5,Pending
TKT-14025,15/12/2025,CUST-435,Michael Wilson,North,Chat,Billing,Medium,Emma,37.6,3,Resolved
TKT-14026,19/01/2025,CUST-224,Sarah Khan,North,Email,Delivery,Low,Sarah,Unknown,5,Resolved
TKT-14027,17/01/2025,CUST-149,Daniel Thomas,Noth,Phone,Billing,Medium,Michael,3.0,4,Escalated
TKT-14028,03/10/2025,CUST-155,John Miller,East,Chat,Account,High,John,8.3,1,Open
TKT-14029,20/05/2025,CUST-556,Daniel Thomas,South,Email,Refund,High,Emma,2.0,7,Escalated
TKT-14030,13/03/2025,CUST-684,John Miller,West,Phone,Billing,High,Sarah,19.0,3,Resolved
TKT-14031,26/02/2025,CUST-148,Michael Wilson,West,Chat,TECHNICAL,Medium,David,42.2,6,Pending
TKT-14032,07/12/2025,CUST-822,Anna Smith,East,Phone,Account,Low,Michael,23.6,1,Open
TKT-14033,28/10/2025,CUST-648,John Miller,West,Email,Account,Medium,John,97.8,5,Resolved
TKT-14034,18/02/2025,CUST-714,Olivia Moore,West,Chat,Billing,Low,MARY,Unknown,2,Open
TKT-14035,20/06/2025,CUST-601,Michael Wilson,West,Email,Delivery,Medium,Emma,97.6,1,Resolved
TKT-14036,23/11/2025,CUST-818,Michael Wilson,East,Phone,Account,Low,Sarah,64.2,2,Pending
TKT-14037,12/03/2025,CUST-261,Anna Smith,South,email,Delivery,High,James,11.0,1,Resolved
TKT-14038,19/12/2025,CUST-184,Sophia Anderson,East,email,Delivery,Medium,Michael,11.6,4,Resolved
TKT-14039,17/07/2025,CUST-681,David Brown,South,Phone,Delivery,Low,Michael,86.1,4,Resolved
TKT-14040,25/03/2025,CUST-499,Emma Davis,South,Chat,Billing,Medium,MARY,86.3,3,Escalated
TKT-14041,21/08/2025,CUST-563,James Taylor,North,Chat,Technical,High,Sarah,85.2,2,Resolved
TKT-14042,05/10/2025,CUST-139,Olivia Moore,West,Email,Billing,Low,Mary,N/A,1,Resolved
TKT-14043,08/04/2025,CUST-521,Sarah Khan,West,CHAT,TECHNICAL,Medium,SARAH,63.5,2,Pending
TKT-14044,16/01/2025,CUST-285,Daniel Thomas,South,Chat,Technical,Low,Emma,79.5,4,Open
TKT-14045,04/02/2025,CUST-409,Sophia Anderson,North,Phone,Billing,High,David,75.8,4,resolved
TKT-14046,20/02/2025,CUST-588,Michael Wilson,South,CHAT,Technical,High,MICHAEL,98.3,5,OPEN
TKT-14047,25/06/2025,CUST-937,John Miller,West,Email,Account,Low,Mary,58.2,1,Open
TKT-14048,24/01/2025,CUST-217,Michael Wilson,North,Chat,Billing,High,Michael,41.0,3,Open
TKT-14049,11/03/2025,CUST-894,Anna Smith,West ,email,Refund,Low,Michael,11.2,5,Pending 
TKT-14050,10/11/2025,CUST-649,Sophia Anderson,West,Phone,Account,Medium,JOHN,47.5,3,Open
TKT-14051,15/06/2025,CUST-563,Sophia Anderson,North,email,Technical,High,EMMA,91.5,,Resolved
TKT-14052,23/01/2025,CUST-669,Michael Wilson,North,Email,Technical,High,Olivia,Unknown,5,Open
TKT-14053,10/11/2025,CUST-837,David Brown,West,CHAT,Technical,Medium,James,16.5,1,Open
TKT-14054,10/12/2025,CUST-176,David Brown,East,Phone,Delivery,High,Emma,Pending,1,Escalated
TKT-14055,09/06/2025,CUST-191,Olivia Moore,North,email,Technical,Medium,Olivia,58.0,5,OPEN
TKT-14056,18/05/2025,CUST-935,John Miller,South,Phone ,Billing,Low,Michael,3.1,2,Open
TKT-14057,27/07/2025,CUST-472,Olivia Moore,North,Email,Technical,Medium,Olivia,16.3,2,Open
TKT-14058,27/06/2025,CUST-709,Emma Davis,East,Phone ,Account,Medium,Olivia ,87.2,3,Open
TKT-14059,26/12/2025,CUST-594,Daniel Thomas,South,Email,Refund,Medium,John ,48.6,2,Open
TKT-14060,16/05/2025,CUST-766,Michael Wilson,East,Phone,Account,Medium,Sarah,7.2,5,Open
TKT-14061,01/02/2025,CUST-164,Emma Davis,North,Phone,Technical,Medium,Mary,50.2,,Open
TKT-14062,16/07/2025,CUST-131,Michael Wilson,East,Email,Delivery,Medium,DAVID,78.7,4,Pending 
TKT-14063,12/11/2025,CUST-382,David Brown,South,Chat,Refund,Medium,David,9.7,3,Pending
TKT-14064,11/05/2025,CUST-679,Anna Smith,South,Chat,Technical,Medium,Michael ,46.5,5,Resolved
TKT-14065,15/09/2025,CUST-229,Sophia Anderson,West,Email,Technical,High,John,92.7,1,Resolved
TKT-14066,11/10/2025,CUST-730,James Taylor,West,Chat,Refund,Low,Mary,99.1,5,Resolved
TKT-14067,18/03/2025,CUST-265,David Brown,West,email,Delivery,Low,Michael,69.2,1,Resolved
TKT-14068,17/12/2025,CUST-287,Michael Wilson,South,Email,Refund,Low,David,91.6,4,Open
TKT-14069,18/10/2025,CUST-100,Michael Wilson,East,Email,Account,Low,John,82.0,1,Pending
TKT-14070,12/04/2025,CUST-965,John Miller,East,Phone,Technical,Low,Olivia ,63.8,3,Open
TKT-14071,28/05/2025,CUST-146,Michael Wilson,East,Email,Billing,Medium,David,60.7,2,Pending 
TKT-14072,09/07/2025,CUST-316,Anna Smith,South,Email,Billing,High,David,71.2,1,Open
TKT-14073,01/11/2025,CUST-716,Anna Smith,West,Email,Refund,Low,Sarah,18.6,5,Pending 
TKT-14074,03/03/2025,CUST-531,John Miller,East,CHAT,Account,Medium,John,85.8,1,Resolved
TKT-14075,12/01/2025,CUST-581,Michael Wilson,East,Phone ,Technical,High,Mary,82.5,4,Open
TKT-14076,21/06/2025,CUST-927,Emma Davis,East,Phone,Account,High,James,Pending,2,Pending
TKT-14077,11/02/2025,CUST-507,James Taylor,South,Email,Billing,High,Michael,89.0,4,Resolved
TKT-14078,28/03/2025,CUST-199,James Taylor,South,Email,Account,Low,EMMA,18.8,5,Resolved
TKT-14079,19/10/2025,CUST-244,Emma Davis,North,Chat,Delivery,Low,James,25.5,3,Resolved
TKT-14080,14/08/2025,CUST-877,David Brown,West,email,Delivery,Medium,MICHAEL,82.0,4,Resolved
TKT-14081,01/04/2025,CUST-532,Michael Wilson,East,Phone,billing,Low,,18.7,4,Open
TKT-14082,05/12/2025,CUST-783,Emma Davis,North,Phone,Delivery,Low,MICHAEL,Unknown,3,Open
TKT-14083,06/01/2025,CUST-126,David Brown,Sth,Phone,billing,Medium,Michael,54.4,3,Resolved
TKT-14084,10/10/2025,CUST-775,Emma Davis,East,Phone,Billing,High,Michael,34.4,2,Resolved
TKT-14085,27/06/2025,CUST-699,David Brown,South,email,Technical,Medium,Emma,66.3,2,OPEN
TKT-14086,26/07/2025,CUST-989,Olivia Moore,East,Chat,Delivery,Low,Mary,79.9,4,Open
TKT-14087,16/02/2025,CUST-674,Olivia Moore,West,Phone,Account,Medium,Michael,Unknown,1,Escalated
TKT-14088,07/01/2025,CUST-479,Anna Smith,South,CHAT,Delivery,Medium,EMMA,93.5,3,Open
TKT-14089,23/11/2025,CUST-932,John Miller,East,email,Technical,Medium,,66.6,3,Pending
TKT-14090,14/01/2025,CUST-896,Daniel Thomas,West,Email,Delivery,Low,Emma,10.8,4,Resolved
TKT-14091,14/03/2025,CUST-464,Olivia Moore,East,Phone,Delivery,Medium,JAMES,65.9,5,Resolved
TKT-14092,19/07/2025,CUST-881,Anna Smith,North,Chat,Delivery,High,David,4.8,2,resolved
TKT-14093,13/09/2025,CUST-448,Anna Smith,East,email,Technical,Medium,James,31.4,4,Pending
TKT-14094,04/08/2025,CUST-566,Emma Davis,South,Email,Account,High,Mary,8.1,5,Resolved
TKT-14095,09/01/2025,CUST-737,David Brown,East,email,Technical,High,Olivia ,7.8,1,Resolved
TKT-14096,28/09/2025,CUST-146,Michael Wilson,West,Chat,Refund,Low,James,80.1,4,Escalated
TKT-14097,19/12/2025,CUST-299,Sarah Khan,South,Email,Account,Low,Emma,4.9,5,resolved
TKT-14098,08/02/2025,CUST-391,Sophia Anderson,North,Chat,Technical,Medium,Emma,Pending,1,Resolved
TKT-14099,23/12/2025,CUST-340,James Taylor,East,Phone ,Account,Medium,Michael,Unknown,1,Pending
TKT-14100,20/08/2025,CUST-241,Sophia Anderson,South,Chat,Delivery ,Medium,Emma,27.9,5,Escalated
TKT-14101,25/11/2025,CUST-240,David Brown,East,Chat,Billing,High,DAVID,N/A,4,Open
TKT-14102,28/10/2025,CUST-366,Sarah Khan, East,Chat,billing,Medium,Mary ,61.4,1,Open
TKT-14103,09/12/2025,CUST-926,Emma Davis,South,Chat,Billing,Low,John,64.4,2,Open
TKT-14104,05/11/2025,CUST-230,Sophia Anderson,East,Phone,Account,Medium,Mary,36.8,1,Resolved
TKT-14105,03/06/2025,CUST-316,Michael Wilson,West,CHAT,Technical,Low,John,57.9,4,Escalated
TKT-14106,21/06/2025,CUST-356,Emma Davis,East,Phone,TECHNICAL,Medium,Olivia,45.0,3,Open
TKT-14107,03/08/2025,CUST-829,Sophia Anderson,East,Chat,Account,Medium,Olivia,2.9,5,Open
TKT-14108,24/05/2025,CUST-482,James Taylor,South,Email,Refund,Medium,Olivia,16.5,3,Resolved
TKT-14109,07/05/2025,CUST-391,Anna Smith,East,Phone,billing,High,James,70.9,3,Resolved
TKT-14110,15/02/2026,CUST-250,Emma Davis,Noth,CHAT,Delivery,Medium,James ,Pending,0,OPEN
TKT-14111,20/11/2025,CUST-533,John Miller,East,Email,Technical,Medium,Sarah,Unknown,3,Resolved
TKT-14112,09/02/2025,CUST-910,Daniel Thomas,South,Phone,Account,Medium,John,59.4,1,Pending
TKT-14113,25/01/2025,CUST-705,Michael Wilson,East,Phone,Delivery,Low,Mary,75.0,3,Pending
TKT-14114,18/07/2025,CUST-724,Daniel Thomas,West,Phone ,Refund,Medium,,71.0,1,Resolved
TKT-14115,04/10/2026,CUST-114,Emma Davis,North,Email,Delivery,Medium,James,3.7,5,Open
TKT-14116,24/08/2025,CUST-825,Sophia Anderson,West,CHAT,Technical,Low,John,23.7,,Pending
TKT-14117,10/08/2025,CUST-254,Emma Davis,Noth,email,Account,High,Michael,36.4,4,Escalated
TKT-14118,11/08/2025,CUST-104,James Taylor,East,Chat,Account,High,Mary,71.1,2,Pending
TKT-14119,07/05/2025,CUST-767,Emma Davis,North,Chat,Delivery,Low,Emma,79.3,3,Open
TKT-14120,11/10/2025,CUST-225,Emma Davis,East,Email,Delivery ,Medium,Mary,15.4,4,Open
TKT-14121,11/02/2025,CUST-191,Sarah Khan,South,Email,Delivery,Medium,James,61.6,4,resolved
TKT-14122,08/09/2025,CUST-159,James Taylor,South,Chat,Delivery,High,James,36.8,2,Open
TKT-14123,12/09/2025,CUST-512,John Miller,North,email,Billing,Medium,David,Unknown,4,OPEN
TKT-14124,02/12/2025,CUST-902,John Miller,West,Chat,Account,Medium,Olivia,14.2,3,Open
TKT-14125,20/01/2026,CUST-692,Emma Davis,East,CHAT,Delivery ,Medium,John,85.6,1,Resolved
TKT-14126,05/09/2025,CUST-657,David Brown,Noth,Chat,Billing,Medium,James,50.9,4,Pending
TKT-14127,14/11/2025,CUST-493,James Taylor,East,Phone,Billing,Medium,Olivia,19.3,2,Escalated
TKT-14128,09/10/2025,CUST-610,John Miller,North,CHAT,Delivery,Medium,David,25.9,2,Pending
TKT-14129,27/07/2025,CUST-171,David Brown,South,Phone,Account,Low,Emma,12.6,5,OPEN
TKT-14130,16/02/2025,CUST-191,Emma Davis,East,Phone,Refund,High,James,36.0,5,Resolved
TKT-14131,02/10/2025,CUST-991,Sophia Anderson,South,Phone,Technical,Low,James,32.8,2,Resolved
TKT-14132,11/07/2025,CUST-610,Sarah Khan,North,Phone,billing,Medium,James,77.8,3,Resolved
TKT-14133,06/10/2025,CUST-110,Daniel Thomas,South,CHAT,Account,Medium,,85.2,3,Open
TKT-14134,17/06/2025,CUST-622,John Miller,South,Email,Technical,Low,Michael ,Pending,4,Resolved
TKT-14135,05/03/2025,CUST-973,James Taylor,West,CHAT,Technical,High,DAVID,94.4,2,Resolved
TKT-14136,18/02/2025,CUST-657,Sophia Anderson,North,Email,Account,Low,Sarah ,96.2,7,Resolved
TKT-14137,11/04/2025,CUST-860,Sarah Khan,South,Phone,Delivery,High,James,2.6,2,Open
TKT-14138,27/04/2025,CUST-577,James Taylor,East,Email,Account,Medium,Sarah,43.3,1,Pending
TKT-14139,08/01/2025,CUST-333,David Brown,North,Phone,Billing,Low,Mary,20.2,1,Open
TKT-14140,26/02/2025,CUST-259,Daniel Thomas,West,Phone ,Billing,Low,OLIVIA,27.6,2,resolved
TKT-14141,08/06/2025,CUST-894,Anna Smith,West,Phone,Account,Medium,Michael,31.0,4,Open
TKT-14142,08/07/2025,CUST-947,Daniel Thomas,North,Phone,billing,High,Mary ,77.1,3,Pending
TKT-14143,20/02/2025,CUST-651,Olivia Moore,West,Phone,Billing,High,Emma,73.9,2,Open
TKT-14144,03/12/2025,CUST-430,Olivia Moore,South,Email,Billing,High,James,7.8,2,Open
TKT-14145,05/01/2025,CUST-178,Michael Wilson,West,Email,Delivery,Medium,James,Pending,2,Pending
TKT-14146,28/02/2025,CUST-921,John Miller,West,Email,Account,Low,James,72.0,2,Resolved
TKT-14147,14/12/2025,CUST-309,Emma Davis,South,Email,Technical,Low,Mary ,85.0,3,Resolved
TKT-14148,02/06/2025,CUST-935,Sophia Anderson,West,Email,billing,High,Mary ,15.2,3,Open
TKT-14149,11/02/2025,CUST-141,Sarah Khan,North,Email,Account,Low,John,19.1,1,Pending 
TKT-14150,07/07/2025,CUST-932,Emma Davis,West,Email,Technical,High,John,58.7,4,Resolved
TKT-14151,14/06/2025,CUST-988,John Miller,North,Phone,Account,High,James,71.0,4,Open
TKT-14152,23/04/2025,CUST-465,Anna Smith,South,Phone,Billing,High,John,81.1,3,Resolved
TKT-14153,12/09/2025,CUST-986,Daniel Thomas,East,Email,Billing,Medium,Sarah,11.7,3,Open
TKT-14154,01/02/2025,CUST-182,Daniel Thomas,North,Email,Refund,Low,SARAH,78.6,7,Resolved
TKT-14155,27/08/2025,CUST-991,Sophia Anderson,West,CHAT,billing,Low,,50.3,1,Resolved
TKT-14156,07/10/2025,CUST-132,Daniel Thomas,North,Phone ,Refund,Low,James,87.8,2,Open
TKT-14157,12/05/2025,CUST-306,Michael Wilson,South,Chat,Account,High,Michael ,48.7,1,Open
TKT-14158,04/05/2025,CUST-150,Olivia Moore,North,Phone,Delivery,Low,Sarah ,31.2,3,Pending
TKT-14159,11/06/2025,CUST-337,John Miller,North,Email,Billing,Medium,David,60.4,3,Pending
TKT-14160,20/01/2025,CUST-806,Sophia Anderson,South,Phone,Billing,Medium,David,44.4,4,Open
TKT-14161,20/02/2025,CUST-371,Olivia Moore,East,Phone,Billing,High,Mary,70.1,1,Resolved
TKT-14162,14/12/2025,CUST-142,Sophia Anderson,West,Email,Billing,Low,David,45.8,5,Open
TKT-14163,03/01/2025,CUST-453,Emma Davis, East,Chat,Delivery ,Low,Michael,51.6,5,Escalated
TKT-14164,20/06/2025,CUST-931,John Miller,West ,Chat,Refund,Low,Emma ,66.6,4,Open
TKT-14165,02/08/2025,CUST-237,John Miller,East,Email,Technical,Medium,Olivia,25.6,5,Open
TKT-14166,19/09/2025,CUST-766,John Miller,West,Chat,Technical,Medium,James,47.9,1,Open
TKT-14167,05/07/2025,CUST-471,Sophia Anderson,North,Email,Billing,Medium,,98.4,5,Open
TKT-14168,13/01/2025,CUST-556,Daniel Thomas,East,CHAT,TECHNICAL,Medium,James,Pending,3,Resolved
TKT-14169,14/02/2025,CUST-758,Michael Wilson,South,Email,Technical,High,Mary,18.7,3,Resolved
TKT-14170,24/02/2025,CUST-722,David Brown,East,Phone,Technical,Medium,John ,3.0,1,Open
TKT-14171,25/12/2025,CUST-446,Anna Smith,West,email,Account,High,MICHAEL,Pending,1,Open
TKT-14172,09/06/2025,CUST-280,Emma Davis,North,Phone,Billing,Low,Sarah ,29.3,3,Resolved
TKT-14173,28/04/2025,CUST-391,James Taylor,South,CHAT,TECHNICAL,Low,Michael,43.4,2,Resolved
TKT-14174,23/11/2025,CUST-515,Sarah Khan,North,Chat,Technical,High,Olivia,56.9,6,Pending 
TKT-14175,17/08/2025,CUST-406,James Taylor,North,Email,Billing,Low,James ,75.0,1,Open
TKT-14176,08/03/2025,CUST-208,Olivia Moore,Noth,email,Delivery,Low,Mary ,62.3,3,Pending
TKT-14177,10/11/2025,CUST-106,Anna Smith,Sth,Phone,Technical,High,Emma,68.1,5,Resolved
TKT-14178,26/04/2025,CUST-445,Michael Wilson,East,Phone,billing,Medium,Olivia,6.5,1,Resolved
TKT-14179,17/03/2025,CUST-672,James Taylor,South,Chat,Delivery,Medium,Emma,86.8,2,Resolved
TKT-14180,09/10/2025,CUST-728,Anna Smith,North,Phone,Account,Medium,Michael,54.1,3,Resolved
TKT-14181,24/12/2025,CUST-436,Daniel Thomas,East,Email,Account,High,Michael,94.8,3,Escalated
TKT-14182,14/08/2025,CUST-872,John Miller,North,Email,TECHNICAL,Low,James ,Pending,2,Escalated
TKT-14183,01/06/2025,CUST-195,James Taylor,West,Phone ,Billing,Low,Sarah,62.0,4,Resolved
TKT-14184,06/04/2025,CUST-996,Olivia Moore,Sth,Phone,Technical,Low,David,93.2,4,Escalated
TKT-14185,05/06/2025,CUST-565,Emma Davis,South,Phone,Technical,Medium,EMMA,44.2,3,Resolved
TKT-14186,05/10/2025,CUST-990,Sarah Khan,West,Phone ,Delivery,High,David ,97.6,4,Resolved
TKT-14187,05/06/2025,CUST-547,John Miller,North,Email,Technical,Low,Michael,66.1,1,Open
TKT-14188,03/07/2025,CUST-792,John Miller,North,Email,Technical,Medium,John,95.8,4,Resolved
TKT-14189,03/05/2025,CUST-863,James Taylor,Noth,Phone,Account,Medium,John,82.2,3,Open
TKT-14190,28/03/2025,CUST-216,Daniel Thomas,West,Chat,Account,Low,David,38.4,1,Resolved
TKT-14191,19/05/2024,CUST-897,Olivia Moore,West,CHAT,Billing,Low,John,91.7,5,Resolved
TKT-14192,11/03/2025,CUST-297,Anna Smith,West,Chat,Technical,High,,29.8,5,Escalated
TKT-14193,11/07/2026,CUST-450,Sarah Khan,West,Email,Technical,High,Olivia,57.5,,Open
TKT-14194,23/05/2025,CUST-772,Emma Davis,West,Chat,Technical,Medium,John,Pending,5,Open
TKT-14195,18/10/2025,CUST-352,Olivia Moore,West,CHAT,Delivery,Medium,,70.3,5,Open
TKT-14196,26/07/2025,CUST-225,Sophia Anderson,South,Email,Delivery,Medium,Sarah ,79.7,1,OPEN
TKT-14197,17/06/2025,CUST-108,Olivia Moore,North,Chat,Delivery,Low,Olivia ,30.6,,resolved
TKT-14198,16/12/2025,CUST-289,Sophia Anderson,North,Phone ,Refund,Low,Emma,96.2,2,Pending 
TKT-14199,22/05/2025,CUST-903,Anna Smith,Noth,Chat,Billing,High,Mary ,56.7,3,Resolved
TKT-14200,01/05/2025,CUST-220,Sophia Anderson,North,Chat,Technical,Medium,John,84.9,,Open
TKT-14201,23/08/2025,CUST-305,Sarah Khan,West ,Email,Technical,Medium,David,Pending,2,Escalated
TKT-14202,11/09/2025,CUST-530,Daniel Thomas,North,Email,Delivery,Medium,David,52.6,5,Open
TKT-14203,07/09/2025,CUST-562,Daniel Thomas,West,Phone ,Billing,Medium,Emma,14.4,3,Resolved
TKT-14204,22/11/2025,CUST-804,Michael Wilson,South,CHAT,Delivery,Medium,Sarah,Unknown,4,resolved
TKT-14205,27/01/2025,CUST-308,Emma Davis,East,email,Account,Low,Michael,13.9,1,Resolved
TKT-14206,13/05/2025,CUST-415,James Taylor,South,Chat,Billing,Medium,John,75.8,3,Resolved
TKT-14207,14/12/2025,CUST-410,Sophia Anderson,Sth,email,billing,Low,Emma,N/A,1,resolved
TKT-14208,26/06/2025,CUST-712,Sophia Anderson,East,Email,Refund,Low,John,82.6,4,Resolved
TKT-14209,13/01/2025,CUST-479,James Taylor,North,Chat,Billing,High,David ,24.1,5,Open
TKT-14210,07/03/2025,CUST-750,Emma Davis,North,email,Account,Medium,Mary,63.0,4,Resolved
TKT-14211,27/04/2025,CUST-748,Michael Wilson,East,Phone ,Account,Medium,John,53.5,3,resolved
TKT-14212,20/10/2025,CUST-118,John Miller,North,Phone,Delivery,Medium,Sarah,83.8,2,resolved
TKT-14213,09/04/2025,CUST-829,James Taylor,East,Email,Delivery,High,JOHN,54.6,4,Open
TKT-14214,10/04/2026,CUST-825,Michael Wilson,South,CHAT,Refund,Low,Michael,Unknown,4,Open
TKT-14215,21/07/2025,CUST-467,James Taylor,North,Chat,Account,Medium,DAVID,16.9,5,Resolved
TKT-14216,26/11/2025,CUST-510,James Taylor,North,Phone,Billing,Low,John,15.1,3,Open
TKT-14217,06/07/2025,CUST-606,Michael Wilson,West,Phone ,Account,Medium,Emma,57.5,1,Resolved
TKT-14218,17/10/2025,CUST-951,John Miller,Sth,CHAT,Billing,High,Emma,56.4,3,Pending
TKT-14219,27/07/2025,CUST-511,Olivia Moore,South,CHAT,Billing,Medium,Emma,23.1,3,Open
TKT-14220,25/07/2025,CUST-577,Daniel Thomas,West,Email,Account,Medium,Olivia,46.3,5,Resolved
TKT-14221,18/04/2026,CUST-957,James Taylor,West,Email,Account,Low,Sarah,46.8,5,Resolved
TKT-14222,07/07/2025,CUST-136,Michael Wilson,South,Phone ,Account,High,David,71.4,4,Resolved
TKT-14223,22/03/2025,CUST-158,John Miller,West,Phone,TECHNICAL,High,Sarah,36.4,2,Resolved
TKT-14224,24/10/2025,CUST-136,Sophia Anderson,South,Phone,Account,High,James,28.9,4,Pending 
TKT-14225,24/06/2025,CUST-269,James Taylor,North,Phone ,Delivery,Medium,Olivia,25.6,1,Resolved
TKT-14226,20/07/2025,CUST-724,Sophia Anderson,South,Phone,Technical,Medium,David,89.8,,Resolved
TKT-14227,23/09/2025,CUST-984,David Brown,East,CHAT,Account,Medium,Emma,50.7,1,Resolved
TKT-14228,09/11/2025,CUST-800,Olivia Moore,West,Email,Account,Medium,Olivia,86.5,1,Resolved
TKT-14229,24/06/2025,CUST-639,Anna Smith,North,Chat,Technical,Low,Sarah ,85.3,,OPEN
TKT-14230,27/01/2025,CUST-829,Daniel Thomas,Sth,Phone,Technical,Medium,OLIVIA,42.9,,Resolved
TKT-14231,18/10/2025,CUST-569,Emma Davis,North,Chat,Billing,High,Mary,84.1,4,Open
TKT-14232,22/10/2025,CUST-233,Anna Smith,Sth,Phone,Refund,Low,Sarah,27.5,5,Open
TKT-14233,21/10/2025,CUST-158,Anna Smith, East,Chat,Billing,Medium,OLIVIA,59.7,2,Resolved
TKT-14234,18/08/2025,CUST-493,David Brown,South,Email,Technical,High,JAMES,Pending,5,Pending
TKT-14235,26/02/2026,CUST-680,James Taylor,North,Chat,Technical,Medium,Michael,8.0,0,Open
TKT-14236,12/04/2025,CUST-848,Emma Davis,East,Chat,Technical,High,James,Pending,5,Resolved
TKT-14237,16/03/2025,CUST-850,Michael Wilson,East,email,Billing,Low,David,31.4,4,OPEN
TKT-14238,10/04/2025,CUST-470,David Brown,West,Chat,Account,Medium,Mary,5.5,2,Pending
TKT-14239,04/10/2025,CUST-425,Daniel Thomas,North,email,Technical,Medium,Michael,40.2,2,Resolved
TKT-14240,08/05/2025,CUST-847,Sarah Khan,South,CHAT,Billing,Medium,Michael,97.4,5,Open
TKT-14241,15/09/2025,CUST-317,James Taylor,North,Phone,Account,Medium,Emma,40.0,5,Pending
TKT-14242,04/11/2025,CUST-737,Olivia Moore,South,Chat,Delivery,Medium,John,87.3,3,Resolved
TKT-14243,13/05/2025,CUST-439,David Brown,South,Email,Delivery ,Medium,MICHAEL,50.8,3,Escalated
TKT-14244,03/07/2025,CUST-915,Daniel Thomas,East,Chat,Billing,Medium,John,4.0,4,Escalated
TKT-14245,26/09/2025,CUST-611,Sophia Anderson,South,Chat,Billing,Low,John,23.0,3,Escalated
TKT-14246,15/07/2025,CUST-707,Olivia Moore, East,Phone,Billing,Medium,Mary ,5.7,3,Escalated
TKT-14247,13/11/2025,CUST-180,David Brown,East,CHAT,Technical,Medium,Olivia,Pending,2,Open
TKT-14248,08/07/2025,CUST-154,David Brown,East,Phone,Billing,Low,David,92.0,1,Open
TKT-14249,04/03/2025,CUST-645,Sarah Khan,North,email,Billing,Medium,Olivia,35.5,2,Resolved
TKT-14250,26/06/2025,CUST-601,David Brown,Sth,Phone,billing,Low,David,N/A,3,Open
TKT-14251,05/02/2025,CUST-750,James Taylor,North,email,billing,Low,David,90.7,5,Resolved
TKT-14252,07/06/2025,CUST-373,Daniel Thomas,North,Email,Refund,Medium,James ,31.5,3,Escalated
TKT-14253,17/08/2025,CUST-924,Emma Davis,East,CHAT,Billing,Medium,MARY,1.6,4,Open
TKT-14254,09/09/2025,CUST-841,James Taylor,North,Chat,Delivery,Medium,Michael,49.6,3,resolved
TKT-14255,10/03/2025,CUST-596,Daniel Thomas,West,Email,Technical,Medium,Michael,59.5,5,Pending
TKT-14256,16/08/2025,CUST-362,Anna Smith,North,Chat,Delivery,Medium,Emma,80.9,1,Open
TKT-14257,16/12/2025,CUST-575,Emma Davis,North,CHAT,Account,Medium,Olivia,20.3,4,Pending
TKT-14258,13/12/2025,CUST-770,Sarah Khan,South,Phone ,TECHNICAL,Medium,Emma,Pending,5,Open
TKT-14259,08/09/2025,CUST-153,John Miller,South,Email,Account,High,James,44.2,3,Open
TKT-14260,01/03/2025,CUST-447,Michael Wilson,South,Email,Billing,High,John,Unknown,4,Resolved
TKT-14261,07/12/2025,CUST-364,Anna Smith,West ,CHAT,Technical,Low,James,39.0,2,Resolved
TKT-14262,03/11/2025,CUST-622,Daniel Thomas,East,Phone ,billing,Medium,Michael,5.5,1,Escalated
TKT-14263,26/03/2025,CUST-365,Emma Davis,East,Chat,Billing,Medium,EMMA,39.6,1,Resolved
TKT-14264,26/08/2025,CUST-959,Anna Smith,East,Chat,Billing,Low,James,19.1,5,Resolved
TKT-14265,01/05/2025,CUST-981,Sarah Khan,North,Chat,Account,Low,John,46.8,4,Resolved
TKT-14266,27/05/2025,CUST-274,Anna Smith,West ,Chat,Delivery,High,David,84.4,5,Pending
TKT-14267,03/04/2025,CUST-291,Anna Smith,East,CHAT,TECHNICAL,Low,James,7.6,5,OPEN
TKT-14268,16/10/2025,CUST-276,David Brown,West,Chat,Technical,Low,David,91.8,1,OPEN
TKT-14269,28/05/2025,CUST-716,Sophia Anderson,West,Phone,Technical,Medium,John,80.6,,Resolved
TKT-14270,07/04/2025,CUST-538,Daniel Thomas,East,Phone,Delivery,Medium,Mary ,20.8,4,Pending
TKT-14271,03/05/2025,CUST-299,Sarah Khan,South,email,Delivery,Low,Emma ,82.7,,Open
TKT-14272,28/01/2025,CUST-449,Michael Wilson,South,Phone,Account,Low,Mary,N/A,3,Resolved
TKT-14273,13/05/2025,CUST-752,Sophia Anderson,West,Email,Refund,Medium,,Pending,4,Open
TKT-14274,20/03/2025,CUST-884,Anna Smith,West,Chat,billing,High,Sarah,73.8,4,Open
TKT-14275,06/12/2025,CUST-883,Michael Wilson,West,CHAT,Delivery,Low,Sarah,94.1,3,Resolved
TKT-14276,24/04/2025,CUST-744,Michael Wilson,South,Chat,Delivery,High,Sarah ,65.4,5,Escalated
TKT-14277,23/09/2025,CUST-224,Sophia Anderson,South,Email,Billing,Medium,David,36.9,5,Open
TKT-14278,05/05/2025,CUST-940,Sarah Khan,West,Chat,Technical,Low,Emma,N/A,5,Pending
TKT-14279,06/07/2025,CUST-612,Sophia Anderson,North,Chat,Account,Low,Michael ,32.0,,Resolved
TKT-14280,15/10/2025,CUST-616,Emma Davis,East,Chat,Billing,High,Emma,68.5,1,Pending
TKT-14281,10/10/2025,CUST-455,Emma Davis,West,Phone,Delivery,Medium,,38.9,5,Pending 
TKT-14282,05/04/2025,CUST-140,Emma Davis,West,Chat,Billing,Low,Mary,98.6,1,Resolved
TKT-14283,09/03/2025,CUST-601,James Taylor,South,Phone ,Technical,Low,Michael,64.3,5,Resolved
TKT-14284,03/05/2025,CUST-511,Michael Wilson,West,Phone,Technical,High,Michael,39.6,1,Resolved
TKT-14285,13/06/2025,CUST-465,Sophia Anderson,South,Email,Delivery,High,Michael,56.6,,Resolved
TKT-14286,13/08/2025,CUST-513,Olivia Moore,East,Phone,Billing,High,Michael,95.1,2,Open
TKT-14287,24/12/2025,CUST-543,Michael Wilson,East,Chat,Account,High,Sarah,95.4,3,Resolved
TKT-14288,18/10/2025,CUST-461,John Miller,West,Email,Account,High,DAVID,57.1,5,OPEN
TKT-14289,20/07/2025,CUST-176,Olivia Moore,South,Chat,Account,Medium,Sarah,33.4,5,Escalated
TKT-14290,23/10/2025,CUST-380,Olivia Moore,West ,Phone,Account,Low,David,36.3,2,Pending
TKT-14291,27/12/2025,CUST-379,John Miller,South,Chat,Billing,Medium,David,6.1,5,Escalated
TKT-14292,23/06/2025,CUST-645,Olivia Moore,North,Email,Billing,Medium,James,51.2,1,Open
TKT-14293,23/04/2025,CUST-820,Sarah Khan,South,Phone,Billing,Medium,Michael,1.1,2,Pending
TKT-14294,17/07/2025,CUST-367,Michael Wilson,West,Email,Technical,Medium,John,14.9,1,Pending
TKT-14295,27/01/2025,CUST-236,Emma Davis,North,CHAT,Account,High,Emma ,26.9,4,resolved
TKT-14296,07/02/2025,CUST-803,Emma Davis,North,Phone,Refund,Low,John ,20.2,5,OPEN
TKT-14297,16/07/2025,CUST-603,Michael Wilson,East,Phone,Billing,High,JOHN,65.9,2,Open
TKT-14298,18/12/2025,CUST-270,John Miller,East,Phone,Billing,High,Michael,20.4,2,Resolved
TKT-14299,24/06/2025,CUST-647,Anna Smith,Sth,Chat,Technical,Medium,OLIVIA,95.4,4,Escalated
TKT-14300,16/06/2025,CUST-901,Michael Wilson,North,Chat,Billing,Low,Emma,31.9,4,Resolved
TKT-14301,16/05/2025,CUST-244,John Miller,West,Email,billing,Medium,John ,70.4,3,Open
TKT-14302,20/07/2025,CUST-989,Emma Davis,North,CHAT,Billing,Low,EMMA,7.8,5,Pending 
TKT-14303,25/02/2025,CUST-287,Michael Wilson,East,Phone,Technical,Medium,DAVID,17.8,2,Resolved
TKT-14304,16/07/2025,CUST-682,Emma Davis,North,Email,Technical,Medium,John,16.0,2,Pending
TKT-14305,22/01/2025,CUST-310,Sarah Khan,West,Phone ,Account,Low,Sarah,53.5,1,Pending 
TKT-14306,10/02/2025,CUST-811,Michael Wilson,North,Chat,Delivery,Low,James,71.1,2,Resolved
TKT-14307,01/03/2025,CUST-397,Anna Smith,West ,Email,Billing,Medium,MARY,Pending,0,Resolved
TKT-14308,17/12/2024,CUST-727,Sarah Khan,North,Chat,Billing,Low,Mary,Unknown,,resolved
TKT-14309,05/10/2025,CUST-624,Anna Smith,South,Email,Account,Medium,John ,12.7,4,Resolved
TKT-14310,08/10/2025,CUST-507,Daniel Thomas,East,Email,Technical,Medium,Mary ,26.7,1,Escalated
TKT-14311,08/05/2025,CUST-279,James Taylor,West,Phone,Billing,High,Emma,66.9,5,Pending
TKT-14312,28/03/2025,CUST-957,James Taylor,South,Email,Delivery,High,John,67.9,4,Pending
TKT-14313,23/03/2025,CUST-741,Michael Wilson,West,Phone,Billing,High,James,53.3,2,Pending
TKT-14314,10/01/2025,CUST-834,Daniel Thomas,South,Phone,Billing,Low,Olivia,68.9,3,Pending
TKT-14315,28/10/2025,CUST-176,David Brown,Sth,Chat,TECHNICAL,Medium,Sarah,3.2,4,Open
TKT-14316,06/04/2025,CUST-340,Sarah Khan,West,Phone,Account,Medium,Sarah,40.3,2,Resolved
TKT-14317,15/01/2025,CUST-914,Michael Wilson,Sth,Phone,Technical,Medium,James,Pending,3,Open
TKT-14318,08/03/2025,CUST-995,John Miller,South,Chat,Billing,Medium,John,53.7,5,Resolved
TKT-14319,25/11/2025,CUST-928,David Brown,North,Phone ,Billing,Medium,John,N/A,4,Resolved
TKT-14320,21/08/2025,CUST-854,Sophia Anderson,Sth,Chat,Billing,Medium,James,82.0,2,Resolved
TKT-14321,19/06/2025,CUST-794,John Miller,North,Phone ,Delivery ,Medium,Sarah ,54.6,3,Pending
TKT-14322,09/01/2025,CUST-785,Sophia Anderson, East,Chat,Refund,Medium,JOHN,99.3,3,Escalated
TKT-14323,02/11/2024,CUST-214,Anna Smith,South,Phone,Refund,Low,David,5.0,,Escalated
TKT-14324,26/08/2025,CUST-288,John Miller,West,Email,Delivery ,Medium,James,35.3,3,Pending
TKT-14325,07/09/2025,CUST-805,Sarah Khan,North,Phone,Technical,Medium,Emma,65.1,2,Resolved
TKT-14326,02/02/2025,CUST-499,John Miller,North,Chat,Refund,High,Emma,54.0,1,Escalated
TKT-14327,08/10/2025,CUST-456,Olivia Moore,South,Phone,billing,Low,David,Pending,,Resolved
TKT-14328,02/03/2025,CUST-689,James Taylor,West,Chat,Billing,Medium,Michael,33.8,1,Resolved
TKT-14329,17/11/2025,CUST-851,Olivia Moore,North,Phone,Technical,Medium,David,17.9,4,Resolved
TKT-14330,16/01/2025,CUST-521,Olivia Moore,North,CHAT,Billing,Low,EMMA,47.4,2,Open
TKT-14331,13/10/2025,CUST-319,Michael Wilson,West ,Email,Account,Medium,MARY,29.3,5,Escalated
TKT-14332,28/02/2025,CUST-247,Emma Davis,South,Email,Refund,Medium,,56.9,5,Pending
TKT-14333,16/05/2025,CUST-557,James Taylor,West,Email,TECHNICAL,Medium,,71.4,,OPEN
TKT-14334,21/11/2025,CUST-799,David Brown,South,Phone ,Delivery,Low,John,53.6,1,Open
TKT-14335,04/06/2025,CUST-118,Anna Smith,South,Chat,Billing,Low,Mary,3.0,2,Resolved
TKT-14336,14/09/2025,CUST-810,David Brown,North,Chat,Billing,High,James,Unknown,4,Open
TKT-14337,21/06/2025,CUST-625,James Taylor,East,Chat,Refund,Low,Olivia,29.0,5,Resolved
TKT-14338,28/09/2025,CUST-146,Emma Davis,East,Phone ,Technical,Medium,Sarah,80.5,2,Open
TKT-14339,14/10/2025,CUST-302,James Taylor,West,Email,billing,High,,N/A,5,Pending
TKT-14340,18/07/2025,CUST-852,Daniel Thomas,South,Chat,billing,High,David ,91.1,1,Resolved
TKT-14341,10/11/2025,CUST-941,James Taylor,West,Email,Technical,High,Michael,16.8,4,Pending
TKT-14342,05/11/2025,CUST-418,Emma Davis,East,email,Technical,Medium,MICHAEL,96.3,5,Pending
TKT-14343,20/02/2025,CUST-342,Sarah Khan,South,Chat,Technical,High,Mary,32.3,7,Pending
TKT-14344,19/05/2025,CUST-870,Olivia Moore,North,Chat,Delivery,Low,Olivia,90.9,3,Resolved
TKT-14345,16/03/2025,CUST-229,Daniel Thomas,North,Email,Account,Medium,SARAH,47.5,2,Open
TKT-14346,05/12/2025,CUST-395,Sarah Khan,North,Phone,Technical,Low,James,55.4,2,Open
TKT-14347,11/12/2025,CUST-478,Emma Davis,South,Chat,Account,Medium,Sarah,94.2,5,OPEN
TKT-14348,01/08/2025,CUST-632,Daniel Thomas,East,CHAT,Billing,Low,James,21.9,3,Open
TKT-14349,19/10/2025,CUST-825,Michael Wilson,West,Phone,Delivery,High,Sarah,7.7,3,Escalated
TKT-14350,21/10/2025,CUST-622,Anna Smith,North,Phone ,Account,Low,Emma,53.6,5,Pending
TKT-14351,07/02/2025,CUST-967,John Miller,West,CHAT,Billing,Low,David,12.8,5,Pending 
TKT-14352,20/10/2025,CUST-177,David Brown,East,CHAT,Account,Low,Olivia,N/A,3,Pending
TKT-14353,11/08/2025,CUST-398,Sophia Anderson,West,CHAT,Billing,Medium,Michael,28.7,3,Resolved
TKT-14354,28/07/2025,CUST-788,Sarah Khan,East,Phone,Refund,Medium,John,Pending,4,Resolved
TKT-14355,01/04/2025,CUST-782,Sarah Khan,East,Chat,Refund,Medium,John,96.0,1,Pending
TKT-14356,13/12/2025,CUST-580,Anna Smith,North,Email,Technical,Medium,Mary,80.7,1,Resolved
TKT-14357,11/05/2025,CUST-690,Sarah Khan,West ,Email,Account,Medium,Michael,38.0,4,Resolved
TKT-14358,08/10/2025,CUST-360,Olivia Moore,East,email,Technical,Low,Sarah,9.3,3,Resolved
TKT-14359,21/08/2025,CUST-372,Daniel Thomas,North,CHAT,Billing,High,Sarah,60.3,3,Open
TKT-14360,13/02/2025,CUST-955,Olivia Moore,South,Phone,Billing,High,John ,80.2,4,Resolved
TKT-14361,09/08/2024,CUST-290,Anna Smith,West,email,Technical,High,JOHN,54.3,1,Resolved
TKT-14362,04/10/2025,CUST-514,Emma Davis,East,email,Billing,Medium,Michael,88.9,2,Open
TKT-14363,05/07/2025,CUST-650,Sophia Anderson,West,Email,billing,High,Sarah,65.4,7,Open
TKT-14364,25/07/2025,CUST-783,James Taylor,West,Chat,Billing,Low,John,56.2,2,Escalated
TKT-14365,12/11/2025,CUST-325,John Miller,West,Email,TECHNICAL,High,David,31.0,2,Open
TKT-14366,19/03/2025,CUST-594,Emma Davis,South,Chat,Account,Low,John,Pending,4,Pending
TKT-14367,21/07/2025,CUST-659,James Taylor,West,Email,Delivery ,High,,20.9,7,Pending
TKT-14368,24/06/2025,CUST-873,Sophia Anderson,West,Chat,Billing,Medium,DAVID,29.5,4,Open
TKT-14369,24/10/2025,CUST-154,Olivia Moore,South,Chat,Delivery,High,Mary,Pending,5,OPEN
TKT-14370,17/06/2025,CUST-499,Daniel Thomas,West,Email,Account,Medium,SARAH,90.9,4,Open
TKT-14371,19/07/2025,CUST-641,James Taylor,South,Phone,Account,Medium,Mary,90.1,4,Escalated
TKT-14372,09/03/2025,CUST-411,Olivia Moore,North,email,Delivery ,Medium,JOHN,10.9,4,Resolved
TKT-14373,15/07/2025,CUST-275,John Miller,South,Phone,Delivery,High,OLIVIA,31.8,2,Open
TKT-14374,16/05/2025,CUST-181,Daniel Thomas,South,Phone ,billing,Low,Mary,4.4,4,Resolved
TKT-14375,20/05/2025,CUST-451,Sarah Khan,West,Email,Billing,High,MICHAEL,91.6,2,Open
TKT-14376,07/05/2025,CUST-605,Daniel Thomas,Noth,Email,Delivery,Low,Olivia,2.3,1,Open
TKT-14377,21/05/2025,CUST-595,James Taylor,South,Email,Billing,Medium,Michael,48.5,5,Escalated
TKT-14378,19/03/2025,CUST-143,James Taylor,East,Chat,Technical,Low,David,49.1,1,Open
TKT-14379,14/04/2025,CUST-206,Michael Wilson,North,CHAT,Billing,Medium,Michael,51.2,5,Resolved
TKT-14380,27/08/2025,CUST-919,Olivia Moore,North,Email,Billing,High,OLIVIA,29.4,3,resolved
TKT-14381,22/03/2025,CUST-476,Daniel Thomas,West,Phone,Account,Medium,Emma,10.6,7,resolved
TKT-14382,01/07/2025,CUST-560,Sarah Khan,Sth,Phone,billing,Low,Emma,12.7,3,resolved
TKT-14383,14/11/2025,CUST-732,John Miller,West,Phone,Technical,Medium,Michael,6.0,5,Resolved
TKT-14384,17/04/2025,CUST-440,Emma Davis,East,email,Technical,Medium,Sarah,29.2,2,Pending
TKT-14385,24/02/2025,CUST-501,David Brown,West,Email,Account,Low,Sarah,24.2,1,Open
TKT-14386,22/02/2025,CUST-668,David Brown,North,Email,Delivery,Low,Emma,68.0,1,Resolved
TKT-14387,20/02/2025,CUST-903,Sophia Anderson,South,Phone,billing,Low,Emma,N/A,1,Resolved
TKT-14388,04/04/2025,CUST-290,Olivia Moore,North,Phone,Billing,Low,,Unknown,2,Open
TKT-14389,02/02/2026,CUST-134,Sarah Khan,East,Email,Billing,Medium,James,42.0,5,Pending
TKT-14390,06/05/2025,CUST-707,Sarah Khan,South,Chat,Account,Medium,SARAH,77.8,4,Open
TKT-14391,12/09/2025,CUST-879,Emma Davis,East,Chat,Account,Low,James,97.6,1,Resolved
TKT-14392,19/09/2025,CUST-453,Emma Davis,South,Email,Delivery,Low,Emma,75.8,4,Escalated
TKT-14393,14/09/2025,CUST-397,Daniel Thomas,West,Chat,Account,Medium,Olivia ,49.3,1,Pending
TKT-14394,15/12/2025,CUST-970,Daniel Thomas,West ,Phone,Delivery,Low,Olivia,56.2,1,Pending
TKT-14395,21/01/2025,CUST-420,Emma Davis,West,Phone,Delivery,Low,Mary,13.2,3,Open
TKT-14396,09/02/2025,CUST-477,Anna Smith,South,Email,Refund,Medium,MICHAEL,50.4,2,Escalated
TKT-14397,21/11/2025,CUST-534,Michael Wilson,East,Email,Delivery,High,Michael,55.2,4,Open
TKT-14398,01/09/2025,CUST-581,Michael Wilson,West,Email,Technical,Medium,Sarah,67.8,4,Pending
TKT-14399,11/03/2025,CUST-104,John Miller,Noth,Phone,Account,Medium,Olivia,52.3,5,Pending
TKT-14400,03/01/2025,CUST-134,Sophia Anderson,North,Chat,Delivery,Medium,Emma,Unknown,1,Resolved
TKT-14401,20/02/2025,CUST-941,David Brown,West ,Email,Delivery,Low,MARY,42.9,0,Open
TKT-14402,12/02/2025,CUST-939,Sarah Khan,South,Email,Billing,High,Sarah ,62.4,1,Pending
TKT-14403,22/11/2025,CUST-330,John Miller,North,Chat,Refund,High,John,74.3,3,Pending
TKT-14404,15/06/2025,CUST-767,Michael Wilson,West,Email,Account,Medium,John ,37.5,1,Open
TKT-14405,25/07/2025,CUST-539,James Taylor,North,Email,Billing,Medium,Sarah,59.3,4,Open
TKT-14406,14/10/2025,CUST-751,John Miller,South,Email,Technical,Medium,JOHN,71.3,4,Pending
TKT-14407,05/06/2025,CUST-869,Daniel Thomas,West,Email,Technical,Medium,Michael,14.0,0,Escalated
TKT-14408,24/03/2025,CUST-914,Sophia Anderson,East,Email,Refund,Low,Olivia,47.9,4,Open
TKT-14409,18/06/2025,CUST-543,Michael Wilson,East,Chat,Billing,Medium,James,70.5,1,Pending 
TKT-14410,07/06/2025,CUST-912,Daniel Thomas,East,Email,Delivery,Low,David,10.1,2,resolved
TKT-14411,28/02/2025,CUST-753,Michael Wilson,East,Email,Delivery,Low,Michael,38.6,5,resolved
TKT-14412,16/03/2025,CUST-158,Sophia Anderson,East,Email,Delivery,High,John,72.0,2,Resolved
TKT-14413,04/12/2025,CUST-549,Emma Davis,West,Email,Account,Medium,,99.7,2,Pending 
TKT-14414,07/01/2025,CUST-957,Daniel Thomas,South,CHAT,Technical,Low,Emma,6.3,2,Pending
TKT-14415,13/07/2025,CUST-184,Emma Davis,East,Email,Billing,Low,James,73.8,4,Resolved
TKT-14416,03/02/2025,CUST-284,David Brown,South,Email,Account,Low,JAMES,98.1,3,Open
TKT-14417,10/06/2025,CUST-600,Michael Wilson,West,Email,billing,Medium,John,46.6,4,Pending
TKT-14418,01/11/2025,CUST-463,Emma Davis,South,Phone,Account,Medium,DAVID,80.9,5,Escalated
TKT-14419,01/12/2025,CUST-511,James Taylor,North,CHAT,Account,Medium,David,51.9,5,Pending
TKT-14420,25/07/2025,CUST-538,Sarah Khan,East,Email,Refund,Low,James,34.4,3,Pending
TKT-14421,16/05/2025,CUST-594,Anna Smith,South,email,billing,High,,70.1,3,Pending
TKT-14422,21/01/2025,CUST-495,Michael Wilson,East,Phone,Delivery,High,James ,75.3,3,Resolved
TKT-14423,11/12/2025,CUST-590,Emma Davis,West,Email,Account,Low,JAMES,91.6,1,Pending
TKT-14424,20/03/2025,CUST-529,Anna Smith,West,Phone,Technical,Low,EMMA,70.6,1,Pending
TKT-14425,15/09/2025,CUST-923,Daniel Thomas,East,Phone,Delivery,Low,David,2.1,1,Resolved
TKT-14426,08/08/2025,CUST-580,David Brown,Sth,Chat,Refund,Medium,John,Unknown,,Resolved
TKT-14427,09/05/2025,CUST-677,Emma Davis,North,CHAT,Refund,Low,Emma ,Pending,7,Escalated
TKT-14428,18/09/2025,CUST-400,John Miller,South,Phone ,Technical,Medium,Olivia,67.5,5,Pending
TKT-14429,05/02/2025,CUST-465,Olivia Moore,East,CHAT,Account,Low,OLIVIA,Unknown,5,Resolved
TKT-14430,03/03/2025,CUST-710,Sarah Khan,East,Email,billing,Medium,Olivia,64.8,2,Resolved
TKT-14431,20/12/2025,CUST-772,James Taylor,North,CHAT,Technical,Low,Sarah,Pending,,Resolved
TKT-14432,05/04/2025,CUST-655,James Taylor,West,Phone,Billing,Medium,Emma,29.0,5,Resolved
TKT-14433,25/03/2025,CUST-261,John Miller,North,Phone ,Technical,High,Emma,32.1,4,Pending
TKT-14434,18/05/2025,CUST-930,David Brown,East,Email,billing,Low,Olivia,Unknown,5,Pending
TKT-14435,07/01/2025,CUST-850,Sarah Khan,East,Chat,Billing,Low,John,86.1,7,Resolved
TKT-14436,19/10/2025,CUST-921,James Taylor,North,Phone,Technical,Low,John,39.1,1,Open
TKT-14437,20/07/2025,CUST-459,Anna Smith,West,Phone ,Delivery,Medium,Emma,64.4,1,Resolved
TKT-14438,15/01/2025,CUST-485,Emma Davis,East,Phone,Account,Medium,Michael,45.7,3,Open
TKT-14439,22/06/2025,CUST-546,Emma Davis,East,Chat,Account,Low,Michael,50.1,,Open
TKT-14440,17/05/2025,CUST-288,John Miller,Sth,Chat,Technical,Medium,Olivia,44.7,3,Pending
TKT-14441,05/06/2025,CUST-531,David Brown,East,Phone,Billing,Medium,Michael,35.2,1,Resolved
TKT-14442,19/01/2026,CUST-725,David Brown,North,CHAT,Technical,Medium,Mary,32.4,5,resolved
TKT-14443,17/12/2025,CUST-970,David Brown,North,Phone,TECHNICAL,Medium,Mary ,17.4,3,Open
TKT-14444,28/05/2025,CUST-769,James Taylor,East,Email,Account,Medium,Olivia,86.9,3,Resolved
TKT-14445,24/07/2025,CUST-281,David Brown,South,Email,Technical,Medium,Olivia,92.4,1,Resolved
TKT-14446,02/03/2026,CUST-221,David Brown,East,email,Delivery,Low,Emma,48.5,5,Resolved
TKT-14447,27/02/2025,CUST-810,Daniel Thomas,East,CHAT,Technical,Medium,Sarah,65.2,2,Open
TKT-14448,15/06/2025,CUST-177,John Miller,West,email,Technical,Medium,MICHAEL,38.4,2,Open
TKT-14449,09/01/2025,CUST-591,Sophia Anderson,East,Phone,Account,Low,Olivia,27.2,2,Resolved
TKT-14450,20/10/2025,CUST-573,Emma Davis,South,Email,Account,Low,JAMES,90.7,3,Resolved
TKT-14451,18/05/2025,CUST-969,Anna Smith,South,Phone,Account,Low,John,Unknown,5,Open
TKT-14452,20/03/2025,CUST-142,Sarah Khan,West,Phone ,Refund,High,Emma,Pending,4,Open
TKT-14453,20/12/2025,CUST-825,James Taylor,West,Email,Delivery,High,Olivia,12.0,2,Escalated
TKT-14454,11/08/2025,CUST-742,Sarah Khan,South,Phone,Delivery,High,James,28.2,5,Open
TKT-14455,09/03/2025,CUST-101,Olivia Moore,South,Phone,Account,Medium,Michael,15.1,2,Resolved
TKT-14456,09/06/2025,CUST-542,Daniel Thomas,Sth,Email,Delivery,High,David,18.6,,Resolved
TKT-14457,13/01/2025,CUST-744,Emma Davis,West,Email,Delivery,High,Olivia,Unknown,6,Resolved
TKT-14458,20/01/2025,CUST-664,Daniel Thomas,North,Email,Delivery,High,,95.1,1,Resolved
TKT-14459,24/11/2025,CUST-352,Sophia Anderson,East,Email,billing,Medium,Sarah,59.5,3,Resolved
TKT-14460,09/01/2025,CUST-804,Daniel Thomas,East,Phone,Billing,Medium,John,N/A,4,Open
TKT-14461,25/04/2025,CUST-936,Olivia Moore,West,CHAT,Delivery,Low,James,2.1,2,Pending
TKT-14462,19/02/2025,CUST-822,Michael Wilson,North,CHAT,Delivery ,Medium,SARAH,97.9,3,Open
TKT-14463,25/01/2025,CUST-800,James Taylor,East,Email,Technical,Low,Mary,Unknown,1,Open
TKT-14464,16/09/2025,CUST-214,Olivia Moore,South,Email,Account,Low,Emma,43.1,2,Pending
TKT-14465,14/11/2025,CUST-542,Daniel Thomas,South,Email,Delivery ,Medium,James,7.7,2,Pending
TKT-14466,19/07/2025,CUST-370,Sophia Anderson,West,Email,Delivery,Medium,Olivia,37.7,5,Open
TKT-14467,06/12/2025,CUST-396,Anna Smith,South,Phone,Billing,Medium,Olivia,36.5,3,Pending
TKT-14468,02/09/2025,CUST-354,Anna Smith,East,Phone,Technical,Medium,James,Unknown,2,Resolved
TKT-14469,28/03/2025,CUST-884,Sophia Anderson,Noth,email,Account,High,Mary,Unknown,2,Resolved
TKT-14470,25/08/2025,CUST-982,Olivia Moore,South,Chat,Billing,Medium,John,10.2,4,Open
TKT-14471,28/05/2025,CUST-911,Daniel Thomas,South,CHAT,Account,Low,Emma,82.4,3,Escalated
TKT-14472,06/12/2025,CUST-313,John Miller,East,CHAT,Technical,Medium,John,60.1,3,Resolved
TKT-14473,25/08/2025,CUST-247,Anna Smith,East,Chat,Delivery ,Low,Michael,89.1,4,Resolved
TKT-14474,23/06/2025,CUST-644,Emma Davis,East,Email,Technical,Medium,David,42.0,2,Resolved
TKT-14475,12/06/2025,CUST-985,Olivia Moore,East,Chat,Billing,High,John ,20.3,3,Open
TKT-14476,23/03/2025,CUST-289,Daniel Thomas, East,Chat,Billing,Low,John,21.0,1,Escalated
TKT-14477,22/02/2025,CUST-777,Olivia Moore,North,CHAT,Billing,Medium,Emma ,47.4,5,Resolved
TKT-14478,15/08/2025,CUST-551,Olivia Moore,North,Email,Delivery,Medium,Olivia,Unknown,4,Resolved
TKT-14479,16/03/2025,CUST-101,John Miller,South,Phone,Delivery,Low,John,13.9,,Resolved
TKT-14480,13/12/2025,CUST-173,Olivia Moore,West,Phone,Account,Medium,Mary,Unknown,3,Escalated
TKT-14481,19/12/2025,CUST-194,Daniel Thomas,South,Phone ,Technical,Low,Sarah ,27.8,5,Open
TKT-14482,19/12/2025,CUST-106,James Taylor,West,Email,Account,High,James,78.4,5,Resolved
TKT-14483,11/06/2025,CUST-957,Michael Wilson, East,Chat,billing,Low,Mary,53.8,2,Pending
TKT-14484,02/02/2025,CUST-720,James Taylor,South,Phone,Delivery,Medium,James,64.5,1,Pending
TKT-14485,13/12/2025,CUST-535,Michael Wilson,North,email,Delivery,High,Sarah,55.2,4,Open
TKT-14486,15/12/2025,CUST-535,Sophia Anderson,South,Phone,Billing,Medium,James,59.9,1,Pending
TKT-14487,23/03/2025,CUST-525,Daniel Thomas,South,Email,Account,Low,John,37.5,1,Pending
TKT-14488,19/09/2025,CUST-956,John Miller,West,email,Delivery,Medium,Olivia,28.6,4,Resolved
TKT-14489,14/08/2025,CUST-218,Emma Davis,North,Email,Technical,Medium,SARAH,10.6,4,Open
TKT-14490,17/05/2026,CUST-707,David Brown,East,Chat,Technical,Low,David,Unknown,2,Resolved
TKT-14491,17/12/2025,CUST-643,John Miller,South,Email,Account,Medium,Sarah,2.7,5,Open
TKT-14492,15/09/2025,CUST-602,Michael Wilson,East,Phone,Billing,High,Mary ,80.6,1,Open
TKT-14493,27/06/2025,CUST-206,Michael Wilson,South,Email,Account,Low,Mary ,87.9,4,Resolved
TKT-14494,05/08/2025,CUST-156,John Miller,South,Phone ,Delivery,Medium,MARY,39.9,1,Open
TKT-14495,22/08/2025,CUST-117,Emma Davis,West,email,Technical,Medium,Olivia,Pending,3,Pending
TKT-14496,24/07/2025,CUST-288,Daniel Thomas,East,Phone,Technical,Medium,Olivia,N/A,1,Pending
TKT-14497,19/02/2025,CUST-149,Olivia Moore,Sth,CHAT,Billing,Medium,MARY,63.2,2,Escalated
TKT-14498,07/07/2025,CUST-957,Michael Wilson,North,Email,Account,Medium,David,6.6,4,Resolved
TKT-14499,10/11/2025,CUST-887,James Taylor,North,Phone ,Billing,Medium,Michael,83.8,3,Open
TKT-14500,02/04/2025,CUST-271,David Brown,North,Phone,Account,Low,Emma,40.8,4,Open
TKT-14501,15/12/2025,CUST-811,John Miller,West,Chat,Delivery,Medium,Sarah,12.0,3,Open
TKT-14502,12/10/2025,CUST-395,Olivia Moore,North,Chat,Delivery,High,Olivia,22.1,3,Resolved
TKT-14503,22/02/2025,CUST-382,Sophia Anderson,West,CHAT,Delivery,Low,David,Pending,3,Open
TKT-14504,03/10/2025,CUST-177,Emma Davis,South,Email,Delivery,Medium,MICHAEL,77.8,1,OPEN
TKT-14505,25/10/2025,CUST-572,Sophia Anderson,South,Phone,Billing,High,David,68.0,1,Resolved
TKT-14506,08/01/2025,CUST-247,Sarah Khan,North,Chat,Technical,Low,Sarah,3.3,2,Resolved
TKT-14507,08/03/2025,CUST-709,Daniel Thomas,West,Phone,Account,Medium,Sarah,11.0,4,Resolved
TKT-14508,19/01/2025,CUST-688,Emma Davis,Noth,email,Account,Low,Mary,61.8,4,Pending 
TKT-14509,26/11/2025,CUST-244,Anna Smith,East,Phone,Delivery,Medium,James,41.6,5,Open
TKT-14510,22/11/2025,CUST-136,Daniel Thomas,South,Chat,Billing,Medium,James,73.5,1,Pending
TKT-14511,06/12/2025,CUST-345,Emma Davis,North,Email,Account,Low,Olivia,46.5,,Resolved
TKT-14512,13/08/2025,CUST-946,Michael Wilson,West ,Chat,Delivery,Low,Sarah,9.0,6,Resolved
TKT-14513,07/04/2025,CUST-955,David Brown,North,Chat,TECHNICAL,High,Mary ,Pending,3,Pending
TKT-14514,28/07/2025,CUST-599,Emma Davis,Noth,Phone,Delivery,Low,David,1.4,1,resolved
TKT-14515,21/02/2025,CUST-985,Sophia Anderson,West,Phone,Technical,Medium,Mary,17.7,2,Open
TKT-14516,02/08/2025,CUST-461,James Taylor,East,Email,Account,High,James,90.1,5,Resolved
TKT-14517,22/02/2025,CUST-870,Olivia Moore,South,Email,Refund,Low,Mary,39.6,3,Resolved
TKT-14518,24/10/2025,CUST-378,Olivia Moore,East,CHAT,Billing,Medium,Mary,Unknown,2,Open
TKT-14519,16/07/2025,CUST-492,David Brown,East,Email,Refund,High,Michael,N/A,1,Open
TKT-14520,06/07/2025,CUST-727,Sophia Anderson,South,email,billing,Medium,Emma ,59.4,2,Pending 
TKT-14521,18/08/2025,CUST-967,Anna Smith,East,Email,billing,Medium,David,28.4,5,Resolved
TKT-14522,10/07/2025,CUST-938,Olivia Moore,East,Chat,Delivery,Medium,Mary,100.0,2,Open
TKT-14523,18/01/2025,CUST-877,James Taylor,South,Chat,Delivery ,Medium,,Pending,1,Pending
TKT-14524,16/12/2025,CUST-518,John Miller,East,Email,billing,Low,OLIVIA,51.2,0,Pending
TKT-14525,28/03/2025,CUST-126,Olivia Moore,East,email,Billing,Low,Sarah,62.8,2,Pending
TKT-14526,02/03/2025,CUST-714,Anna Smith,South,Phone ,Account,Medium,Mary,90.1,4,Resolved
TKT-14527,20/01/2025,CUST-588,Anna Smith,South,Email,Technical,High,Sarah,1.6,5,Resolved
TKT-14528,22/02/2025,CUST-543,Michael Wilson,East,Phone,Account,Medium,DAVID,46.3,2,Resolved
TKT-14529,11/05/2025,CUST-321,James Taylor,North,CHAT,Billing,Medium,James,67.3,4,resolved
TKT-14530,07/02/2025,CUST-139,Sophia Anderson,South,Chat,Account,Medium,James,31.9,3,Resolved
TKT-14531,01/02/2025,CUST-167,Michael Wilson,East,Phone,Delivery,Low,OLIVIA,19.5,3,Resolved
TKT-14532,22/01/2025,CUST-964,John Miller,North,Chat,Delivery,Low,John ,53.2,5,Resolved
TKT-14533,09/12/2025,CUST-817,Olivia Moore,South,Email,Technical,Low,James,62.7,1,Resolved
TKT-14534,25/11/2025,CUST-333,David Brown,South,Phone,Billing,High,EMMA,23.8,5,Pending 
TKT-14535,14/09/2025,CUST-644,Sarah Khan,North,Phone,Delivery,Medium,Emma,94.6,5,resolved
TKT-14536,18/06/2025,CUST-996,Olivia Moore,West,Email,Billing,Medium,David,Unknown,4,resolved
TKT-14537,13/03/2025,CUST-183,John Miller,East,Chat,Billing,Low,Olivia,9.4,2,Open
TKT-14538,10/11/2025,CUST-216,Daniel Thomas,West,Phone,Technical,High,Mary,57.1,4,Escalated
TKT-14539,26/08/2026,CUST-512,James Taylor,West,Phone ,Billing,Low,Michael,99.8,5,Resolved
TKT-14540,10/02/2025,CUST-908,Daniel Thomas,East,Chat,billing,Low,Sarah,56.8,5,OPEN
TKT-14541,21/05/2025,CUST-406,Michael Wilson,East,Phone ,TECHNICAL,High,James,14.3,4,Pending
TKT-14542,23/11/2025,CUST-276,James Taylor,South,Email,Billing,Low,Emma,55.8,4,Pending
TKT-14543,26/08/2025,CUST-699,Daniel Thomas,North,Phone,Technical,Medium,MICHAEL,65.4,2,Pending
TKT-14544,01/08/2025,CUST-473,David Brown,West,Chat,Account,Medium,Emma,72.4,3,Resolved
TKT-14545,07/08/2025,CUST-557,Emma Davis,North,Email,Billing,High,James,43.4,5,Resolved
TKT-14546,27/07/2025,CUST-715,Anna Smith,West,Phone,Technical,Low,Olivia,Pending,5,resolved
TKT-14547,19/12/2025,CUST-925,Michael Wilson,South,Email,Billing,Medium,Sarah,64.0,5,Escalated
TKT-14548,04/05/2025,CUST-860,Michael Wilson,West,Email,Delivery,Low,Emma,16.2,1,Pending
TKT-14549,22/06/2025,CUST-111,Michael Wilson,East,Chat,Delivery,High,EMMA,96.7,2,Escalated
TKT-14550,21/05/2025,CUST-626,David Brown, East,Phone,Billing,Medium,Sarah ,1.7,4,Pending
TKT-14551,18/07/2025,CUST-996,David Brown,South,email,Delivery,Medium,John,9.6,2,Open
TKT-14552,09/08/2025,CUST-946,Daniel Thomas,South,CHAT,Delivery,Medium,Olivia,9.7,5,Open
TKT-14553,25/04/2025,CUST-609,John Miller,East,CHAT,Account,High,Mary,77.6,4,Open
TKT-14554,04/07/2025,CUST-114,Sophia Anderson,East,Phone,Delivery ,Medium,Olivia,Pending,2,Pending
TKT-14555,23/10/2025,CUST-817,John Miller,West,Chat,Delivery,High,David,11.0,3,Resolved
TKT-14556,14/05/2025,CUST-855,Sarah Khan,East,CHAT,Billing,High,Sarah,77.5,,Open
TKT-14557,14/12/2025,CUST-271,David Brown,South,Phone,Billing,Medium,,67.5,5,Open
TKT-14558,10/11/2025,CUST-468,Sophia Anderson,South,Phone,Account,Medium,Michael,44.3,3,Pending
TKT-14559,06/02/2025,CUST-410,James Taylor,East,Email,Delivery,Medium,Emma,79.7,5,Resolved
TKT-14560,03/06/2025,CUST-382,David Brown,East,email,Billing,Medium,Mary,7.9,5,resolved
TKT-14561,13/10/2025,CUST-643,James Taylor,North,Phone,Technical,Medium,,20.7,4,Escalated
TKT-14562,03/12/2025,CUST-418,Emma Davis,West,Email,Technical,Medium,Mary,Unknown,1,Pending
TKT-14563,13/03/2025,CUST-192,Sarah Khan,North,CHAT,Account,Medium,Olivia,75.5,2,Resolved
TKT-14564,07/03/2025,CUST-174,Anna Smith,North,Phone,Billing,Medium,Olivia,37.8,2,resolved
TKT-14565,20/03/2025,CUST-630,Sophia Anderson,East,Phone,Billing,Medium,David,96.4,,Resolved
TKT-14566,06/08/2025,CUST-838,Daniel Thomas,South,Phone,Billing,Medium,Michael,62.1,4,Pending
TKT-14567,26/11/2025,CUST-939,Daniel Thomas,East,Chat,Delivery,High,JAMES,46.7,2,Pending
TKT-14568,17/10/2025,CUST-895,Olivia Moore,West,CHAT,Billing,High,,74.0,4,Resolved
TKT-14569,01/01/2025,CUST-528,Sophia Anderson,West,Email,Account,Medium,JOHN,71.6,1,OPEN
TKT-14570,03/05/2025,CUST-320,John Miller,South,email,Refund,Medium,Michael,34.4,1,Pending 
TKT-14571,08/02/2025,CUST-753,Emma Davis,West,Chat,Account,Medium,James,31.2,5,Pending
TKT-14572,05/04/2025,CUST-158,Emma Davis,South,Phone,Technical,Low,James,50.5,2,Resolved
TKT-14573,17/04/2025,CUST-387,Anna Smith,East,email,Billing,Medium,Emma,29.4,3,Escalated
TKT-14574,20/05/2025,CUST-155,John Miller,East,Chat,TECHNICAL,High,,21.4,2,OPEN
TKT-14575,06/08/2025,CUST-316,Anna Smith,East,Email,Billing,Medium,Olivia,75.6,1,Escalated
TKT-14576,28/04/2026,CUST-109,Sarah Khan,North,Chat,Billing,Medium,Michael,98.1,1,Resolved
TKT-14577,21/01/2025,CUST-785,Olivia Moore,South,Chat,billing,High,James,17.1,4,Resolved
TKT-14578,28/08/2025,CUST-642,Michael Wilson,West,email,Billing,Medium,Michael,93.4,2,Resolved
TKT-14579,19/08/2025,CUST-881,Emma Davis,South,Chat,Delivery,High,Mary,67.0,5,Escalated
TKT-14580,15/02/2025,CUST-400,Olivia Moore,West ,Phone,Refund,High,David,5.0,3,Open
TKT-14581,22/08/2025,CUST-570,Michael Wilson,West,email,Technical,Medium,EMMA,98.3,1,Resolved
TKT-14582,13/01/2025,CUST-515,Daniel Thomas,East,Email,billing,Low,Michael ,9.3,2,Open
TKT-14583,20/04/2025,CUST-560,Michael Wilson,Sth,Chat,Refund,Medium,Mary,67.0,,Open
TKT-14584,28/02/2025,CUST-323,Sophia Anderson,West ,email,Account,Medium,Michael,73.9,3,Open
TKT-14585,26/06/2025,CUST-380,Emma Davis,South,Chat,Account,Medium,Olivia,N/A,4,Resolved
TKT-14586,12/11/2025,CUST-950,Emma Davis,West,Email,Account,Medium,David,95.8,2,Resolved
TKT-14587,22/05/2025,CUST-850,Sarah Khan,East,Phone,Delivery,Medium,SARAH,61.9,6,Pending 
TKT-14588,08/05/2025,CUST-696,Michael Wilson,West,Chat,Billing,Medium,JAMES,43.6,2,Pending
TKT-14589,16/11/2025,CUST-617,Sarah Khan,East,Email,Account,Medium,JOHN,69.1,2,Open
TKT-14590,23/06/2025,CUST-391,Michael Wilson,West,Chat,Account,Medium,James,Unknown,4,Open
TKT-14591,17/05/2025,CUST-180,James Taylor,West,Chat,Technical,Medium,Olivia,68.8,1,OPEN
TKT-14592,17/06/2025,CUST-853,James Taylor,East,CHAT,Delivery,Low,Sarah,96.9,5,Resolved
TKT-14593,07/05/2025,CUST-846,John Miller,North,Email,Delivery,Medium,James,27.5,5,OPEN
TKT-14594,06/06/2025,CUST-974,Sarah Khan,South,Phone ,Technical,Medium,Emma,88.9,5,Resolved
TKT-14595,06/05/2025,CUST-936,James Taylor,East,Phone,Refund,Medium,James,85.9,2,OPEN
TKT-14596,08/01/2025,CUST-218,Sarah Khan,Noth,Email,Technical,High,James,9.7,,Resolved
TKT-14597,20/11/2025,CUST-322,Daniel Thomas,West,Email,Technical,Medium,James,1.7,5,Pending
TKT-14598,10/12/2025,CUST-372,Sarah Khan,South,Phone,Account,Medium,OLIVIA,65.2,1,Open
TKT-14599,04/04/2025,CUST-628,James Taylor,South,Email,Technical,Low,James,Pending,2,Resolved
TKT-14600,13/07/2025,CUST-834,James Taylor, East,Chat,TECHNICAL,High,MARY,Pending,2,Resolved
TKT-14601,24/07/2025,CUST-110,David Brown,North,Phone,Technical,Medium,Michael,46.4,4,Pending
TKT-14602,09/04/2025,CUST-896,Anna Smith,West,Email,Technical,Low,MICHAEL,16.7,1,Resolved
TKT-14603,20/09/2025,CUST-937,Sophia Anderson,Sth,CHAT,Delivery,Medium,Mary,18.8,4,Pending
TKT-14604,15/08/2025,CUST-411,John Miller,East,Phone,Delivery ,High,Olivia,54.9,1,Pending
TKT-14605,11/01/2025,CUST-904,James Taylor,West,Phone,billing,Low,Mary,2.6,5,Open
TKT-14606,16/11/2025,CUST-192,Olivia Moore,West,Email,Billing,Medium,Michael,57.1,,Open
TKT-14607,02/02/2025,CUST-564,John Miller,East,Chat,Billing,Low,John,15.8,5,Resolved
TKT-14608,08/12/2025,CUST-321,Emma Davis,South,Phone,Delivery,Medium,MICHAEL,9.2,4,Pending
TKT-14609,07/10/2025,CUST-677,Olivia Moore,South,Email,Billing,Medium,Sarah,28.8,1,Resolved
TKT-14610,03/10/2025,CUST-431,Sarah Khan,South,Phone,Account,Low,David,16.9,4,Pending
TKT-14611,01/01/2025,CUST-137,Olivia Moore,South,Phone ,Technical,Low,Olivia ,78.3,4,Pending
TKT-14612,24/12/2025,CUST-906,Daniel Thomas,East,Email,Technical,High,James,N/A,,Resolved
TKT-14613,03/10/2025,CUST-807,David Brown,South,email,Technical,Medium,James,19.1,5,Open
TKT-14614,20/01/2025,CUST-264,Daniel Thomas,East,Chat,Billing,Low,Olivia,46.0,3,Open
TKT-14615,15/05/2025,CUST-841,Sarah Khan,Noth,Email,Technical,Low,James ,59.0,0,Pending
TKT-14616,12/02/2025,CUST-551,James Taylor,West,Phone,TECHNICAL,Low,Michael,49.0,1,Resolved
TKT-14617,01/10/2025,CUST-998,Anna Smith,West,Email,billing,Low,Mary,84.2,4,resolved
TKT-14618,12/12/2025,CUST-891,Sarah Khan,North,Email,Technical,Medium,Michael,81.0,4,Resolved
TKT-14619,20/01/2025,CUST-269,James Taylor,South,Chat,TECHNICAL,High,Olivia,N/A,1,Open
TKT-14620,09/07/2025,CUST-678,Sophia Anderson,West,Phone,Refund,Low,Olivia,Pending,5,Open
TKT-14621,27/07/2025,CUST-345,David Brown,North,Phone,Delivery,Low,Michael,64.2,4,Resolved
TKT-14622,14/06/2025,CUST-571,John Miller,West,Chat,Account,High,Sarah,3.9,1,Pending
TKT-14623,13/05/2025,CUST-392,David Brown,West ,Email,Refund,Medium,Sarah ,Unknown,1,Escalated
TKT-14624,06/03/2025,CUST-971,Olivia Moore,Sth,Email,Billing,Medium,James,89.3,5,Open
TKT-14625,11/06/2025,CUST-562,David Brown,South,Chat,Account,Medium,Olivia,80.0,5,Resolved
TKT-14626,14/12/2025,CUST-378,Anna Smith,Noth,Chat,Technical,Low,Sarah,2.5,4,Open
TKT-14627,03/03/2025,CUST-477,David Brown,North,Phone,Billing,Medium,James ,93.7,2,Resolved
TKT-14628,04/05/2025,CUST-658,Michael Wilson,East,Phone ,Account,Medium,David,18.3,2,Resolved
TKT-14629,24/09/2025,CUST-224,Sophia Anderson,East,Chat,Refund,Medium,,20.6,3,Escalated
TKT-14630,04/06/2025,CUST-947,James Taylor,North,Chat,Billing,Medium,David,62.9,4,Open
TKT-14631,22/06/2024,CUST-648,John Miller,South,Chat,Billing,Low,David,56.9,4,Escalated
TKT-14632,08/02/2025,CUST-264,Sophia Anderson,West,Chat,Account,High,OLIVIA,27.8,5,Open
TKT-14633,22/02/2025,CUST-983,James Taylor,North,Phone,Delivery,Low,Sarah,69.5,2,Open
TKT-14634,14/03/2025,CUST-533,Sophia Anderson,Sth,Chat,Account,Medium,Olivia,34.0,2,Open
TKT-14635,08/07/2025,CUST-439,James Taylor,West,email,Technical,Low,Mary,97.0,1,Resolved
TKT-14636,11/07/2025,CUST-585,Anna Smith,East,CHAT,Account,Low,Emma,86.5,2,Pending
TKT-14637,05/11/2025,CUST-124,Emma Davis,West,Email,Account,Low,Emma,28.2,,Open
TKT-14638,25/04/2025,CUST-673,Sophia Anderson,South,Email,Delivery,Low,David,90.6,4,Escalated
TKT-14639,14/09/2025,CUST-804,Daniel Thomas,East,email,Account,Medium,John,31.3,4,Pending
TKT-14640,21/11/2025,CUST-534,Emma Davis,West,Phone ,Account,Medium,James ,43.6,2,Escalated
TKT-14641,25/10/2025,CUST-142,Sophia Anderson,East,Chat,Technical,Low,Olivia,84.1,5,Open
TKT-14642,05/03/2025,CUST-289,Daniel Thomas,West,Email,Account,Low,Mary,80.9,1,Resolved
TKT-14643,17/10/2025,CUST-721,John Miller,East,Email,Billing,Low,James ,46.5,5,Pending
TKT-14644,19/04/2025,CUST-178,Anna Smith,East,Email,Account,High,John,30.7,5,Resolved
TKT-14645,11/12/2025,CUST-761,Olivia Moore, East,Phone,Delivery,Medium,David,72.5,,Resolved
TKT-14646,15/09/2025,CUST-602,Sarah Khan,West,Chat,Refund,High,James,35.3,2,OPEN
TKT-14647,25/03/2025,CUST-648,Olivia Moore,South,Phone,Delivery,Low,Emma,Unknown,1,Pending
TKT-14648,11/06/2025,CUST-671,David Brown,West,Email,Delivery,High,Mary,10.5,5,Escalated
TKT-14649,19/03/2025,CUST-231,Emma Davis,South,Phone,Account,Medium,Emma,75.4,2,Resolved
TKT-14650,17/12/2025,CUST-548,John Miller,East,email,Delivery,Low,Olivia,56.1,3,Pending
TKT-14651,04/03/2025,CUST-491,James Taylor,South,Phone,Account,Medium,Michael,25.3,,Open
TKT-14652,06/02/2025,CUST-103,Daniel Thomas,Sth,Phone,Refund,Medium,Michael,22.2,3,Pending 
TKT-14653,07/02/2025,CUST-100,David Brown,East,Phone ,Account,Medium,John,24.6,2,Resolved
TKT-14654,05/04/2025,CUST-240,Anna Smith,East,CHAT,Technical,High,MARY,5.2,5,Pending
TKT-14655,26/12/2025,CUST-329,Michael Wilson,North,Chat,billing,High,Mary,73.1,2,Resolved
TKT-14656,26/09/2025,CUST-153,Michael Wilson,South,Email,Account,Medium,David,93.9,,Pending 
TKT-14657,21/03/2025,CUST-278,Michael Wilson,East,Phone,Technical,Low,John,30.4,2,Open
TKT-14658,26/03/2025,CUST-652,Sarah Khan,West,Chat,Refund,Low,James,46.5,4,Open
TKT-14659,06/10/2025,CUST-502,Emma Davis,South,Email,Billing,High,Sarah,20.0,2,Open
TKT-14660,05/10/2025,CUST-790,Olivia Moore,East,email,Account,Medium,Sarah,42.1,3,Open
TKT-14661,01/04/2025,CUST-962,Daniel Thomas,West,Phone,Delivery ,Low,MARY,66.1,4,Escalated
TKT-14662,13/11/2025,CUST-991,James Taylor,South,Phone ,Technical,Medium,Sarah,43.4,3,Pending
TKT-14663,03/05/2025,CUST-366,Sarah Khan,West,Phone,TECHNICAL,Low,Michael,48.6,5,resolved
TKT-14664,28/11/2025,CUST-622,John Miller,North,Email,Delivery ,Low,Michael ,65.7,4,Resolved
TKT-14665,09/06/2025,CUST-857,Sarah Khan,West,Chat,Refund,High,Mary,2.9,2,Pending
TKT-14666,24/04/2025,CUST-260,Sophia Anderson,West ,Phone,Account,Low,,54.3,2,Open
TKT-14667,25/03/2025,CUST-961,Daniel Thomas,West,Phone,billing,Low,John,93.8,4,Resolved
TKT-14668,17/10/2025,CUST-163,Anna Smith,South,Chat,Billing,Low,Mary,Unknown,1,Pending
TKT-14669,23/10/2025,CUST-439,Sarah Khan,North,Phone,Billing,Medium,Sarah ,Unknown,4,Open
TKT-14670,28/05/2025,CUST-234,Anna Smith,West,Chat,Account,High,John,29.1,2,Pending
TKT-14671,20/01/2025,CUST-240,Emma Davis,North,Email,billing,Medium,Emma,67.2,6,Escalated
TKT-14672,26/01/2025,CUST-284,John Miller,West,email,TECHNICAL,Low,Mary,95.4,3,Pending
TKT-14673,16/12/2025,CUST-520,Emma Davis,North,Email,Billing,High,John,60.0,2,Open
TKT-14674,15/03/2025,CUST-859,Emma Davis,Noth,Email,Delivery,Low,JAMES,56.3,1,Pending
TKT-14675,23/07/2025,CUST-393,Daniel Thomas,South,Phone,Refund,High,Emma,20.5,3,Resolved
TKT-14676,10/04/2025,CUST-834,John Miller,North,Email,Technical,Low,Mary ,20.7,2,Pending
TKT-14677,08/03/2025,CUST-697,Sophia Anderson,South,Email,Delivery,Medium,Emma ,20.2,3,Open
TKT-14678,02/09/2025,CUST-806,Anna Smith,South,Email,billing,Low,James ,65.2,4,Resolved
TKT-14679,15/09/2025,CUST-127,Sophia Anderson,East,Email,Delivery,High,DAVID,Pending,3,Resolved
TKT-14680,24/06/2025,CUST-960,James Taylor,West,Phone,Technical,Medium,Emma,27.3,4,Resolved
TKT-14681,24/02/2025,CUST-291,Michael Wilson,East,Email,billing,Low,DAVID,34.6,4,Pending
TKT-14682,10/10/2025,CUST-912,Sarah Khan,South,email,Refund,Low,John,Pending,5,Pending
TKT-14683,25/02/2025,CUST-928,David Brown,West ,Phone ,Billing,Medium,Emma,87.1,3,Resolved
TKT-14684,08/01/2025,CUST-595,James Taylor,East,Chat,TECHNICAL,Low,JAMES,98.5,5,Open
TKT-14685,01/05/2025,CUST-274,John Miller,Sth,Email,TECHNICAL,Low,David,30.1,5,Open
TKT-14686,15/05/2025,CUST-774,Daniel Thomas,South,Phone,Billing,Medium,Sarah,33.9,4,Open
TKT-14687,14/04/2025,CUST-535,Sarah Khan,East,CHAT,Technical,High,Sarah ,51.2,5,Pending
TKT-14688,05/10/2025,CUST-421,Emma Davis,South,Chat,Billing,Medium,Olivia,12.9,,Resolved
TKT-14689,17/10/2025,CUST-517,John Miller,East,Email,Account,High,Mary ,43.8,4,Open
TKT-14690,27/07/2025,CUST-779,David Brown,East,Phone,TECHNICAL,Low,Sarah,14.6,5,Resolved
TKT-14691,28/07/2025,CUST-128,Sophia Anderson,South,Phone,Delivery ,Medium,John,45.9,1,Open
TKT-14692,12/10/2025,CUST-707,John Miller,East,Phone ,TECHNICAL,Medium,Olivia,91.2,2,Resolved
TKT-14693,11/02/2025,CUST-852,Olivia Moore,South,Email,Account,Low,Sarah,89.6,5,Pending
TKT-14694,17/01/2025,CUST-853,Michael Wilson,South,Email,Billing,Medium,Mary,92.8,5,Pending
TKT-14695,09/05/2025,CUST-993,Michael Wilson,Sth,Phone,Technical,Medium,Sarah,74.1,3,Pending
TKT-14696,18/10/2025,CUST-283,Daniel Thomas,West,CHAT,Billing,Medium,OLIVIA,95.8,1,Open
TKT-14697,28/01/2025,CUST-810,Michael Wilson,East,Phone ,Delivery,Medium,DAVID,54.6,1,Resolved
TKT-14698,04/09/2025,CUST-350,Michael Wilson,West,CHAT,Account,Medium,James,26.0,4,Resolved
TKT-14699,20/07/2025,CUST-205,Emma Davis,Sth,Chat,Account,Medium,Emma ,Pending,,Pending
TKT-14700,20/02/2025,CUST-809,John Miller,South,Chat,Billing,Medium,Emma,90.7,3,Escalated
TKT-14701,11/10/2025,CUST-502,Olivia Moore,South,Email,Account,High,EMMA,76.3,4,Open
TKT-14702,12/05/2025,CUST-592,Sophia Anderson,North,CHAT,Billing,High,JAMES,89.6,4,Open
TKT-14703,19/08/2025,CUST-145,David Brown,East,Chat,Delivery,Medium,Mary,N/A,2,resolved
TKT-14704,09/08/2025,CUST-288,Anna Smith,West ,Email,Billing,Low,Olivia,83.2,1,Resolved
TKT-14705,23/11/2025,CUST-668,David Brown, East,Chat,Technical,Low,Emma,56.9,1,Resolved
TKT-14706,27/12/2025,CUST-694,Sarah Khan,West ,email,Delivery,High,David,84.5,1,Open
TKT-14707,26/04/2025,CUST-107,Olivia Moore,West ,Email,Refund,Medium,Olivia ,66.2,3,OPEN
TKT-14708,13/09/2025,CUST-457,Emma Davis,West,Chat,billing,Low,James,82.7,5,Resolved
TKT-14709,12/01/2025,CUST-901,Emma Davis,South,Email,Account,High,James,28.6,5,OPEN
TKT-14710,09/05/2025,CUST-945,John Miller,North,Email,Billing,Low,Michael,25.2,4,Pending
TKT-14711,19/11/2025,CUST-361,Sophia Anderson,West,Email,Refund,Low,David,13.9,1,resolved
TKT-14712,11/08/2025,CUST-338,David Brown,West,Phone,Delivery,Low,Michael,64.4,2,Resolved
TKT-14713,06/06/2025,CUST-337,Daniel Thomas,West ,Chat,Account,Medium,David ,92.7,4,resolved
TKT-14714,13/08/2025,CUST-438,Emma Davis,West,Chat,Technical,Medium,JAMES,2.0,1,Open
TKT-14715,26/08/2025,CUST-466,David Brown,South,Phone ,Billing,Medium,Emma,62.1,2,Resolved
TKT-14716,24/12/2025,CUST-426,James Taylor,Sth,Chat,Technical,Low,David ,43.2,4,Escalated
TKT-14717,19/05/2025,CUST-500,Emma Davis,South,email,Delivery,High,MICHAEL,57.5,2,Escalated
TKT-14718,19/07/2025,CUST-451,James Taylor,Sth,Chat,Billing,Low,James,76.4,4,Resolved
TKT-14719,26/01/2025,CUST-213,Sophia Anderson,East,Phone,Technical,Medium,Michael ,77.1,4,Escalated
TKT-14720,23/10/2025,CUST-278,John Miller,East,Email,Refund,High,James,30.6,1,Escalated
TKT-14721,07/05/2025,CUST-595,Sophia Anderson,North,Phone,Account,Medium,David,40.8,0,Resolved
TKT-14722,23/10/2025,CUST-235,John Miller,East,Email,Billing,Medium,Mary,4.6,,Pending
TKT-14723,25/01/2025,CUST-801,John Miller,North,Phone,Billing,Low,Emma,91.5,3,Pending
TKT-14724,03/08/2025,CUST-492,Sophia Anderson,South,email,Technical,High,Emma,95.0,3,OPEN
TKT-14725,26/02/2025,CUST-335,James Taylor,North,Phone,Billing,Medium,James,Pending,5,Open
TKT-14726,24/08/2025,CUST-611,James Taylor,East,Phone,Billing,High,Sarah,89.1,1,resolved
TKT-14727,06/11/2025,CUST-568,Anna Smith,South,Phone,Technical,High,Olivia,Unknown,3,Open
TKT-14728,08/03/2025,CUST-721,David Brown,North,CHAT,Billing,Medium,Emma,82.2,1,Resolved
TKT-14729,23/01/2025,CUST-742,Anna Smith,North,Chat,Billing,Medium,Sarah,82.9,3,OPEN
TKT-14730,02/11/2025,CUST-204,David Brown,North,email,Delivery,Medium,Olivia,87.0,1,Open
TKT-14731,21/05/2025,CUST-673,Daniel Thomas,East,Phone,Technical,Medium,,98.5,5,Open
TKT-14732,22/08/2025,CUST-670,Olivia Moore,East,Phone ,Billing,Low,Sarah,82.3,4,Resolved
TKT-14733,09/04/2025,CUST-133,Sophia Anderson,East,CHAT,Billing,High,Olivia,20.7,,Resolved
TKT-14734,25/11/2025,CUST-302,James Taylor,West,Chat,Account,Medium,Sarah ,72.9,3,Resolved
TKT-14735,25/01/2025,CUST-715,James Taylor,East,Email,Billing,High,James,48.3,1,Pending 
TKT-14736,20/08/2025,CUST-530,Sarah Khan,East,Phone,Billing,Medium,Emma,72.8,5,resolved
TKT-14737,14/11/2025,CUST-329,Emma Davis,West,Phone ,Account,Medium,Emma ,84.8,2,Open
TKT-14738,23/02/2025,CUST-191,Daniel Thomas,Sth,Email,Delivery,Medium,Emma,7.5,2,Resolved
TKT-14739,25/05/2025,CUST-621,David Brown,North,Chat,Account,Medium,Emma,28.8,5,Resolved
TKT-14740,25/06/2025,CUST-440,Sarah Khan,South,CHAT,Delivery,Medium,James,73.9,3,Pending
TKT-14741,10/02/2025,CUST-555,John Miller,North,Phone,billing,High,Emma,10.8,2,Open
TKT-14742,02/09/2025,CUST-607,John Miller,West ,CHAT,Billing,Medium,DAVID,28.2,4,Open
TKT-14743,24/06/2025,CUST-786,Olivia Moore,Sth,Email,TECHNICAL,High,David,2.0,2,Pending
TKT-14744,20/12/2025,CUST-324,Sarah Khan,West,Phone,Delivery,Low,David,72.2,3,Resolved
TKT-14745,21/01/2025,CUST-410,Anna Smith,South,Phone,billing,High,Olivia ,73.3,3,Resolved
TKT-14746,17/01/2025,CUST-973,Emma Davis,West,CHAT,TECHNICAL,Medium,Michael,62.3,5,Resolved
TKT-14747,20/10/2025,CUST-197,David Brown,East,Chat,Billing,Low,Emma,54.1,4,Escalated
TKT-14748,23/03/2025,CUST-846,David Brown,West ,Phone,Delivery ,Low,Emma,61.4,,Pending
TKT-14749,02/01/2025,CUST-188,James Taylor,East,CHAT,Account,High,David,83.4,2,Open
TKT-14750,16/08/2025,CUST-693,Anna Smith,North,Phone,Delivery,Medium,James,5.3,3,Open
TKT-14751,17/12/2025,CUST-626,Emma Davis, East,Email,Billing,Medium,Mary,58.2,3,Open
TKT-14752,19/08/2025,CUST-205,Sarah Khan,North,email,Account,Low,Sarah,N/A,5,Resolved
TKT-14753,19/02/2025,CUST-239,Anna Smith,North,email,Billing,Medium,,24.2,3,Resolved
TKT-14754,17/09/2025,CUST-657,Sarah Khan,North,Phone,Billing,Low,John,11.2,2,Pending
TKT-14755,14/12/2025,CUST-832,Sophia Anderson,West,Chat,Billing,Low,Michael,66.1,5,Escalated
TKT-14756,01/08/2025,CUST-728,James Taylor,West,Phone,Delivery,High,Olivia,34.2,1,Open
TKT-14757,01/12/2025,CUST-349,Olivia Moore,East,Chat,Account,Medium,John,59.5,5,Escalated
TKT-14758,24/08/2025,CUST-132,Sophia Anderson,West,Chat,Delivery,Low,Mary,12.5,3,resolved
TKT-14759,18/06/2025,CUST-356,Sarah Khan,West ,Email,Billing,Low,Olivia,20.2,1,Pending
TKT-14760,01/08/2025,CUST-721,John Miller, East,Email,Account,Low,Emma,67.3,4,Resolved
TKT-14761,14/12/2025,CUST-637,Emma Davis,East,Chat,Delivery,Medium,Mary ,24.9,2,Resolved
TKT-14762,25/03/2025,CUST-334,Olivia Moore,North,Chat,Billing,Low,James,Pending,1,Pending
TKT-14763,11/12/2025,CUST-128,Anna Smith,East,Email,Billing,Low,James,52.4,1,Open
TKT-14764,19/09/2025,CUST-733,Sophia Anderson,West,Email,Technical,Low,Olivia,8.2,5,Escalated
TKT-14765,22/09/2025,CUST-451,Olivia Moore,West,Phone ,Technical,High,Olivia,83.6,7,Resolved
TKT-14766,26/03/2025,CUST-775,Olivia Moore,East,Chat,Technical,Medium,MICHAEL,96.8,5,Pending
TKT-14767,11/09/2025,CUST-335,Olivia Moore,West,Phone,Delivery,Medium,Michael,100.0,5,Open
TKT-14768,09/10/2025,CUST-664,Anna Smith, East,Chat,Account,Medium,Mary,26.2,4,Escalated
TKT-14769,26/11/2025,CUST-122,Emma Davis,North,Email,Billing,Medium,John,73.3,1,Open
TKT-14770,05/04/2025,CUST-230,Sophia Anderson, East,Phone ,Account,Medium,Mary,1.6,2,Pending
TKT-14771,26/11/2025,CUST-325,Sophia Anderson,East,Email,Billing,Low,OLIVIA,5.2,2,Escalated
TKT-14772,12/07/2025,CUST-758,Daniel Thomas,South,CHAT,Delivery,High,DAVID,93.5,2,Open
TKT-14773,18/07/2025,CUST-874,Michael Wilson,East,email,Billing,Medium,Michael,99.6,,Resolved
TKT-14774,24/10/2025,CUST-469,Emma Davis,West,email,Billing,Low,Mary,24.4,3,Open
TKT-14775,10/12/2024,CUST-315,David Brown,East,Phone,Technical,High,Sarah,Unknown,1,Pending
TKT-14776,22/01/2025,CUST-355,Emma Davis,West,Email,billing,High,Sarah,71.5,3,Pending
TKT-14777,02/08/2025,CUST-731,Daniel Thomas,North,CHAT,Account,Medium,David,28.2,1,Open
TKT-14778,10/09/2025,CUST-302,Emma Davis,West ,Email,Technical,Low,Emma,59.1,1,Escalated
TKT-14779,22/08/2025,CUST-703,David Brown,Noth,Phone,Billing,High,John,40.1,4,Resolved
TKT-14780,02/05/2025,CUST-729,Daniel Thomas,West,email,Account,Medium,SARAH,7.3,1,Resolved
TKT-14781,01/08/2025,CUST-909,Michael Wilson,Sth,Email,Delivery,Medium,Olivia,7.1,5,resolved
TKT-14782,08/02/2025,CUST-749,Emma Davis,Sth,email,Billing,Low,Michael,31.7,1,Resolved
TKT-14783,21/01/2025,CUST-107,Olivia Moore,East,Email,Billing,Low,Emma ,59.8,2,Resolved
TKT-14784,15/03/2025,CUST-714,Anna Smith,East,Chat,Account,Medium,,98.0,3,Resolved
TKT-14785,06/12/2025,CUST-230,James Taylor,South,Chat,Billing,Medium,Olivia,2.0,0,Resolved
TKT-14786,10/01/2025,CUST-905,Emma Davis,South,Chat,Account,High,Emma,16.6,4,resolved
TKT-14787,04/06/2025,CUST-967,Olivia Moore,Noth,CHAT,TECHNICAL,Medium,Emma,73.7,4,Open
TKT-14788,25/03/2025,CUST-956,Sarah Khan,North,Email,Technical,Low,Sarah,5.7,4,Resolved
TKT-14789,18/07/2025,CUST-336,James Taylor,West,Email,Billing,Medium,Olivia,6.1,2,Resolved
TKT-14790,23/07/2025,CUST-217,Emma Davis, East,Phone,Technical,Low,Mary,64.8,2,Open
TKT-14791,02/11/2025,CUST-410,Sophia Anderson,Sth,Phone,Delivery ,Low,Mary,8.9,3,Pending
TKT-14792,26/10/2025,CUST-324,Sophia Anderson,South,Email,Technical,High,OLIVIA,Pending,2,Resolved
TKT-14793,27/10/2025,CUST-627,Emma Davis,Noth,Chat,billing,High,Michael ,47.1,3,Pending
TKT-14794,07/05/2025,CUST-623,Sophia Anderson,East,Chat,Billing,High,John ,11.3,3,Resolved
TKT-14795,09/04/2025,CUST-355,David Brown,North,CHAT,Delivery,Low,Olivia,N/A,,Open
TKT-14796,05/05/2025,CUST-672,Sophia Anderson,South,email,Delivery,Medium,John,38.5,4,Pending
TKT-14797,22/07/2025,CUST-408,David Brown,North,Chat,billing,Low,Emma,49.5,4,Escalated
TKT-14798,12/05/2025,CUST-711,Olivia Moore,South,Phone ,Technical,Low,Sarah,46.5,5,Open
TKT-14799,14/03/2025,CUST-366,Daniel Thomas,North,Email,Delivery,Medium,Sarah,75.0,2,Pending
TKT-14800,23/07/2025,CUST-376,Michael Wilson,South,Phone,Account,High,John,98.0,4,Resolved
TKT-14801,02/04/2025,CUST-152,Anna Smith,West,Chat,Technical,Medium,Olivia,73.8,5,Resolved
TKT-14802,09/07/2025,CUST-503,Sophia Anderson,North,Phone,Delivery ,Medium,Sarah,11.8,4,Resolved
TKT-14803,22/01/2025,CUST-124,David Brown,North,Email,Billing,Medium,James ,Unknown,5,Resolved
TKT-14804,26/05/2025,CUST-524,Daniel Thomas,South,Email,Delivery ,High,Sarah,80.4,4,Pending
TKT-14805,09/03/2025,CUST-225,Emma Davis,North,Phone,Billing,High,Sarah,96.6,3,Resolved
TKT-14806,17/07/2025,CUST-379,Michael Wilson,West,Phone,Delivery ,Medium,John,63.6,4,resolved
TKT-14807,17/11/2025,CUST-118,Michael Wilson,South,email,Delivery ,Medium,Emma,2.3,4,Resolved
TKT-14808,23/05/2025,CUST-744,Daniel Thomas,West,Chat,Refund,High,JOHN,27.4,2,Resolved
TKT-14809,05/05/2025,CUST-858,John Miller,North,Email,Account,Medium,Olivia,3.1,4,Escalated
TKT-14810,12/02/2025,CUST-622,Olivia Moore,North,Phone,Delivery,Low,Michael,40.7,1,Resolved
TKT-14811,13/02/2025,CUST-268,John Miller,East,Phone,Account,High,JOHN,64.9,1,Pending
TKT-14812,27/07/2025,CUST-715,Anna Smith, East,Email,Account,Low,Mary ,Pending,4,Open
TKT-14813,27/11/2025,CUST-351,Olivia Moore,East,email,Account,Low,Emma,97.0,,resolved
TKT-14814,09/04/2025,CUST-736,James Taylor,West,Phone,Billing,Medium,Mary,34.6,4,Open
TKT-14815,02/04/2025,CUST-220,Anna Smith,North,Phone ,Billing,Low,JAMES,35.1,5,Pending
TKT-14816,20/12/2025,CUST-418,Daniel Thomas,Noth,Email,Billing,Low,David,70.0,2,Pending
TKT-14817,17/11/2025,CUST-901,David Brown,North,Email,Account,Medium,Sarah,68.4,2,Resolved
TKT-14818,20/12/2025,CUST-943,John Miller,North,Email,Delivery,Low,Mary,41.1,1,Escalated
TKT-14819,09/11/2025,CUST-359,Michael Wilson,West,email,Account,Low,DAVID,35.9,4,Resolved
TKT-14820,19/03/2025,CUST-474,David Brown,South,Phone,Technical,Low,,29.9,2,Pending
TKT-14821,20/04/2025,CUST-731,James Taylor,East,Phone,Refund,Low,Sarah,Unknown,3,Pending
TKT-14822,03/01/2025,CUST-732,Olivia Moore,Sth,CHAT,Account,Medium,James,82.1,2,Open
TKT-14823,28/07/2025,CUST-734,Michael Wilson,West,Chat,Delivery,Medium,James,79.3,3,Open
TKT-14824,19/04/2025,CUST-594,James Taylor,Noth,Phone,Technical,Medium,OLIVIA,Unknown,4,resolved
TKT-14825,08/04/2025,CUST-203,Daniel Thomas,West,Email,Delivery,High,Michael,75.5,,Open
TKT-14826,01/01/2025,CUST-426,Sophia Anderson,South,Email,Account,High,James,Unknown,4,Resolved
TKT-14827,19/03/2025,CUST-777,Anna Smith,North,Phone,Delivery,Medium,Sarah,28.3,5,Open
TKT-14828,18/01/2026,CUST-308,Anna Smith,East,Chat,Billing,Medium,John ,Pending,3,Resolved
TKT-14829,04/03/2025,CUST-622,Daniel Thomas,West,Email,Account,Medium,SARAH,82.6,3,Escalated
TKT-14830,01/02/2025,CUST-264,David Brown,North,Phone,Delivery,High,JOHN,99.2,3,Escalated
TKT-14831,06/03/2025,CUST-482,Daniel Thomas,North,Email,Technical,Low,David,58.1,5,Resolved
TKT-14832,11/07/2025,CUST-217,Anna Smith,North,Email,Technical,Low,Emma,48.9,5,Open
TKT-14833,07/03/2025,CUST-159,Emma Davis,North,Chat,Technical,Medium,Emma,40.4,2,Pending 
TKT-14834,12/12/2025,CUST-307,Olivia Moore,East,Email,Billing,Medium,Mary,21.3,2,Open
TKT-14835,19/01/2025,CUST-389,Daniel Thomas,West,Phone,Refund,Low,Olivia,63.5,5,Open
TKT-14836,21/03/2025,CUST-279,Daniel Thomas,North,email,Account,Low,Emma,5.1,3,Resolved
TKT-14837,05/12/2025,CUST-492,Michael Wilson,South,Email,Billing,High,David ,1.2,3,Escalated
TKT-14838,13/05/2025,CUST-870,David Brown,West,Email,Account,Medium,EMMA,61.6,2,Pending 
TKT-14839,05/09/2025,CUST-634,Olivia Moore,South,Chat,Delivery,Medium,David,17.2,2,Resolved
TKT-14840,07/02/2025,CUST-273,Olivia Moore,East,Phone,Account,High,Emma,54.2,1,OPEN
TKT-14841,12/05/2025,CUST-451,Sophia Anderson,South,CHAT,Technical,Medium,Mary,39.7,4,Resolved
TKT-14842,23/12/2025,CUST-642,John Miller,North,Phone,Billing,Low,MARY,59.8,5,Pending 
TKT-14843,24/06/2025,CUST-153,Michael Wilson,South,Phone,Delivery,Low,OLIVIA,1.1,5,Open
TKT-14844,27/10/2025,CUST-110,Anna Smith,North,Phone,TECHNICAL,Low,Olivia,92.8,4,Pending
TKT-14845,19/08/2025,CUST-990,John Miller,South,Email,Delivery ,Low,John ,58.4,4,Resolved
TKT-14846,19/04/2025,CUST-606,David Brown,South,Email,Billing,Low,Emma,Unknown,1,Escalated
TKT-14847,02/04/2025,CUST-271,Anna Smith,East,Email,Delivery,High,David,47.5,2,Pending
TKT-14848,22/10/2025,CUST-850,Anna Smith,West,Phone,Account,High,Emma,64.0,4,Open
TKT-14849,08/10/2025,CUST-500,Emma Davis,North,Phone ,Billing,Low,John,Pending,2,Resolved
TKT-14850,08/01/2026,CUST-113,Sarah Khan,West,Chat,Delivery,Medium,Michael,6.9,3,Pending
TKT-14851,25/04/2025,CUST-835,Michael Wilson,South,Chat,Billing,Low,David,57.1,5,Open
TKT-14852,23/07/2025,CUST-992,David Brown,North,Phone ,Technical,Medium,MICHAEL,77.4,4,Open
TKT-14853,15/09/2025,CUST-981,David Brown,South,Phone ,Account,Medium,John,N/A,1,Pending
TKT-14854,13/07/2025,CUST-224,Sarah Khan,West,Chat,Account,Medium,Mary,22.4,2,Resolved
TKT-14855,10/10/2025,CUST-497,John Miller,North,Phone,Technical,Low,James,35.7,3,Open
TKT-14856,17/01/2025,CUST-507,Emma Davis,East,Phone,Technical,Medium,David,45.7,2,Resolved
TKT-14857,06/11/2025,CUST-206,Sarah Khan,East,CHAT,billing,High,Michael,Unknown,3,resolved
TKT-14858,13/04/2025,CUST-470,Anna Smith,South,Email,Technical,High,Michael,62.4,2,Pending 
TKT-14859,06/11/2025,CUST-733,Daniel Thomas,North,Phone,Refund,Medium,James,8.8,3,Pending
TKT-14860,23/02/2025,CUST-904,James Taylor,East,Phone,Account,Medium,David,Pending,2,Resolved
TKT-14861,02/10/2025,CUST-806,Michael Wilson,West,email,Account,Low,Olivia,41.1,3,Open
TKT-14862,01/10/2025,CUST-689,Sophia Anderson,West,CHAT,Delivery,Low,Mary,13.1,2,Open
TKT-14863,03/02/2025,CUST-927,Olivia Moore,South,Email,Technical,Medium,Mary,11.8,5,Open
TKT-14864,13/08/2025,CUST-402,Emma Davis,East,CHAT,Delivery,Medium,,10.6,7,Open
TKT-14865,17/11/2024,CUST-230,James Taylor,East,CHAT,Delivery,Medium,JAMES,41.7,3,Open
TKT-14866,16/04/2025,CUST-284,Michael Wilson,West,Chat,Technical,Low,John,1.2,1,Open
TKT-14867,04/01/2025,CUST-456,Anna Smith,East,email,Delivery,Medium,,8.8,1,Resolved
TKT-14868,15/02/2025,CUST-852,Olivia Moore,South,CHAT,Delivery ,Medium,MICHAEL,12.0,7,Escalated
TKT-14869,17/05/2025,CUST-467,James Taylor,East,Chat,Account,High,David,97.7,5,Escalated
TKT-14870,16/12/2025,CUST-565,John Miller,North,Email,Delivery,Low,Michael,31.1,4,Open
TKT-14871,25/05/2025,CUST-643,Daniel Thomas,South,Chat,Technical,High,OLIVIA,29.8,4,Pending
TKT-14872,27/12/2025,CUST-211,Anna Smith, East,Phone,Technical,High,James,19.7,3,Resolved
TKT-14873,08/01/2025,CUST-629,John Miller,West,Phone,Delivery,Low,Mary,30.6,2,Escalated
TKT-14874,06/05/2025,CUST-706,Sarah Khan,South,email,Billing,Medium,Emma,96.4,5,Pending
TKT-14875,27/02/2025,CUST-999,Michael Wilson,North,Email,Account,Medium,David ,Unknown,,Resolved
TKT-14876,09/10/2025,CUST-347,Sarah Khan,North,Email,Technical,Low,Michael,64.3,1,Open
TKT-14877,09/10/2025,CUST-926,Anna Smith,East,Phone,Delivery,Low,Sarah,13.7,,Resolved
TKT-14878,03/09/2025,CUST-134,David Brown,East,Email,Refund,Low,Olivia,Pending,,Escalated
TKT-14879,19/03/2025,CUST-277,John Miller,South,Email,Account,Medium,James,N/A,1,Pending
TKT-14880,09/12/2025,CUST-346,Sarah Khan,West,Phone ,Delivery,Medium,Mary,97.2,1,Open
TKT-14881,15/03/2025,CUST-611,Olivia Moore,East,Email,Technical,High,Sarah,7.3,3,Pending
TKT-14882,25/10/2025,CUST-845,David Brown,Sth,Email,Delivery,Low,OLIVIA,70.5,5,Resolved
TKT-14883,09/02/2025,CUST-380,Anna Smith,North,Chat,Delivery ,Medium,Mary,92.5,4,Open
TKT-14884,26/12/2025,CUST-480,Sarah Khan,North,Chat,Refund,High,Sarah,7.9,2,Resolved
TKT-14885,07/01/2025,CUST-188,Emma Davis,West,Chat,Technical,Medium,Mary,81.4,2,resolved
TKT-14886,05/02/2025,CUST-337,Daniel Thomas,South,Email,Technical,Low,Emma,87.8,1,Open
TKT-14887,05/08/2025,CUST-412,Michael Wilson,West,email,Billing,Medium,Michael,Unknown,,OPEN
TKT-14888,17/05/2025,CUST-364,Olivia Moore,West,Email,Refund,Low,David,17.7,,Pending
TKT-14889,26/11/2025,CUST-537,Michael Wilson,East,Email,Account,Low,DAVID,28.6,5,Pending 
TKT-14890,01/08/2025,CUST-817,Michael Wilson,South,CHAT,Technical,High,James ,81.7,2,Resolved
TKT-14891,20/07/2025,CUST-726,James Taylor,West,Email,Billing,High,Mary,12.1,1,Open
TKT-14892,02/04/2025,CUST-602,Sophia Anderson,South,Phone,Delivery,Low,Sarah,18.8,3,Resolved
TKT-14893,06/03/2025,CUST-138,Anna Smith,North,Email,Technical,Low,David,85.4,3,Pending
TKT-14894,19/08/2025,CUST-922,Olivia Moore,North,Phone,Account,Low,Olivia,16.6,2,Resolved
TKT-14895,22/09/2025,CUST-865,James Taylor,North,Phone,Technical,Medium,John,66.1,4,Resolved
TKT-14896,14/10/2025,CUST-169,David Brown,East,Phone,Account,Medium,JAMES,9.1,,Resolved
TKT-14897,14/07/2025,CUST-505,John Miller,South,Phone,Technical,Low,Emma,53.5,1,Resolved
TKT-14898,25/03/2025,CUST-103,Sophia Anderson,South,CHAT,Delivery ,High,Michael,2.3,2,Resolved
TKT-14899,23/11/2025,CUST-336,John Miller,Noth,Phone ,Account,Low,,81.9,5,Open
TKT-14900,22/02/2024,CUST-472,Sophia Anderson,South,CHAT,Technical,Low,Emma,98.6,1,Resolved
TKT-14901,06/09/2025,CUST-431,Anna Smith,North,Chat,Billing,High,Sarah,95.7,4,Pending
TKT-14902,16/02/2025,CUST-423,Daniel Thomas,West,email,Delivery,High,James,66.5,5,Open
TKT-14903,26/09/2025,CUST-745,John Miller,West,Email,Refund,Low,James,24.2,4,Open
TKT-14904,07/06/2026,CUST-174,Olivia Moore,South,Email,Delivery,Low,,Unknown,2,OPEN
TKT-14905,17/11/2025,CUST-174,David Brown,North,Phone,Account,Medium,John,54.1,4,Open
TKT-14906,16/03/2025,CUST-420,David Brown,East,Chat,Account,Medium,James,92.0,0,resolved
TKT-14907,13/11/2025,CUST-852,Daniel Thomas,North,email,Billing,High,David,87.0,4,Escalated
TKT-14908,02/09/2025,CUST-231,Sophia Anderson,North,email,Technical,Medium,Sarah,5.4,1,Escalated
TKT-14909,17/04/2025,CUST-935,Emma Davis,West,Email,Account,Low,Sarah,35.2,3,resolved
TKT-14910,20/01/2025,CUST-985,Daniel Thomas,South,Phone,Account,Medium,Mary,39.7,5,Open
TKT-14911,11/05/2025,CUST-886,James Taylor,East,Phone,TECHNICAL,High,SARAH,57.3,4,Resolved
TKT-14912,10/10/2025,CUST-956,Sophia Anderson,West,Phone ,Refund,High,James ,3.6,4,Pending
TKT-14913,27/10/2025,CUST-813,Anna Smith,West,Phone,Refund,High,David,Unknown,2,Pending
TKT-14914,25/01/2025,CUST-295,Anna Smith,North,Chat,Account,Low,DAVID,49.3,2,Resolved
TKT-14915,02/05/2025,CUST-455,Sophia Anderson,South,email,Technical,Medium,Emma,91.3,1,Resolved
TKT-14916,23/03/2025,CUST-635,David Brown,East,CHAT,Account,Medium,Emma,46.1,4,Escalated
TKT-14917,05/04/2025,CUST-495,Sarah Khan,West,email,Delivery,High,Sarah,75.5,2,Open
TKT-14918,06/04/2025,CUST-149,Sophia Anderson,West,Chat,Delivery,Medium,Sarah,51.8,1,Resolved
TKT-14919,25/03/2025,CUST-875,Anna Smith,West,Phone,Account,Low,Michael,20.0,3,Open
TKT-14920,09/08/2025,CUST-446,Michael Wilson,North,Email,Account,Low,John,52.8,4,Resolved
TKT-14921,25/06/2025,CUST-601,Sophia Anderson,West,Email,Billing,High,David,4.6,4,Pending 
TKT-14922,11/10/2025,CUST-303,David Brown,West,Email,billing,Medium,Emma,88.7,4,Escalated
TKT-14923,01/04/2025,CUST-850,James Taylor,West,Email,Billing,Low,Mary,59.6,4,Escalated
TKT-14924,18/10/2025,CUST-548,David Brown,South,Chat,Billing,Medium,David,53.5,3,Pending
TKT-14925,24/02/2025,CUST-959,Anna Smith,Noth,Phone,Delivery,Medium,James,28.5,4,Open
TKT-14926,06/04/2025,CUST-166,Michael Wilson,North,CHAT,Billing,Medium,James,15.0,5,Escalated
TKT-14927,11/11/2025,CUST-946,Sarah Khan,North,Phone ,Billing,Low,James ,Pending,3,Pending
TKT-14928,20/12/2025,CUST-334,John Miller,West,Phone,Technical,Low,Sarah,69.6,5,Resolved
TKT-14929,20/08/2025,CUST-121,Emma Davis,Sth,Phone,Delivery,Low,Sarah,48.3,4,Open
TKT-14930,06/12/2025,CUST-502,Michael Wilson,East,Email,Refund,Low,John,98.5,5,Open
TKT-14931,24/11/2025,CUST-356,Emma Davis,East,CHAT,Delivery ,High,John,55.7,4,Pending
TKT-14932,19/05/2025,CUST-863,Daniel Thomas,South,Phone,Technical,Medium,John,91.6,5,resolved
TKT-14933,26/11/2025,CUST-125,John Miller,South,Chat,Delivery,Low,John,51.0,4,resolved
TKT-14934,04/01/2024,CUST-765,Anna Smith,West,Chat,Delivery,Medium,Olivia ,32.7,1,Pending
TKT-14935,13/05/2025,CUST-492,Olivia Moore,South,Phone ,Technical,Low,James,97.9,1,Pending
TKT-14936,19/11/2025,CUST-689,Sophia Anderson,West,Email,Technical,Medium,James,57.9,1,Resolved
TKT-14937,14/06/2025,CUST-770,Emma Davis,South,Chat,Technical,Medium,Sarah,71.4,1,Escalated
TKT-14938,08/12/2025,CUST-722,Daniel Thomas,East,Chat,Account,High,JAMES,97.5,3,Open
TKT-14939,24/09/2025,CUST-547,James Taylor,North,Email,Billing,Medium,James,36.5,4,Resolved
TKT-14940,24/01/2025,CUST-477,Anna Smith,West,Chat,Account,Low,James,69.8,4,Open
TKT-14941,21/10/2026,CUST-787,Sophia Anderson,East,CHAT,Technical,Medium,MICHAEL,58.8,3,resolved
TKT-14942,23/07/2025,CUST-860,Emma Davis,East,Chat,Delivery,Low,David,52.5,3,Pending
TKT-14943,07/08/2025,CUST-954,Sophia Anderson,West,Phone ,Account,Medium,Olivia ,65.4,1,Escalated
TKT-14944,17/09/2025,CUST-750,David Brown,West,Phone,Technical,Medium,Mary,Pending,2,Pending
TKT-14945,07/11/2025,CUST-104,Michael Wilson,South,Email,Account,Low,John,30.3,4,Pending
TKT-14946,06/05/2025,CUST-261,Olivia Moore,South,email,Delivery,High,Olivia,5.1,3,Pending
TKT-14947,06/02/2025,CUST-435,Anna Smith,West,Email,Billing,Medium,Sarah ,49.8,,Pending
TKT-14948,09/04/2025,CUST-828,Michael Wilson,North,Phone,Billing,Medium,Sarah,17.2,2,Pending
TKT-14949,07/08/2025,CUST-528,Anna Smith,North,Phone,TECHNICAL,Low,James,77.9,3,Escalated
TKT-14950,07/08/2025,CUST-838,Olivia Moore,Noth,Chat,Refund,Low,John,44.9,2,Resolved
TKT-14951,15/07/2025,CUST-363,Emma Davis,West,email,Billing,High,Olivia,72.9,5,Open
TKT-14952,05/09/2025,CUST-593,Olivia Moore,East,Email,Billing,High,David,93.9,3,Resolved
TKT-14953,20/03/2024,CUST-795,Sarah Khan,West,Email,Delivery,Medium,James,47.5,4,Escalated
TKT-14954,03/04/2025,CUST-540,James Taylor,South,Phone ,Billing,Low,Emma,89.3,,Resolved
TKT-14955,03/03/2025,CUST-749,James Taylor,North,Phone,Technical,High,David,87.9,4,Escalated
TKT-14956,04/05/2025,CUST-121,Anna Smith,South,Chat,Billing,Medium,Mary,45.8,2,OPEN
TKT-14957,24/02/2025,CUST-758,James Taylor,North,Phone ,Delivery,Medium,Michael ,75.0,5,Pending
TKT-14958,28/11/2025,CUST-695,Daniel Thomas,West,email,Delivery ,Low,Olivia,19.5,5,Pending
TKT-14959,28/04/2025,CUST-810,Anna Smith,West,Email,Billing,Medium,David,16.5,2,Pending
TKT-14960,14/09/2025,CUST-181,Emma Davis,South,Email,Delivery,Medium,Mary ,Pending,4,Resolved
TKT-14961,12/08/2025,CUST-286,Sophia Anderson,North,Email,TECHNICAL,High,Emma,65.7,4,OPEN
TKT-14962,13/02/2025,CUST-887,Sophia Anderson,South,Chat,Billing,Low,OLIVIA,N/A,1,Pending
TKT-14963,21/02/2025,CUST-225,Daniel Thomas,North,Phone ,Technical,Low,John,1.9,5,Open
TKT-14964,20/12/2026,CUST-865,James Taylor,South,Chat,Delivery,Low,Emma,84.5,5,Pending 
TKT-14965,08/05/2025,CUST-923,Olivia Moore,North,Phone,Delivery,Medium,John,16.0,3,Pending
TKT-14966,08/06/2025,CUST-106,Michael Wilson,East,Phone ,Billing,Low,Sarah,60.9,4,Resolved
TKT-14967,15/06/2025,CUST-459,Emma Davis,West,Email,Delivery ,Medium,Sarah,21.0,5,Open
TKT-14968,15/11/2025,CUST-116,Sophia Anderson,West,Email,TECHNICAL,Medium,Emma,97.7,1,Open
TKT-14969,07/11/2025,CUST-952,Emma Davis,North,Chat,Delivery,High,Olivia,56.9,5,Pending 
TKT-14970,07/05/2025,CUST-971,Emma Davis,North,Email,Billing,Medium,James,35.3,4,Resolved
TKT-14971,06/11/2025,CUST-971,Emma Davis,East,Phone,Account,Medium,JAMES,16.0,2,Open
TKT-14972,17/11/2025,CUST-401,Daniel Thomas,East,Phone,Delivery,Medium,Sarah ,39.1,4,Resolved
TKT-14973,07/06/2025,CUST-607,James Taylor,Noth,email,Refund,Medium,David ,93.0,5,Pending
TKT-14974,07/12/2025,CUST-557,Olivia Moore,South,Phone,Billing,Low,,15.1,6,resolved
TKT-14975,16/06/2025,CUST-576,Michael Wilson,South,Phone,Delivery ,Low,,N/A,1,Pending
TKT-14976,02/08/2025,CUST-721,Olivia Moore,South,Email,Delivery,Low,David,45.3,5,Resolved
TKT-14977,26/11/2025,CUST-922,David Brown,South,Chat,Billing,Medium,Michael,68.2,1,Open
TKT-14978,19/09/2025,CUST-695,Emma Davis,East,Email,Technical,High,Emma,22.7,5,Escalated
TKT-14979,21/04/2025,CUST-689,Sarah Khan,Noth,Email,Account,High,JAMES,63.4,1,Escalated
TKT-14980,26/05/2025,CUST-309,Michael Wilson,West ,Phone,Delivery,High,David,Unknown,1,Open
TKT-14981,20/09/2025,CUST-638,Daniel Thomas,North,Phone,Delivery ,Medium,Emma,90.3,2,Pending
TKT-14982,17/01/2025,CUST-235,Emma Davis,South,email,Delivery,Medium,Michael,93.9,3,Resolved
TKT-14983,22/03/2025,CUST-448,Sarah Khan,West,Chat,Delivery,Low,John,82.0,3,Pending 
TKT-14984,18/10/2025,CUST-475,John Miller,South,Phone ,Technical,Low,Mary,15.1,5,Open
TKT-14985,23/04/2025,CUST-599,Sophia Anderson,East,Chat,Billing,Medium,James,46.8,,Open
TKT-14986,09/07/2025,CUST-558,Olivia Moore,North,Email,Technical,Medium,Sarah,16.6,5,resolved
TKT-14987,05/06/2025,CUST-564,Sophia Anderson,North,email,Account,Low,Sarah,73.3,5,Open
TKT-14988,27/10/2025,CUST-300,Emma Davis,West,CHAT,Delivery,High,Emma,89.9,3,Resolved
TKT-14989,14/01/2025,CUST-218,Sarah Khan,South,Chat,Billing,Low,David,9.4,2,Open
TKT-14990,11/08/2025,CUST-965,Olivia Moore,East,Phone ,Billing,Medium,MARY,97.8,5,Resolved
TKT-14991,13/07/2025,CUST-643,David Brown,West,CHAT,Delivery,High,MICHAEL,48.0,2,Resolved
TKT-14992,17/12/2025,CUST-986,James Taylor,East,Email,Billing,Medium,DAVID,61.0,5,Open
TKT-14993,21/11/2025,CUST-719,Anna Smith,West,Chat,Technical,Medium,James,Pending,2,Open
TKT-14994,20/09/2025,CUST-528,Olivia Moore,South,CHAT,TECHNICAL,High,John,79.8,1,Pending 
TKT-14995,21/12/2025,CUST-505,Michael Wilson,East,Chat,Delivery,Low,JOHN,87.4,2,Escalated
TKT-14996,13/02/2025,CUST-197,Sarah Khan,North,Phone,Refund,Low,Mary,89.4,1,Resolved
TKT-14997,25/07/2025,CUST-869,Michael Wilson,West,Phone,Account,Medium,Michael ,87.4,4,Open
TKT-14998,01/11/2025,CUST-946,Sophia Anderson,West,Phone,Billing,Medium,MARY,97.1,5,Resolved
TKT-14999,03/04/2025,CUST-619,Emma Davis,East,Phone ,Account,Medium,Emma,N/A,4,Resolved
TKT-15000,07/09/2025,CUST-173,Emma Davis,South,email,Technical,Medium,Sarah,25.0,1,Escalated
